Timestamp,S0_V,S0_PPM,S1_V,S1_PPM,S2_V,S2_PPM
2026-04-14 00:00:00,0.31,153.34,0.33,319.96,0.31,150
2026-04-14 00:01:00,0.31,164.98,0.32,306.04,0.31,150
2026-04-14 00:02:00,0.31,174.71,0.33,363.88,0.31,150
2026-04-14 00:03:00,0.31,164.28,0.33,384.8,0.31,150
2026-04-14 00:04:00,0.32,202.17,0.33,320.76,0.31,150
2026-04-14 00:05:00,0.32,244.44,0.33,417.16,0.31,150
2026-04-14 00:06:00,0.32,237.39,0.33,385.12,0.31,150
2026-04-14 00:07:00,0.32,204.3,0.33,345.74,0.31,150
2026-04-14 00:08:00,0.32,218.53,0.33,350.57,0.31,154.0
2026-04-14 00:09:00,0.32,246.95,0.33,404.11,0.31,150
2026-04-14 00:10:00,0.32,256.39,0.33,408.01,0.31,150
2026-04-14 00:11:00,0.32,194.01,0.33,367.37,0.31,166.0
2026-04-14 00:12:00,0.32,230.91,0.33,388.07,0.31,150
2026-04-14 00:13:00,0.32,223.45,0.33,377.56,0.31,170.66
2026-04-14 00:14:00,0.32,225.6,0.33,411.43,0.31,150
2026-04-14 00:15:00,0.32,268.05,0.33,404.12,0.31,150
2026-04-14 00:16:00,0.32,269.03,0.34,454.12,0.31,162.2
2026-04-14 00:17:00,0.32,271.25,0.33,427.29,0.31,150
2026-04-14 00:18:00,0.33,315.0,0.33,401.07,0.31,150
2026-04-14 00:19:00,0.33,314.32,0.34,435.21,0.31,150
2026-04-14 00:20:00,0.32,283.9,0.34,434.38,0.31,150
2026-04-14 00:21:00,0.33,320.51,0.34,469.73,0.31,150
2026-04-14 00:22:00,0.33,333.48,0.33,428.73,0.32,189.47
2026-04-14 00:23:00,0.32,254.58,0.34,444.09,0.32,205.48
2026-04-14 00:24:00,0.32,263.83,0.34,466.84,0.31,152.94
2026-04-14 00:25:00,0.33,316.62,0.34,448.14,0.31,150
2026-04-14 00:26:00,0.32,308.47,0.33,419.47,0.32,191.88
2026-04-14 00:27:00,0.33,343.05,0.33,416.98,0.32,200.43
2026-04-14 00:28:00,0.32,269.46,0.34,471.98,0.32,217.18
2026-04-14 00:29:00,0.32,284.69,0.34,450.28,0.32,189.03
2026-04-14 00:30:00,0.33,336.17,0.33,433.27,0.31,180.01
2026-04-14 00:31:00,0.32,298.89,0.34,461.03,0.31,177.93
2026-04-14 00:32:00,0.33,364.32,0.34,509.76,0.31,159.8
2026-04-14 00:33:00,0.33,366.84,0.34,527.69,0.31,177.13
2026-04-14 00:34:00,0.32,303.44,0.34,436.64,0.32,259.97
2026-04-14 00:35:00,0.33,362.14,0.34,477.74,0.32,268.6
2026-04-14 00:36:00,0.33,362.4,0.34,464.58,0.32,231.0
2026-04-14 00:37:00,0.33,369.11,0.34,495.73,0.32,259.17
2026-04-14 00:38:00,0.33,390.27,0.34,460.08,0.32,245.93
2026-04-14 00:39:00,0.33,310.85,0.34,482.15,0.32,244.25
2026-04-14 00:40:00,0.33,363.05,0.34,549.36,0.32,255.07
2026-04-14 00:41:00,0.33,346.19,0.34,492.05,0.32,263.29
2026-04-14 00:42:00,0.33,354.49,0.35,570.6,0.32,211.52
2026-04-14 00:43:00,0.33,407.94,0.35,561.04,0.32,212.01
2026-04-14 00:44:00,0.33,395.16,0.35,571.56,0.32,203.04
2026-04-14 00:45:00,0.33,358.49,0.35,571.45,0.32,213.73
2026-04-14 00:46:00,0.33,379.73,0.34,535.74,0.32,230.92
2026-04-14 00:47:00,0.33,360.7,0.35,573.11,0.32,224.72
2026-04-14 00:48:00,0.33,363.43,0.34,555.77,0.32,243.94
2026-04-14 00:49:00,0.33,398.53,0.34,490.33,0.32,305.4
2026-04-14 00:50:00,0.33,403.76,0.35,558.14,0.32,234.27
2026-04-14 00:51:00,0.34,435.92,0.35,589.25,0.32,252.65
2026-04-14 00:52:00,0.33,359.46,0.35,595.26,0.32,293.48
2026-04-14 00:53:00,0.34,444.87,0.35,609.79,0.33,326.9
2026-04-14 00:54:00,0.33,427.79,0.35,600.24,0.33,329.01
2026-04-14 00:55:00,0.33,394.41,0.34,529.54,0.33,333.01
2026-04-14 00:56:00,0.34,445.94,0.34,547.6,0.32,273.15
2026-04-14 00:57:00,0.33,384.93,0.35,605.13,0.32,283.78
2026-04-14 00:58:00,0.33,417.31,0.35,587.46,0.32,271.09
2026-04-14 00:59:00,0.33,403.34,0.35,564.01,0.32,299.24
2026-04-14 01:00:00,0.33,417.65,0.35,586.31,0.33,319.89
2026-04-14 01:01:00,0.34,454.86,0.35,620.98,0.33,339.51
2026-04-14 01:02:00,0.34,461.35,0.34,545.68,0.32,305.69
2026-04-14 01:03:00,0.34,477.29,0.35,578.93,0.33,313.95
2026-04-14 01:04:00,0.33,427.11,0.35,584.21,0.33,350.94
2026-04-14 01:05:00,0.34,469.77,0.35,603.95,0.32,306.46
2026-04-14 01:06:00,0.34,463.68,0.35,605.95,0.32,307.43
2026-04-14 01:07:00,0.34,500.28,0.35,582.92,0.33,337.83
2026-04-14 01:08:00,0.34,449.79,0.35,645.4,0.33,318.67
2026-04-14 01:09:00,0.33,416.52,0.35,611.09,0.32,309.24
2026-04-14 01:10:00,0.34,483.96,0.35,636.13,0.33,326.53
2026-04-14 01:11:00,0.33,428.87,0.35,657.8,0.33,344.39
2026-04-14 01:12:00,0.34,521.1,0.35,585.33,0.33,392.1
2026-04-14 01:13:00,0.34,513.37,0.36,685.84,0.33,409.91
2026-04-14 01:14:00,0.34,504.74,0.35,642.42,0.33,376.18
2026-04-14 01:15:00,0.34,521.86,0.35,617.07,0.33,382.58
2026-04-14 01:16:00,0.34,501.61,0.35,625.44,0.33,349.34
2026-04-14 01:17:00,0.34,477.96,0.35,614.03,0.33,395.75
2026-04-14 01:18:00,0.34,462.84,0.35,655.75,0.33,353.02
2026-04-14 01:19:00,0.34,546.46,0.35,678.4,0.33,417.89
2026-04-14 01:20:00,0.34,459.83,0.36,683.49,0.34,440.57
2026-04-14 01:21:00,0.34,538.47,0.35,676.21,0.33,363.6
2026-04-14 01:22:00,0.34,470.76,0.36,683.48,0.33,364.22
2026-04-14 01:23:00,0.34,485.0,0.35,627.91,0.33,407.9
2026-04-14 01:24:00,0.34,533.44,0.35,665.41,0.33,389.06
2026-04-14 01:25:00,0.34,508.62,0.35,673.77,0.34,446.82
2026-04-14 01:26:00,0.34,488.63,0.35,678.48,0.33,405.62
2026-04-14 01:27:00,0.35,568.85,0.36,716.86,0.33,393.88
2026-04-14 01:28:00,0.34,499.62,0.36,701.37,0.33,394.79
2026-04-14 01:29:00,0.35,576.03,0.36,699.86,0.33,390.7
2026-04-14 01:30:00,0.35,601.7,0.35,644.3,0.34,445.27
2026-04-14 01:31:00,0.34,551.13,0.35,665.99,0.34,449.06
2026-04-14 01:32:00,0.35,578.33,0.36,725.22,0.34,481.15
2026-04-14 01:33:00,0.34,551.11,0.36,697.16,0.33,425.83
2026-04-14 01:34:00,0.35,603.68,0.36,753.13,0.34,480.2
2026-04-14 01:35:00,0.35,566.5,0.36,771.0,0.34,477.13
2026-04-14 01:36:00,0.35,572.3,0.36,745.0,0.34,485.32
2026-04-14 01:37:00,0.34,541.58,0.36,709.9,0.34,467.73
2026-04-14 01:38:00,0.34,531.83,0.36,706.95,0.34,486.87
2026-04-14 01:39:00,0.35,620.19,0.36,717.02,0.34,502.93
2026-04-14 01:40:00,0.35,603.54,0.36,764.41,0.34,486.12
2026-04-14 01:41:00,0.35,621.87,0.36,705.83,0.34,456.08
2026-04-14 01:42:00,0.35,595.41,0.36,739.87,0.34,463.22
2026-04-14 01:43:00,0.35,581.26,0.36,706.98,0.34,438.04
2026-04-14 01:44:00,0.35,631.27,0.36,718.92,0.34,506.63
2026-04-14 01:45:00,0.35,619.45,0.36,713.41,0.34,456.56
2026-04-14 01:46:00,0.34,557.71,0.36,740.39,0.34,504.52
2026-04-14 01:47:00,0.35,582.35,0.36,773.62,0.34,509.02
2026-04-14 01:48:00,0.35,613.43,0.36,717.8,0.34,504.35
2026-04-14 01:49:00,0.35,619.94,0.36,776.9,0.34,462.02
2026-04-14 01:50:00,0.35,609.3,0.36,751.1,0.34,522.39
2026-04-14 01:51:00,0.35,609.7,0.36,777.2,0.34,546.76
2026-04-14 01:52:00,0.35,625.39,0.36,799.33,0.35,563.98
2026-04-14 01:53:00,0.35,604.9,0.36,758.9,0.34,471.82
2026-04-14 01:54:00,0.35,628.74,0.36,774.65,0.34,539.77
2026-04-14 01:55:00,0.35,646.52,0.37,844.05,0.34,544.23
2026-04-14 01:56:00,0.36,697.58,0.36,803.72,0.35,574.26
2026-04-14 01:57:00,0.35,618.51,0.36,777.65,0.34,545.87
2026-04-14 01:58:00,0.35,617.1,0.37,833.39,0.34,546.05
2026-04-14 01:59:00,0.35,620.65,0.36,794.71,0.34,514.87
2026-04-14 02:00:00,0.36,704.64,0.37,832.37,0.35,603.97
2026-04-14 02:01:00,0.35,650.92,0.37,834.82,0.35,565.17
2026-04-14 02:02:00,0.35,650.96,0.37,839.98,0.34,513.38
2026-04-14 02:03:00,0.35,658.52,0.37,868.29,0.35,574.8
2026-04-14 02:04:00,0.36,722.36,0.37,845.01,0.34,542.86
2026-04-14 02:05:00,0.36,729.44,0.37,835.12,0.35,590.12
2026-04-14 02:06:00,0.36,682.16,0.37,818.26,0.35,586.88
2026-04-14 02:07:00,0.35,669.61,0.37,887.85,0.35,592.6
2026-04-14 02:08:00,0.36,737.12,0.37,824.43,0.35,576.89
2026-04-14 02:09:00,0.35,662.04,0.37,905.48,0.34,542.69
2026-04-14 02:10:00,0.36,712.37,0.37,861.95,0.35,615.0
2026-04-14 02:11:00,0.36,693.99,0.37,849.07,0.35,597.68
2026-04-14 02:12:00,0.36,757.8,0.37,886.49,0.35,635.19
2026-04-14 02:13:00,0.36,749.39,0.37,841.38,0.35,648.62
2026-04-14 02:14:00,0.36,685.69,0.37,856.58,0.35,606.34
2026-04-14 02:15:00,0.36,706.15,0.37,886.52,0.35,579.61
2026-04-14 02:16:00,0.36,689.22,0.37,905.81,0.35,603.13
2026-04-14 02:17:00,0.36,768.4,0.37,894.99,0.35,604.44
2026-04-14 02:18:00,0.36,775.57,0.37,890.6,0.35,612.78
2026-04-14 02:19:00,0.36,736.44,0.37,860.07,0.35,666.85
2026-04-14 02:20:00,0.36,760.05,0.38,933.59,0.35,666.92
2026-04-14 02:21:00,0.36,727.25,0.38,930.11,0.35,588.89
2026-04-14 02:22:00,0.36,755.54,0.38,963.3,0.35,630.24
2026-04-14 02:23:00,0.36,760.32,0.37,910.55,0.35,680.1
2026-04-14 02:24:00,0.36,779.21,0.37,891.79,0.35,636.26
2026-04-14 02:25:00,0.36,794.59,0.37,862.68,0.35,662.97
2026-04-14 02:26:00,0.36,803.03,0.37,904.01,0.35,618.47
2026-04-14 02:27:00,0.36,790.72,0.38,950.46,0.35,639.1
2026-04-14 02:28:00,0.36,780.66,0.37,921.79,0.36,685.11
2026-04-14 02:29:00,0.36,760.82,0.37,902.64,0.35,668.29
2026-04-14 02:30:00,0.36,774.37,0.38,962.48,0.35,665.38
2026-04-14 02:31:00,0.37,816.02,0.38,935.12,0.36,707.51
2026-04-14 02:32:00,0.37,815.86,0.37,929.31,0.36,685.89
2026-04-14 02:33:00,0.37,821.27,0.38,983.29,0.36,717.88
2026-04-14 02:34:00,0.36,783.23,0.38,955.1,0.35,642.57
2026-04-14 02:35:00,0.37,822.53,0.37,906.66,0.36,730.67
2026-04-14 02:36:00,0.37,848.7,0.38,941.79,0.36,691.48
2026-04-14 02:37:00,0.37,842.6,0.37,917.36,0.35,664.16
2026-04-14 02:38:00,0.37,861.79,0.38,1018.86,0.36,734.57
2026-04-14 02:39:00,0.37,844.04,0.38,957.81,0.36,714.61
2026-04-14 02:40:00,0.37,834.87,0.38,1025.59,0.35,667.29
2026-04-14 02:41:00,0.37,852.7,0.38,1019.37,0.35,656.47
2026-04-14 02:42:00,0.37,878.94,0.38,964.95,0.36,746.89
2026-04-14 02:43:00,0.37,828.19,0.38,1010.66,0.36,701.39
2026-04-14 02:44:00,0.37,866.31,0.38,992.84,0.36,688.38
2026-04-14 02:45:00,0.36,799.35,0.38,982.1,0.36,684.65
2026-04-14 02:46:00,0.37,836.54,0.38,1044.49,0.36,735.34
2026-04-14 02:47:00,0.37,898.3,0.38,984.95,0.36,684.81
2026-04-14 02:48:00,0.37,857.65,0.38,1022.34,0.36,687.54
2026-04-14 02:49:00,0.37,838.89,0.38,1002.31,0.36,754.13
2026-04-14 02:50:00,0.37,825.07,0.38,1005.11,0.36,773.26
2026-04-14 02:51:00,0.37,887.87,0.38,967.11,0.36,706.81
2026-04-14 02:52:00,0.37,825.6,0.38,1032.99,0.36,725.31
2026-04-14 02:53:00,0.37,819.42,0.38,1032.73,0.36,755.88
2026-04-14 02:54:00,0.37,885.23,0.38,1014.94,0.36,721.04
2026-04-14 02:55:00,0.37,924.67,0.38,1026.95,0.36,727.16
2026-04-14 02:56:00,0.37,873.98,0.38,1039.18,0.36,731.12
2026-04-14 02:57:00,0.37,887.92,0.38,1002.24,0.36,776.17
2026-04-14 02:58:00,0.38,936.94,0.38,1038.48,0.36,734.51
2026-04-14 02:59:00,0.38,936.74,0.39,1077.67,0.36,752.68
2026-04-14 03:00:00,0.37,871.47,0.38,1040.21,0.36,737.47
2026-04-14 03:01:00,0.37,918.34,0.38,1015.11,0.36,750.48
2026-04-14 03:02:00,0.37,876.06,0.39,1068.78,0.36,800.71
2026-04-14 03:03:00,0.37,920.12,0.38,1018.39,0.36,804.65
2026-04-14 03:04:00,0.38,959.17,0.39,1119.39,0.36,783.04
2026-04-14 03:05:00,0.37,892.79,0.38,1046.82,0.37,824.51
2026-04-14 03:06:00,0.38,945.85,0.39,1106.37,0.37,859.03
2026-04-14 03:07:00,0.38,947.36,0.38,1034.38,0.37,850.48
2026-04-14 03:08:00,0.37,892.58,0.39,1068.51,0.36,757.75
2026-04-14 03:09:00,0.38,951.93,0.38,1045.88,0.36,771.25
2026-04-14 03:10:00,0.37,917.26,0.39,1070.28,0.37,837.78
2026-04-14 03:11:00,0.38,957.29,0.38,1034.36,0.37,826.03
2026-04-14 03:12:00,0.37,928.74,0.39,1100.48,0.36,802.47
2026-04-14 03:13:00,0.37,919.13,0.39,1076.49,0.37,833.59
2026-04-14 03:14:00,0.37,913.69,0.39,1110.83,0.36,802.19
2026-04-14 03:15:00,0.37,913.68,0.39,1082.94,0.37,850.58
2026-04-14 03:16:00,0.38,940.8,0.39,1118.97,0.37,881.19
2026-04-14 03:17:00,0.38,989.81,0.38,1052.58,0.37,892.93
2026-04-14 03:18:00,0.38,979.47,0.39,1118.73,0.36,792.19
2026-04-14 03:19:00,0.38,998.82,0.39,1161.0,0.37,823.38
2026-04-14 03:20:00,0.38,962.13,0.39,1133.1,0.37,836.04
2026-04-14 03:21:00,0.38,960.17,0.39,1121.37,0.37,852.61
2026-04-14 03:22:00,0.38,982.41,0.39,1175.12,0.37,847.28
2026-04-14 03:23:00,0.38,948.6,0.39,1168.89,0.37,841.13
2026-04-14 03:24:00,0.38,1000.79,0.39,1177.97,0.37,914.33
2026-04-14 03:25:00,0.38,1012.6,0.4,1187.85,0.37,845.58
2026-04-14 03:26:00,0.38,982.29,0.39,1121.69,0.37,870.03
2026-04-14 03:27:00,0.38,994.39,0.39,1172.73,0.37,910.11
2026-04-14 03:28:00,0.38,1031.06,0.39,1155.32,0.37,919.44
2026-04-14 03:29:00,0.38,1019.7,0.4,1188.69,0.37,885.48
2026-04-14 03:30:00,0.38,962.12,0.4,1192.62,0.37,913.8
2026-04-14 03:31:00,0.38,987.87,0.39,1155.39,0.37,901.11
2026-04-14 03:32:00,0.38,1001.16,0.39,1157.59,0.37,909.76
2026-04-14 03:33:00,0.38,1051.9,0.39,1122.36,0.37,891.52
2026-04-14 03:34:00,0.39,1054.72,0.4,1233.88,0.37,915.85
2026-04-14 03:35:00,0.38,1009.86,0.4,1222.51,0.37,922.56
2026-04-14 03:36:00,0.38,1034.54,0.4,1214.68,0.38,945.57
2026-04-14 03:37:00,0.39,1077.98,0.4,1203.08,0.37,920.19
2026-04-14 03:38:00,0.38,1029.61,0.39,1157.62,0.38,938.78
2026-04-14 03:39:00,0.38,1006.71,0.4,1220.78,0.38,947.52
2026-04-14 03:40:00,0.39,1104.45,0.39,1172.43,0.37,906.05
2026-04-14 03:41:00,0.38,1021.66,0.4,1248.49,0.37,914.62
2026-04-14 03:42:00,0.38,1052.34,0.4,1193.42,0.37,920.16
2026-04-14 03:43:00,0.39,1069.98,0.4,1199.32,0.38,952.8
2026-04-14 03:44:00,0.39,1068.57,0.4,1285.84,0.37,928.11
2026-04-14 03:45:00,0.39,1073.85,0.4,1273.73,0.37,927.38
2026-04-14 03:46:00,0.39,1084.83,0.4,1248.04,0.38,981.96
2026-04-14 03:47:00,0.39,1072.6,0.4,1219.7,0.38,939.13
2026-04-14 03:48:00,0.39,1129.18,0.4,1221.38,0.37,914.88
2026-04-14 03:49:00,0.39,1076.05,0.4,1280.08,0.37,919.64
2026-04-14 03:50:00,0.39,1142.42,0.4,1279.09,0.38,942.45
2026-04-14 03:51:00,0.39,1128.71,0.4,1255.27,0.37,927.26
2026-04-14 03:52:00,0.39,1063.81,0.4,1269.59,0.38,991.6
2026-04-14 03:53:00,0.39,1071.93,0.4,1203.3,0.38,1013.04
2026-04-14 03:54:00,0.39,1069.56,0.4,1284.89,0.38,977.08
2026-04-14 03:55:00,0.39,1069.53,0.4,1272.59,0.38,977.72
2026-04-14 03:56:00,0.39,1081.76,0.4,1242.5,0.38,999.2
2026-04-14 03:57:00,0.39,1143.42,0.4,1264.41,0.38,1053.75
2026-04-14 03:58:00,0.39,1068.77,0.4,1270.98,0.38,1025.31
2026-04-14 03:59:00,0.39,1162.07,0.4,1227.36,0.38,1042.09
2026-04-14 04:00:00,0.39,1150.11,0.4,1301.42,0.38,1048.39
2026-04-14 04:01:00,0.39,1149.84,0.4,1264.84,0.38,973.15
2026-04-14 04:02:00,0.39,1168.67,0.41,1340.52,0.38,997.66
2026-04-14 04:03:00,0.39,1122.71,0.41,1317.43,0.38,1019.34
2026-04-14 04:04:00,0.39,1122.65,0.41,1338.3,0.38,1029.64
2026-04-14 04:05:00,0.39,1168.68,0.41,1345.01,0.39,1063.39
2026-04-14 04:06:00,0.39,1122.34,0.41,1342.82,0.38,1020.1
2026-04-14 04:07:00,0.39,1161.93,0.41,1313.11,0.39,1057.13
2026-04-14 04:08:00,0.39,1113.4,0.41,1314.19,0.38,1037.41
2026-04-14 04:09:00,0.4,1229.85,0.41,1315.18,0.39,1074.05
2026-04-14 04:10:00,0.4,1223.71,0.41,1318.71,0.38,1014.48
2026-04-14 04:11:00,0.4,1188.59,0.41,1308.98,0.39,1068.65
2026-04-14 04:12:00,0.4,1231.12,0.41,1351.1,0.39,1065.2
2026-04-14 04:13:00,0.4,1195.12,0.4,1285.11,0.39,1071.21
2026-04-14 04:14:00,0.4,1189.82,0.41,1304.15,0.39,1115.59
2026-04-14 04:15:00,0.4,1225.55,0.41,1303.48,0.39,1078.11
2026-04-14 04:16:00,0.4,1204.26,0.41,1347.01,0.39,1068.56
2026-04-14 04:17:00,0.39,1150.35,0.41,1390.18,0.39,1111.9
2026-04-14 04:18:00,0.4,1232.43,0.41,1366.03,0.38,1041.02
2026-04-14 04:19:00,0.4,1223.08,0.41,1343.23,0.39,1113.21
2026-04-14 04:20:00,0.4,1224.08,0.41,1325.04,0.39,1129.25
2026-04-14 04:21:00,0.4,1242.75,0.41,1335.51,0.39,1124.65
2026-04-14 04:22:00,0.4,1234.97,0.41,1400.2,0.39,1122.0
2026-04-14 04:23:00,0.4,1257.63,0.41,1410.97,0.38,1050.38
2026-04-14 04:24:00,0.4,1180.26,0.41,1390.17,0.39,1145.54
2026-04-14 04:25:00,0.4,1279.62,0.41,1383.63,0.39,1074.66
2026-04-14 04:26:00,0.4,1230.39,0.41,1351.31,0.39,1094.52
2026-04-14 04:27:00,0.4,1266.19,0.42,1426.86,0.39,1152.89
2026-04-14 04:28:00,0.4,1179.09,0.41,1405.7,0.39,1153.9
2026-04-14 04:29:00,0.4,1256.79,0.41,1408.64,0.39,1164.56
2026-04-14 04:30:00,0.4,1279.72,0.41,1387.41,0.39,1071.41
2026-04-14 04:31:00,0.4,1249.93,0.41,1401.98,0.39,1149.24
2026-04-14 04:32:00,0.41,1302.58,0.41,1390.82,0.39,1139.42
2026-04-14 04:33:00,0.4,1251.36,0.41,1376.5,0.39,1106.77
2026-04-14 04:34:00,0.4,1272.59,0.42,1441.29,0.39,1116.5
2026-04-14 04:35:00,0.4,1253.57,0.42,1430.37,0.39,1149.72
2026-04-14 04:36:00,0.4,1218.23,0.42,1442.78,0.39,1140.88
2026-04-14 04:37:00,0.4,1226.53,0.42,1465.13,0.39,1159.53
2026-04-14 04:38:00,0.41,1317.13,0.42,1466.28,0.4,1195.31
2026-04-14 04:39:00,0.4,1269.78,0.41,1407.38,0.39,1124.1
2026-04-14 04:40:00,0.41,1315.38,0.42,1478.18,0.39,1136.98
2026-04-14 04:41:00,0.4,1300.48,0.42,1439.34,0.4,1213.6
2026-04-14 04:42:00,0.4,1285.76,0.41,1401.09,0.39,1147.05
2026-04-14 04:43:00,0.4,1295.12,0.42,1456.62,0.4,1185.66
2026-04-14 04:44:00,0.41,1340.19,0.42,1444.7,0.4,1211.35
2026-04-14 04:45:00,0.41,1330.36,0.42,1481.04,0.4,1200.91
2026-04-14 04:46:00,0.41,1339.37,0.42,1497.66,0.39,1151.5
2026-04-14 04:47:00,0.41,1361.7,0.42,1506.06,0.4,1220.92
2026-04-14 04:48:00,0.4,1290.24,0.42,1487.55,0.39,1176.94
2026-04-14 04:49:00,0.4,1284.11,0.42,1454.58,0.39,1167.77
2026-04-14 04:50:00,0.41,1332.83,0.42,1501.19,0.4,1260.18
2026-04-14 04:51:00,0.4,1297.2,0.42,1436.2,0.4,1221.42
2026-04-14 04:52:00,0.41,1317.84,0.42,1512.09,0.4,1195.12
2026-04-14 04:53:00,0.41,1372.35,0.42,1515.06,0.4,1192.58
2026-04-14 04:54:00,0.41,1338.81,0.42,1528.18,0.4,1194.69
2026-04-14 04:55:00,0.41,1355.77,0.42,1473.77,0.4,1272.61
2026-04-14 04:56:00,0.41,1304.0,0.42,1496.92,0.4,1280.56
2026-04-14 04:57:00,0.41,1403.82,0.42,1474.18,0.4,1227.45
2026-04-14 04:58:00,0.41,1332.07,0.42,1478.03,0.4,1283.51
2026-04-14 04:59:00,0.41,1334.41,0.42,1526.59,0.4,1250.04
2026-04-14 05:00:00,0.41,1381.61,0.42,1487.52,0.4,1214.73
2026-04-14 05:01:00,0.41,1332.09,0.43,1565.64,0.4,1290.45
2026-04-14 05:02:00,0.41,1387.67,0.43,1556.97,0.4,1262.18
2026-04-14 05:03:00,0.41,1354.03,0.42,1535.13,0.41,1310.3
2026-04-14 05:04:00,0.41,1366.74,0.42,1517.25,0.41,1327.71
2026-04-14 05:05:00,0.41,1381.25,0.43,1602.32,0.41,1319.85
2026-04-14 05:06:00,0.41,1376.21,0.43,1570.04,0.41,1310.58
2026-04-14 05:07:00,0.41,1394.97,0.43,1599.18,0.4,1241.83
2026-04-14 05:08:00,0.41,1347.66,0.42,1521.47,0.4,1289.29
2026-04-14 05:09:00,0.41,1420.55,0.42,1531.07,0.41,1334.94
2026-04-14 05:10:00,0.41,1420.75,0.43,1553.07,0.4,1237.34
2026-04-14 05:11:00,0.41,1376.67,0.42,1521.68,0.41,1344.54
2026-04-14 05:12:00,0.42,1427.1,0.43,1555.67,0.4,1256.9
2026-04-14 05:13:00,0.41,1381.55,0.43,1562.9,0.41,1332.83
2026-04-14 05:14:00,0.41,1374.67,0.43,1570.1,0.4,1277.37
2026-04-14 05:15:00,0.41,1374.53,0.43,1597.15,0.41,1306.5
2026-04-14 05:16:00,0.42,1431.26,0.43,1558.38,0.41,1324.32
2026-04-14 05:17:00,0.41,1406.88,0.43,1600.5,0.41,1302.45
2026-04-14 05:18:00,0.41,1422.42,0.43,1594.07,0.4,1285.52
2026-04-14 05:19:00,0.41,1402.93,0.43,1584.69,0.41,1305.26
2026-04-14 05:20:00,0.42,1453.04,0.43,1590.63,0.41,1302.98
2026-04-14 05:21:00,0.42,1483.87,0.43,1624.86,0.41,1345.83
2026-04-14 05:22:00,0.41,1416.74,0.43,1630.54,0.41,1306.36
2026-04-14 05:23:00,0.42,1428.1,0.43,1628.49,0.41,1394.47
2026-04-14 05:24:00,0.42,1458.3,0.43,1621.92,0.41,1395.41
2026-04-14 05:25:00,0.42,1476.57,0.43,1625.52,0.41,1334.73
2026-04-14 05:26:00,0.42,1457.22,0.43,1641.83,0.4,1286.78
2026-04-14 05:27:00,0.42,1430.3,0.43,1634.42,0.41,1385.17
2026-04-14 05:28:00,0.42,1448.87,0.43,1658.23,0.41,1325.86
2026-04-14 05:29:00,0.42,1484.97,0.44,1680.69,0.41,1310.17
2026-04-14 05:30:00,0.41,1418.8,0.43,1658.32,0.41,1368.8
2026-04-14 05:31:00,0.42,1456.16,0.43,1659.58,0.41,1349.29
2026-04-14 05:32:00,0.42,1513.13,0.43,1634.27,0.41,1392.26
2026-04-14 05:33:00,0.42,1467.0,0.43,1643.29,0.41,1343.41
2026-04-14 05:34:00,0.42,1523.87,0.44,1708.7,0.41,1376.69
2026-04-14 05:35:00,0.42,1549.68,0.44,1691.67,0.41,1376.37
2026-04-14 05:36:00,0.42,1467.67,0.44,1675.84,0.41,1420.37
2026-04-14 05:37:00,0.42,1522.15,0.44,1717.13,0.42,1439.8
2026-04-14 05:38:00,0.42,1480.32,0.43,1621.81,0.42,1442.67
2026-04-14 05:39:00,0.42,1493.26,0.43,1648.49,0.41,1405.85
2026-04-14 05:40:00,0.43,1564.15,0.44,1682.61,0.41,1417.41
2026-04-14 05:41:00,0.43,1561.98,0.44,1713.28,0.42,1429.25
2026-04-14 05:42:00,0.42,1512.8,0.44,1702.93,0.41,1409.42
2026-04-14 05:43:00,0.43,1561.67,0.44,1713.93,0.41,1412.06
2026-04-14 05:44:00,0.42,1507.31,0.44,1688.02,0.42,1448.7
2026-04-14 05:45:00,0.43,1574.09,0.44,1699.63,0.41,1424.11
2026-04-14 05:46:00,0.42,1497.09,0.44,1726.73,0.41,1420.56
2026-04-14 05:47:00,0.42,1516.14,0.44,1726.52,0.42,1444.74
2026-04-14 05:48:00,0.42,1537.54,0.44,1766.28,0.42,1438.35
2026-04-14 05:49:00,0.43,1571.08,0.44,1712.18,0.42,1478.27
2026-04-14 05:50:00,0.43,1577.13,0.43,1641.7,0.42,1500.48
2026-04-14 05:51:00,0.43,1599.19,0.44,1744.61,0.42,1453.94
2026-04-14 05:52:00,0.42,1546.22,0.44,1723.99,0.42,1467.65
2026-04-14 05:53:00,0.43,1570.63,0.44,1702.3,0.42,1434.31
2026-04-14 05:54:00,0.43,1613.62,0.44,1732.83,0.42,1494.75
2026-04-14 05:55:00,0.43,1560.54,0.44,1674.35,0.42,1449.56
2026-04-14 05:56:00,0.43,1576.02,0.44,1716.24,0.42,1466.68
2026-04-14 05:57:00,0.43,1584.13,0.44,1782.58,0.42,1510.78
2026-04-14 05:58:00,0.43,1563.83,0.44,1741.04,0.41,1403.42
2026-04-14 05:59:00,0.43,1580.22,0.44,1770.94,0.42,1514.68
2026-04-14 06:00:00,0.43,1583.25,0.44,1696.98,0.42,1534.96
2026-04-14 06:01:00,0.43,1557.22,0.44,1773.91,0.42,1507.87
2026-04-14 06:02:00,0.43,1627.98,0.44,1794.0,0.42,1516.74
2026-04-14 06:03:00,0.43,1611.64,0.44,1705.41,0.42,1513.37
2026-04-14 06:04:00,0.43,1649.69,0.44,1782.06,0.42,1528.11
2026-04-14 06:05:00,0.43,1630.27,0.44,1749.85,0.42,1530.34
2026-04-14 06:06:00,0.43,1642.33,0.44,1787.05,0.42,1468.49
2026-04-14 06:07:00,0.43,1665.27,0.44,1762.16,0.42,1520.21
2026-04-14 06:08:00,0.43,1655.82,0.44,1770.69,0.42,1545.79
2026-04-14 06:09:00,0.43,1579.78,0.45,1809.58,0.42,1507.41
2026-04-14 06:10:00,0.43,1569.92,0.44,1764.45,0.42,1471.5
2026-04-14 06:11:00,0.43,1622.11,0.44,1786.38,0.42,1486.38
2026-04-14 06:12:00,0.43,1636.22,0.44,1775.58,0.42,1505.77
2026-04-14 06:13:00,0.43,1669.96,0.45,1870.11,0.42,1500.67
2026-04-14 06:14:00,0.43,1612.26,0.44,1792.84,0.42,1507.66
2026-04-14 06:15:00,0.43,1652.68,0.44,1760.4,0.42,1538.99
2026-04-14 06:16:00,0.43,1636.31,0.44,1771.17,0.42,1546.06
2026-04-14 06:17:00,0.44,1702.38,0.44,1790.15,0.43,1596.54
2026-04-14 06:18:00,0.43,1657.22,0.45,1854.79,0.42,1517.36
2026-04-14 06:19:00,0.44,1743.94,0.45,1831.82,0.43,1560.91
2026-04-14 06:20:00,0.43,1652.27,0.45,1834.27,0.42,1545.97
2026-04-14 06:21:00,0.44,1690.73,0.45,1846.51,0.43,1578.9
2026-04-14 06:22:00,0.44,1689.78,0.45,1843.2,0.43,1609.95
2026-04-14 06:23:00,0.44,1684.62,0.45,1820.85,0.43,1598.29
2026-04-14 06:24:00,0.43,1665.26,0.45,1868.24,0.43,1569.16
2026-04-14 06:25:00,0.44,1737.64,0.45,1878.56,0.43,1609.97
2026-04-14 06:26:00,0.44,1716.66,0.45,1854.81,0.43,1573.93
2026-04-14 06:27:00,0.43,1666.79,0.45,1899.5,0.43,1605.34
2026-04-14 06:28:00,0.44,1725.65,0.45,1807.32,0.43,1591.12
2026-04-14 06:29:00,0.44,1724.28,0.45,1848.71,0.43,1614.49
2026-04-14 06:30:00,0.44,1701.03,0.45,1800.34,0.43,1638.66
2026-04-14 06:31:00,0.44,1744.65,0.45,1831.48,0.43,1568.94
2026-04-14 06:32:00,0.44,1721.02,0.45,1890.49,0.43,1575.6
2026-04-14 06:33:00,0.44,1705.77,0.45,1912.65,0.43,1583.16
2026-04-14 06:34:00,0.44,1731.6,0.45,1829.7,0.43,1660.81
2026-04-14 06:35:00,0.44,1712.49,0.45,1882.15,0.43,1565.58
2026-04-14 06:36:00,0.44,1715.53,0.45,1883.95,0.43,1600.37
2026-04-14 06:37:00,0.44,1787.8,0.45,1829.05,0.43,1610.55
2026-04-14 06:38:00,0.44,1734.25,0.45,1920.35,0.43,1642.88
2026-04-14 06:39:00,0.44,1767.73,0.45,1891.26,0.43,1660.16
2026-04-14 06:40:00,0.44,1792.52,0.45,1905.27,0.43,1578.42
2026-04-14 06:41:00,0.44,1719.65,0.45,1910.47,0.43,1631.64
2026-04-14 06:42:00,0.44,1732.39,0.45,1908.69,0.43,1667.24
2026-04-14 06:43:00,0.45,1799.05,0.45,1880.5,0.43,1633.0
2026-04-14 06:44:00,0.44,1733.14,0.45,1856.34,0.44,1712.95
2026-04-14 06:45:00,0.44,1774.63,0.46,1927.07,0.43,1670.58
2026-04-14 06:46:00,0.44,1709.54,0.46,1923.04,0.43,1651.28
2026-04-14 06:47:00,0.44,1760.6,0.46,1973.27,0.43,1626.42
2026-04-14 06:48:00,0.44,1793.34,0.46,1941.97,0.43,1636.79
2026-04-14 06:49:00,0.45,1806.79,0.46,1929.15,0.44,1712.07
2026-04-14 06:50:00,0.45,1833.32,0.46,1926.21,0.44,1684.1
2026-04-14 06:51:00,0.45,1852.38,0.46,1963.87,0.43,1667.66
2026-04-14 06:52:00,0.45,1826.73,0.45,1896.42,0.43,1637.95
2026-04-14 06:53:00,0.44,1767.16,0.46,1946.98,0.44,1697.43
2026-04-14 06:54:00,0.44,1775.13,0.46,2029.43,0.43,1658.45
2026-04-14 06:55:00,0.45,1867.47,0.46,2037.64,0.44,1675.06
2026-04-14 06:56:00,0.45,1812.54,0.46,2012.94,0.44,1728.55
2026-04-14 06:57:00,0.45,1828.67,0.46,1949.24,0.44,1712.41
2026-04-14 06:58:00,0.45,1805.52,0.46,1954.14,0.44,1714.62
2026-04-14 06:59:00,0.45,1836.72,0.46,1977.15,0.44,1744.31
2026-04-14 07:00:00,0.45,1847.3,0.46,1931.06,0.44,1686.72
2026-04-14 07:01:00,0.45,1804.36,0.46,2006.09,0.44,1716.49
2026-04-14 07:02:00,0.45,1843.13,0.46,1999.87,0.43,1657.59
2026-04-14 07:03:00,0.45,1856.5,0.46,2008.11,0.43,1671.86
2026-04-14 07:04:00,0.45,1844.36,0.46,1973.22,0.44,1702.4
2026-04-14 07:05:00,0.45,1854.06,0.46,1986.94,0.44,1766.33
2026-04-14 07:06:00,0.45,1827.5,0.46,2014.73,0.44,1738.2
2026-04-14 07:07:00,0.45,1821.86,0.46,1972.26,0.44,1744.09
2026-04-14 07:08:00,0.45,1856.39,0.47,2082.25,0.44,1703.43
2026-04-14 07:09:00,0.45,1832.42,0.46,1992.38,0.44,1776.47
2026-04-14 07:10:00,0.45,1879.02,0.46,2000.72,0.44,1742.25
2026-04-14 07:11:00,0.45,1828.5,0.46,2029.07,0.44,1780.47
2026-04-14 07:12:00,0.45,1851.34,0.47,2077.19,0.44,1698.05
2026-04-14 07:13:00,0.45,1906.94,0.47,2072.97,0.44,1717.89
2026-04-14 07:14:00,0.45,1833.4,0.47,2050.87,0.45,1801.21
2026-04-14 07:15:00,0.46,1937.09,0.46,2031.36,0.44,1773.39
2026-04-14 07:16:00,0.45,1889.03,0.47,2057.84,0.45,1799.09
2026-04-14 07:17:00,0.45,1877.16,0.47,2057.87,0.45,1853.46
2026-04-14 07:18:00,0.45,1891.13,0.47,2082.22,0.44,1794.25
2026-04-14 07:19:00,0.46,1967.52,0.46,2025.4,0.44,1740.08
2026-04-14 07:20:00,0.45,1840.6,0.47,2079.48,0.44,1797.95
2026-04-14 07:21:00,0.46,1930.15,0.46,2042.62,0.44,1778.82
2026-04-14 07:22:00,0.45,1908.9,0.47,2081.1,0.44,1789.75
2026-04-14 07:23:00,0.46,1963.8,0.46,2040.47,0.45,1836.34
2026-04-14 07:24:00,0.45,1902.31,0.46,2044.16,0.45,1814.85
2026-04-14 07:25:00,0.46,1943.5,0.47,2057.34,0.45,1841.82
2026-04-14 07:26:00,0.46,1960.06,0.47,2114.0,0.44,1792.98
2026-04-14 07:27:00,0.46,1944.58,0.47,2112.31,0.44,1785.9
2026-04-14 07:28:00,0.46,1937.14,0.47,2085.9,0.44,1783.94
2026-04-14 07:29:00,0.46,1929.33,0.47,2102.6,0.44,1794.2
2026-04-14 07:30:00,0.46,1933.98,0.47,2086.7,0.44,1784.71
2026-04-14 07:31:00,0.46,1949.44,0.47,2090.23,0.45,1857.58
2026-04-14 07:32:00,0.46,1983.88,0.47,2157.84,0.45,1815.33
2026-04-14 07:33:00,0.46,1978.59,0.47,2054.79,0.45,1834.66
2026-04-14 07:34:00,0.46,1957.01,0.48,2182.83,0.45,1827.41
2026-04-14 07:35:00,0.46,1945.43,0.47,2123.92,0.45,1803.01
2026-04-14 07:36:00,0.46,1961.81,0.47,2122.93,0.45,1860.32
2026-04-14 07:37:00,0.46,2003.91,0.47,2147.65,0.45,1846.07
2026-04-14 07:38:00,0.46,1942.6,0.47,2098.5,0.45,1917.61
2026-04-14 07:39:00,0.46,1961.82,0.48,2179.79,0.45,1837.92
2026-04-14 07:40:00,0.46,1964.3,0.47,2094.18,0.45,1917.73
2026-04-14 07:41:00,0.46,2010.39,0.48,2170.11,0.45,1871.13
2026-04-14 07:42:00,0.46,1983.4,0.47,2083.79,0.45,1851.98
2026-04-14 07:43:00,0.46,1997.94,0.47,2154.0,0.45,1848.39
2026-04-14 07:44:00,0.46,2042.42,0.47,2151.28,0.45,1828.84
2026-04-14 07:45:00,0.46,2018.23,0.47,2129.17,0.45,1865.74
2026-04-14 07:46:00,0.46,2009.99,0.47,2162.94,0.45,1857.66
2026-04-14 07:47:00,0.46,1958.7,0.48,2210.65,0.45,1861.16
2026-04-14 07:48:00,0.46,2022.95,0.47,2118.03,0.45,1892.94
2026-04-14 07:49:00,0.46,2010.48,0.47,2158.81,0.45,1893.46
2026-04-14 07:50:00,0.46,2017.67,0.48,2205.5,0.45,1838.17
2026-04-14 07:51:00,0.47,2099.87,0.48,2189.68,0.45,1917.18
2026-04-14 07:52:00,0.47,2052.44,0.48,2200.83,0.45,1844.34
2026-04-14 07:53:00,0.47,2058.22,0.48,2205.38,0.45,1921.38
2026-04-14 07:54:00,0.46,2011.21,0.48,2178.69,0.46,1931.2
2026-04-14 07:55:00,0.46,2036.46,0.47,2146.94,0.45,1886.93
2026-04-14 07:56:00,0.46,2027.98,0.48,2183.37,0.45,1910.25
2026-04-14 07:57:00,0.46,2014.03,0.47,2153.97,0.46,1955.83
2026-04-14 07:58:00,0.47,2073.37,0.48,2258.21,0.46,1995.35
2026-04-14 07:59:00,0.47,2058.32,0.48,2252.84,0.46,1931.57
2026-04-14 08:00:00,0.46,2028.51,0.48,2237.37,0.45,1918.6
2026-04-14 08:01:00,0.47,2103.84,0.48,2288.1,0.46,1938.11
2026-04-14 08:02:00,0.47,2060.67,0.48,2287.08,0.46,1977.86
2026-04-14 08:03:00,0.47,2095.3,0.48,2233.5,0.46,2012.59
2026-04-14 08:04:00,0.47,2071.05,0.48,2272.3,0.46,1939.22
2026-04-14 08:05:00,0.47,2143.23,0.48,2246.5,0.46,1996.33
2026-04-14 08:06:00,0.47,2112.96,0.48,2226.02,0.45,1918.86
2026-04-14 08:07:00,0.47,2078.68,0.48,2251.88,0.45,1919.07
2026-04-14 08:08:00,0.47,2153.11,0.48,2253.16,0.46,1957.88
2026-04-14 08:09:00,0.47,2155.21,0.49,2310.94,0.46,1996.21
2026-04-14 08:10:00,0.47,2122.83,0.48,2208.54,0.46,1929.46
2026-04-14 08:11:00,0.47,2166.83,0.49,2305.39,0.46,2016.68
2026-04-14 08:12:00,0.47,2168.29,0.48,2254.95,0.46,1965.99
2026-04-14 08:13:00,0.47,2123.61,0.48,2264.57,0.47,2068.78
2026-04-14 08:14:00,0.47,2163.45,0.48,2255.85,0.47,2049.17
2026-04-14 08:15:00,0.47,2126.7,0.49,2322.95,0.46,2007.72
2026-04-14 08:16:00,0.47,2160.2,0.49,2294.52,0.46,2004.8
2026-04-14 08:17:00,0.48,2180.15,0.48,2255.45,0.46,1954.24
2026-04-14 08:18:00,0.47,2081.68,0.48,2240.85,0.47,2077.45
2026-04-14 08:19:00,0.47,2164.36,0.48,2286.63,0.46,1994.15
2026-04-14 08:20:00,0.48,2182.76,0.48,2273.39,0.46,2032.93
2026-04-14 08:21:00,0.47,2116.79,0.48,2286.69,0.46,1995.61
2026-04-14 08:22:00,0.48,2171.7,0.48,2288.83,0.47,2049.12
2026-04-14 08:23:00,0.47,2107.89,0.49,2303.02,0.46,2025.43
2026-04-14 08:24:00,0.47,2104.52,0.49,2308.04,0.47,2076.38
2026-04-14 08:25:00,0.47,2126.6,0.48,2250.44,0.47,2082.07
2026-04-14 08:26:00,0.47,2131.13,0.48,2292.0,0.47,2067.55
2026-04-14 08:27:00,0.47,2104.47,0.48,2277.72,0.47,2060.11
2026-04-14 08:28:00,0.47,2152.59,0.49,2340.7,0.46,2034.56
2026-04-14 08:29:00,0.48,2197.19,0.49,2314.69,0.46,2041.13
2026-04-14 08:30:00,0.47,2142.06,0.49,2327.67,0.46,2032.07
2026-04-14 08:31:00,0.48,2180.92,0.49,2378.99,0.47,2104.42
2026-04-14 08:32:00,0.48,2203.7,0.49,2380.09,0.47,2107.51
2026-04-14 08:33:00,0.47,2151.13,0.49,2394.56,0.47,2114.97
2026-04-14 08:34:00,0.48,2236.26,0.49,2319.19,0.47,2062.01
2026-04-14 08:35:00,0.48,2281.8,0.49,2336.96,0.47,2126.61
2026-04-14 08:36:00,0.48,2251.91,0.49,2398.87,0.47,2112.39
2026-04-14 08:37:00,0.48,2194.52,0.49,2342.16,0.47,2057.07
2026-04-14 08:38:00,0.48,2248.81,0.49,2396.87,0.47,2087.62
2026-04-14 08:39:00,0.48,2177.25,0.49,2400.21,0.47,2168.29
2026-04-14 08:40:00,0.48,2186.29,0.49,2360.36,0.47,2083.26
2026-04-14 08:41:00,0.48,2216.65,0.49,2337.42,0.47,2056.1
2026-04-14 08:42:00,0.48,2256.43,0.49,2385.82,0.47,2072.89
2026-04-14 08:43:00,0.48,2292.23,0.49,2364.1,0.47,2114.11
2026-04-14 08:44:00,0.48,2221.99,0.49,2361.44,0.47,2104.44
2026-04-14 08:45:00,0.48,2267.66,0.49,2391.78,0.47,2130.72
2026-04-14 08:46:00,0.48,2195.47,0.5,2442.72,0.48,2178.61
2026-04-14 08:47:00,0.48,2272.42,0.49,2355.8,0.47,2093.23
2026-04-14 08:48:00,0.49,2314.8,0.49,2338.44,0.48,2188.13
2026-04-14 08:49:00,0.48,2235.7,0.5,2457.66,0.47,2154.87
2026-04-14 08:50:00,0.48,2274.79,0.49,2336.75,0.47,2142.11
2026-04-14 08:51:00,0.48,2279.93,0.49,2406.06,0.47,2162.59
2026-04-14 08:52:00,0.49,2304.51,0.49,2391.74,0.47,2134.17
2026-04-14 08:53:00,0.49,2339.97,0.5,2451.05,0.47,2128.61
2026-04-14 08:54:00,0.48,2271.71,0.49,2396.82,0.48,2197.81
2026-04-14 08:55:00,0.48,2238.11,0.5,2442.8,0.48,2194.44
2026-04-14 08:56:00,0.48,2286.39,0.49,2410.08,0.47,2144.8
2026-04-14 08:57:00,0.49,2332.71,0.49,2390.83,0.48,2185.1
2026-04-14 08:58:00,0.49,2303.04,0.5,2463.71,0.47,2119.69
2026-04-14 08:59:00,0.49,2314.69,0.5,2492.36,0.48,2181.42
2026-04-14 09:00:00,0.49,2306.74,0.5,2450.61,0.48,2236.47
2026-04-14 09:01:00,0.49,2334.57,0.5,2483.57,0.48,2213.71
2026-04-14 09:02:00,0.49,2317.94,0.5,2440.39,0.48,2177.87
2026-04-14 09:03:00,0.48,2285.44,0.5,2450.42,0.48,2222.22
2026-04-14 09:04:00,0.49,2360.76,0.5,2500.42,0.48,2255.42
2026-04-14 09:05:00,0.48,2256.8,0.49,2417.53,0.48,2245.86
2026-04-14 09:06:00,0.49,2319.0,0.5,2419.85,0.48,2217.97
2026-04-14 09:07:00,0.49,2342.35,0.5,2440.53,0.48,2228.49
2026-04-14 09:08:00,0.49,2365.47,0.5,2531.54,0.48,2221.4
2026-04-14 09:09:00,0.49,2371.57,0.5,2455.8,0.48,2220.58
2026-04-14 09:10:00,0.48,2283.26,0.5,2488.83,0.48,2241.49
2026-04-14 09:11:00,0.49,2351.22,0.5,2512.18,0.48,2198.98
2026-04-14 09:12:00,0.49,2306.39,0.5,2505.61,0.48,2230.76
2026-04-14 09:13:00,0.49,2375.96,0.5,2480.88,0.48,2229.61
2026-04-14 09:14:00,0.49,2375.42,0.5,2439.44,0.48,2177.13
2026-04-14 09:15:00,0.49,2378.86,0.5,2502.51,0.48,2221.5
2026-04-14 09:16:00,0.49,2360.15,0.5,2472.39,0.48,2214.67
2026-04-14 09:17:00,0.49,2368.7,0.5,2522.89,0.48,2236.17
2026-04-14 09:18:00,0.5,2446.91,0.51,2548.03,0.48,2209.12
2026-04-14 09:19:00,0.5,2447.4,0.5,2489.19,0.48,2232.15
2026-04-14 09:20:00,0.49,2403.22,0.5,2489.11,0.48,2221.49
2026-04-14 09:21:00,0.49,2383.92,0.5,2488.94,0.49,2311.2
2026-04-14 09:22:00,0.49,2348.3,0.5,2541.44,0.48,2261.92
2026-04-14 09:23:00,0.49,2352.7,0.51,2567.12,0.48,2271.85
2026-04-14 09:24:00,0.49,2381.77,0.5,2514.89,0.48,2256.15
2026-04-14 09:25:00,0.49,2374.5,0.5,2478.13,0.48,2226.39
2026-04-14 09:26:00,0.49,2386.13,0.51,2548.4,0.48,2220.82
2026-04-14 09:27:00,0.49,2375.28,0.51,2571.03,0.48,2267.85
2026-04-14 09:28:00,0.5,2471.59,0.5,2536.55,0.48,2261.69
2026-04-14 09:29:00,0.49,2388.86,0.5,2516.9,0.49,2305.76
2026-04-14 09:30:00,0.49,2373.83,0.5,2495.34,0.49,2312.17
2026-04-14 09:31:00,0.5,2430.58,0.51,2564.92,0.49,2304.19
2026-04-14 09:32:00,0.49,2403.15,0.51,2556.99,0.49,2350.49
2026-04-14 09:33:00,0.5,2429.95,0.51,2543.66,0.49,2317.3
2026-04-14 09:34:00,0.5,2458.72,0.51,2620.11,0.48,2293.89
2026-04-14 09:35:00,0.49,2406.08,0.51,2586.15,0.49,2319.12
2026-04-14 09:36:00,0.5,2479.73,0.51,2552.98,0.48,2262.81
2026-04-14 09:37:00,0.5,2491.04,0.51,2593.56,0.49,2314.26
2026-04-14 09:38:00,0.49,2395.63,0.51,2560.4,0.49,2359.63
2026-04-14 09:39:00,0.5,2478.78,0.51,2654.3,0.49,2327.15
2026-04-14 09:40:00,0.5,2477.09,0.51,2589.86,0.49,2302.29
2026-04-14 09:41:00,0.5,2460.71,0.51,2641.59,0.49,2328.9
2026-04-14 09:42:00,0.5,2439.39,0.52,2675.64,0.49,2326.56
2026-04-14 09:43:00,0.5,2440.46,0.51,2608.94,0.49,2341.8
2026-04-14 09:44:00,0.5,2437.21,0.51,2647.79,0.49,2382.88
2026-04-14 09:45:00,0.5,2432.71,0.51,2639.9,0.49,2317.93
2026-04-14 09:46:00,0.5,2432.92,0.51,2606.81,0.49,2347.54
2026-04-14 09:47:00,0.5,2453.85,0.52,2691.12,0.49,2308.29
2026-04-14 09:48:00,0.5,2461.21,0.51,2653.17,0.49,2380.24
2026-04-14 09:49:00,0.5,2467.85,0.51,2633.04,0.49,2392.03
2026-04-14 09:50:00,0.5,2508.16,0.52,2666.16,0.49,2308.27
2026-04-14 09:51:00,0.5,2492.84,0.51,2626.4,0.49,2354.76
2026-04-14 09:52:00,0.5,2523.57,0.52,2676.71,0.49,2358.26
2026-04-14 09:53:00,0.51,2542.11,0.52,2691.64,0.49,2400.41
2026-04-14 09:54:00,0.51,2567.31,0.51,2630.49,0.49,2346.8
2026-04-14 09:55:00,0.51,2580.36,0.51,2663.12,0.49,2391.62
2026-04-14 09:56:00,0.51,2546.52,0.51,2626.54,0.5,2443.04
2026-04-14 09:57:00,0.5,2510.21,0.52,2751.45,0.49,2397.69
2026-04-14 09:58:00,0.51,2607.49,0.51,2634.87,0.5,2419.02
2026-04-14 09:59:00,0.5,2527.95,0.52,2731.47,0.5,2468.07
2026-04-14 10:00:00,0.5,2513.26,0.52,2672.15,0.5,2419.13
2026-04-14 10:01:00,0.51,2588.63,0.52,2724.32,0.49,2413.31
2026-04-14 10:02:00,0.5,2496.78,0.52,2696.35,0.5,2424.76
2026-04-14 10:03:00,0.51,2597.82,0.52,2712.18,0.5,2449.46
2026-04-14 10:04:00,0.5,2476.88,0.52,2682.42,0.49,2412.97
2026-04-14 10:05:00,0.5,2511.25,0.52,2749.11,0.5,2442.95
2026-04-14 10:06:00,0.51,2551.96,0.52,2710.95,0.5,2490.42
2026-04-14 10:07:00,0.51,2585.06,0.52,2717.41,0.5,2440.96
2026-04-14 10:08:00,0.51,2619.51,0.52,2750.72,0.5,2460.36
2026-04-14 10:09:00,0.5,2523.4,0.52,2709.87,0.5,2505.74
2026-04-14 10:10:00,0.51,2638.59,0.52,2753.45,0.5,2475.41
2026-04-14 10:11:00,0.51,2611.47,0.52,2743.25,0.5,2450.37
2026-04-14 10:12:00,0.5,2522.91,0.52,2718.61,0.5,2460.14
2026-04-14 10:13:00,0.51,2563.37,0.52,2696.61,0.5,2444.62
2026-04-14 10:14:00,0.51,2542.92,0.52,2743.89,0.5,2492.28
2026-04-14 10:15:00,0.51,2597.96,0.52,2758.15,0.5,2429.91
2026-04-14 10:16:00,0.5,2527.52,0.52,2737.33,0.5,2437.26
2026-04-14 10:17:00,0.51,2548.8,0.52,2721.41,0.5,2483.52
2026-04-14 10:18:00,0.51,2655.13,0.53,2827.94,0.5,2463.39
2026-04-14 10:19:00,0.51,2643.18,0.52,2778.49,0.5,2539.47
2026-04-14 10:20:00,0.51,2638.43,0.52,2786.31,0.5,2472.15
2026-04-14 10:21:00,0.52,2679.23,0.52,2784.66,0.5,2445.06
2026-04-14 10:22:00,0.51,2619.18,0.53,2814.62,0.5,2519.34
2026-04-14 10:23:00,0.51,2576.25,0.52,2753.42,0.51,2559.57
2026-04-14 10:24:00,0.51,2580.84,0.53,2799.84,0.51,2569.75
2026-04-14 10:25:00,0.52,2685.85,0.52,2766.28,0.5,2490.41
2026-04-14 10:26:00,0.51,2557.03,0.53,2814.58,0.5,2492.61
2026-04-14 10:27:00,0.51,2607.79,0.53,2792.28,0.5,2498.92
2026-04-14 10:28:00,0.51,2658.88,0.53,2827.48,0.51,2548.54
2026-04-14 10:29:00,0.51,2654.74,0.53,2791.51,0.5,2469.46
2026-04-14 10:30:00,0.51,2664.6,0.53,2807.01,0.5,2531.12
2026-04-14 10:31:00,0.51,2613.79,0.53,2833.23,0.5,2533.02
2026-04-14 10:32:00,0.52,2713.08,0.53,2855.31,0.51,2572.82
2026-04-14 10:33:00,0.52,2671.2,0.52,2730.14,0.51,2552.5
2026-04-14 10:34:00,0.52,2681.51,0.53,2876.63,0.5,2524.65
2026-04-14 10:35:00,0.52,2682.13,0.52,2762.6,0.51,2544.23
2026-04-14 10:36:00,0.52,2677.49,0.53,2888.05,0.51,2635.63
2026-04-14 10:37:00,0.52,2678.83,0.52,2765.95,0.51,2548.71
2026-04-14 10:38:00,0.51,2662.91,0.53,2814.83,0.51,2542.08
2026-04-14 10:39:00,0.52,2698.75,0.53,2842.18,0.51,2558.21
2026-04-14 10:40:00,0.52,2680.37,0.53,2815.82,0.5,2505.1
2026-04-14 10:41:00,0.52,2694.01,0.53,2871.09,0.51,2567.6
2026-04-14 10:42:00,0.52,2723.26,0.53,2814.9,0.51,2547.98
2026-04-14 10:43:00,0.52,2743.12,0.53,2844.97,0.51,2559.61
2026-04-14 10:44:00,0.52,2693.18,0.52,2769.7,0.5,2537.86
2026-04-14 10:45:00,0.52,2705.24,0.53,2906.43,0.51,2596.43
2026-04-14 10:46:00,0.52,2749.75,0.53,2872.18,0.51,2597.66
2026-04-14 10:47:00,0.52,2713.96,0.53,2863.86,0.51,2588.03
2026-04-14 10:48:00,0.52,2767.81,0.53,2907.54,0.51,2575.09
2026-04-14 10:49:00,0.52,2687.15,0.54,2928.26,0.51,2663.76
2026-04-14 10:50:00,0.52,2712.05,0.53,2852.01,0.51,2560.27
2026-04-14 10:51:00,0.51,2664.62,0.53,2902.78,0.51,2604.5
2026-04-14 10:52:00,0.52,2746.14,0.53,2890.44,0.51,2649.94
2026-04-14 10:53:00,0.52,2743.04,0.53,2860.41,0.51,2617.79
2026-04-14 10:54:00,0.52,2789.24,0.53,2882.15,0.51,2656.76
2026-04-14 10:55:00,0.52,2771.61,0.53,2894.03,0.51,2635.36
2026-04-14 10:56:00,0.52,2687.62,0.53,2878.39,0.51,2576.77
2026-04-14 10:57:00,0.52,2765.08,0.53,2844.51,0.52,2681.36
2026-04-14 10:58:00,0.52,2754.98,0.53,2849.51,0.51,2617.26
2026-04-14 10:59:00,0.52,2732.0,0.53,2895.86,0.51,2613.21
2026-04-14 11:00:00,0.52,2705.37,0.54,2934.23,0.51,2660.65
2026-04-14 11:01:00,0.52,2752.24,0.53,2912.81,0.51,2612.28
2026-04-14 11:02:00,0.53,2851.92,0.54,2928.32,0.52,2691.67
2026-04-14 11:03:00,0.52,2772.97,0.54,2918.55,0.51,2660.21
2026-04-14 11:04:00,0.52,2787.14,0.53,2896.74,0.51,2600.93
2026-04-14 11:05:00,0.53,2816.34,0.53,2893.74,0.51,2631.15
2026-04-14 11:06:00,0.52,2753.24,0.54,2965.1,0.51,2637.33
2026-04-14 11:07:00,0.52,2772.99,0.54,3012.24,0.52,2710.59
2026-04-14 11:08:00,0.52,2786.4,0.53,2910.12,0.52,2686.01
2026-04-14 11:09:00,0.53,2813.86,0.54,2983.43,0.52,2722.11
2026-04-14 11:10:00,0.52,2734.82,0.54,2926.51,0.52,2692.54
2026-04-14 11:11:00,0.53,2831.79,0.54,2952.49,0.52,2720.33
2026-04-14 11:12:00,0.52,2731.53,0.54,2995.58,0.51,2664.42
2026-04-14 11:13:00,0.53,2802.94,0.54,2980.52,0.52,2677.34
2026-04-14 11:14:00,0.53,2819.91,0.54,2984.89,0.52,2722.08
2026-04-14 11:15:00,0.53,2819.22,0.54,2933.42,0.52,2712.65
2026-04-14 11:16:00,0.53,2884.13,0.54,3017.64,0.52,2724.21
2026-04-14 11:17:00,0.52,2775.22,0.54,2957.46,0.52,2736.33
2026-04-14 11:18:00,0.53,2820.07,0.54,2978.55,0.51,2647.61
2026-04-14 11:19:00,0.53,2870.11,0.54,2923.36,0.51,2639.79
2026-04-14 11:20:00,0.53,2882.75,0.54,3006.51,0.52,2751.22
2026-04-14 11:21:00,0.54,2918.17,0.54,3004.58,0.52,2719.34
2026-04-14 11:22:00,0.53,2856.55,0.54,2969.9,0.52,2706.41
2026-04-14 11:23:00,0.52,2781.13,0.54,2932.36,0.52,2757.41
2026-04-14 11:24:00,0.53,2869.03,0.54,3008.87,0.52,2764.88
2026-04-14 11:25:00,0.52,2785.57,0.54,3027.11,0.52,2762.59
2026-04-14 11:26:00,0.53,2885.01,0.54,2996.59,0.53,2790.42
2026-04-14 11:27:00,0.53,2841.53,0.54,2942.96,0.52,2779.11
2026-04-14 11:28:00,0.54,2947.08,0.55,3090.73,0.52,2780.89
2026-04-14 11:29:00,0.54,2925.74,0.55,3079.45,0.53,2793.23
2026-04-14 11:30:00,0.53,2888.34,0.54,2951.68,0.52,2740.58
2026-04-14 11:31:00,0.54,2947.44,0.54,2993.92,0.53,2806.4
2026-04-14 11:32:00,0.53,2881.53,0.54,2977.17,0.53,2817.38
2026-04-14 11:33:00,0.53,2901.05,0.54,3027.94,0.52,2784.46
2026-04-14 11:34:00,0.54,2955.8,0.55,3086.0,0.52,2777.12
2026-04-14 11:35:00,0.53,2905.64,0.54,3000.25,0.52,2758.0
2026-04-14 11:36:00,0.54,2914.12,0.55,3088.85,0.53,2822.33
2026-04-14 11:37:00,0.53,2868.13,0.55,3070.72,0.53,2838.17
2026-04-14 11:38:00,0.54,2985.75,0.55,3111.76,0.53,2807.07
2026-04-14 11:39:00,0.53,2901.39,0.55,3056.95,0.53,2800.31
2026-04-14 11:40:00,0.53,2911.53,0.55,3056.6,0.53,2861.82
2026-04-14 11:41:00,0.54,2941.25,0.54,3001.86,0.53,2795.2
2026-04-14 11:42:00,0.54,2915.6,0.55,3057.92,0.53,2818.61
2026-04-14 11:43:00,0.54,2921.69,0.55,3076.9,0.53,2838.26
2026-04-14 11:44:00,0.53,2886.07,0.55,3060.92,0.52,2754.54
2026-04-14 11:45:00,0.53,2894.67,0.55,3073.19,0.53,2837.33
2026-04-14 11:46:00,0.54,2944.88,0.55,3065.21,0.53,2902.22
2026-04-14 11:47:00,0.54,2972.72,0.55,3105.7,0.53,2841.22
2026-04-14 11:48:00,0.54,2963.11,0.55,3093.48,0.53,2844.04
2026-04-14 11:49:00,0.54,2935.96,0.55,3100.02,0.53,2849.47
2026-04-14 11:50:00,0.53,2880.3,0.56,3191.43,0.53,2822.76
2026-04-14 11:51:00,0.54,2945.44,0.55,3126.42,0.53,2858.25
2026-04-14 11:52:00,0.54,3028.63,0.55,3086.13,0.53,2824.35
2026-04-14 11:53:00,0.54,2973.62,0.55,3120.39,0.53,2893.52
2026-04-14 11:54:00,0.53,2904.31,0.55,3082.58,0.53,2815.25
2026-04-14 11:55:00,0.54,2970.33,0.55,3161.38,0.53,2857.22
2026-04-14 11:56:00,0.54,3017.24,0.55,3056.75,0.53,2899.93
2026-04-14 11:57:00,0.55,3047.6,0.55,3065.21,0.53,2790.27
2026-04-14 11:58:00,0.54,3030.77,0.55,3086.99,0.53,2853.09
2026-04-14 11:59:00,0.54,2940.0,0.56,3198.99,0.53,2834.12
2026-04-14 12:00:00,0.54,2992.94,0.55,3148.72,0.53,2855.34
2026-04-14 12:01:00,0.54,3018.6,0.56,3198.84,0.53,2864.36
2026-04-14 12:02:00,0.55,3049.47,0.55,3143.91,0.53,2909.05
2026-04-14 12:03:00,0.54,3030.05,0.56,3177.56,0.53,2859.59
2026-04-14 12:04:00,0.55,3049.33,0.55,3146.33,0.53,2854.76
2026-04-14 12:05:00,0.54,3005.42,0.56,3186.63,0.53,2847.31
2026-04-14 12:06:00,0.55,3106.02,0.55,3121.78,0.53,2876.28
2026-04-14 12:07:00,0.54,2953.25,0.55,3156.06,0.53,2901.69
2026-04-14 12:08:00,0.54,3023.92,0.55,3158.13,0.53,2882.35
2026-04-14 12:09:00,0.54,3037.45,0.56,3254.64,0.53,2909.32
2026-04-14 12:10:00,0.55,3091.62,0.56,3215.62,0.53,2869.75
2026-04-14 12:11:00,0.55,3066.76,0.56,3182.94,0.53,2847.05
2026-04-14 12:12:00,0.54,3008.71,0.55,3126.49,0.54,2927.63
2026-04-14 12:13:00,0.55,3044.33,0.56,3166.09,0.53,2897.53
2026-04-14 12:14:00,0.55,3131.39,0.56,3229.8,0.54,2953.57
2026-04-14 12:15:00,0.55,3055.08,0.56,3191.71,0.53,2904.63
2026-04-14 12:16:00,0.55,3125.03,0.56,3205.76,0.54,2940.49
2026-04-14 12:17:00,0.55,3085.06,0.56,3192.09,0.54,2969.46
2026-04-14 12:18:00,0.55,3119.87,0.56,3235.23,0.54,2915.39
2026-04-14 12:19:00,0.55,3039.72,0.56,3267.99,0.54,2945.59
2026-04-14 12:20:00,0.55,3088.42,0.56,3234.47,0.54,2936.43
2026-04-14 12:21:00,0.54,3031.89,0.56,3171.63,0.54,2937.95
2026-04-14 12:22:00,0.55,3071.22,0.56,3242.48,0.53,2912.77
2026-04-14 12:23:00,0.54,3016.57,0.57,3293.76,0.54,3025.93
2026-04-14 12:24:00,0.55,3066.65,0.57,3291.77,0.53,2912.93
2026-04-14 12:25:00,0.56,3170.53,0.57,3302.48,0.54,2940.75
2026-04-14 12:26:00,0.55,3104.24,0.56,3255.06,0.54,2973.25
2026-04-14 12:27:00,0.55,3105.29,0.56,3193.08,0.54,2994.3
2026-04-14 12:28:00,0.55,3120.77,0.57,3304.56,0.54,2915.44
2026-04-14 12:29:00,0.55,3069.74,0.56,3199.55,0.54,2992.78
2026-04-14 12:30:00,0.55,3038.84,0.57,3328.94,0.54,2994.99
2026-04-14 12:31:00,0.55,3138.97,0.56,3261.63,0.54,3005.18
2026-04-14 12:32:00,0.55,3117.0,0.56,3249.03,0.54,2962.9
2026-04-14 12:33:00,0.55,3122.47,0.56,3284.97,0.54,2966.59
2026-04-14 12:34:00,0.56,3172.23,0.57,3300.05,0.54,3005.71
2026-04-14 12:35:00,0.55,3133.83,0.57,3286.53,0.54,2988.6
2026-04-14 12:36:00,0.55,3134.41,0.56,3275.48,0.55,3068.78
2026-04-14 12:37:00,0.55,3122.57,0.57,3346.55,0.54,2956.41
2026-04-14 12:38:00,0.55,3087.3,0.57,3387.52,0.54,3013.4
2026-04-14 12:39:00,0.55,3123.3,0.56,3278.84,0.54,3010.65
2026-04-14 12:40:00,0.56,3170.36,0.56,3280.0,0.54,3018.19
2026-04-14 12:41:00,0.56,3213.09,0.56,3244.1,0.54,3013.92
2026-04-14 12:42:00,0.56,3180.44,0.57,3292.6,0.55,3075.3
2026-04-14 12:43:00,0.55,3137.43,0.57,3336.27,0.55,3078.41
2026-04-14 12:44:00,0.55,3148.21,0.57,3389.89,0.55,3074.47
2026-04-14 12:45:00,0.55,3159.41,0.57,3395.56,0.55,3065.23
2026-04-14 12:46:00,0.56,3205.82,0.56,3280.84,0.55,3043.4
2026-04-14 12:47:00,0.56,3232.18,0.57,3315.44,0.55,3110.24
2026-04-14 12:48:00,0.55,3107.13,0.56,3285.76,0.55,3062.35
2026-04-14 12:49:00,0.56,3195.8,0.57,3289.34,0.55,3132.17
2026-04-14 12:50:00,0.56,3244.85,0.57,3343.89,0.55,3099.25
2026-04-14 12:51:00,0.56,3246.66,0.57,3351.06,0.55,3042.92
2026-04-14 12:52:00,0.56,3186.35,0.57,3368.34,0.55,3110.98
2026-04-14 12:53:00,0.56,3214.04,0.57,3381.42,0.55,3068.32
2026-04-14 12:54:00,0.56,3178.86,0.57,3317.44,0.55,3057.45
2026-04-14 12:55:00,0.55,3141.72,0.57,3376.24,0.55,3098.05
2026-04-14 12:56:00,0.56,3190.13,0.57,3335.67,0.54,3021.55
2026-04-14 12:57:00,0.56,3183.19,0.57,3319.67,0.55,3128.91
2026-04-14 12:58:00,0.55,3152.97,0.57,3380.04,0.55,3089.04
2026-04-14 12:59:00,0.56,3263.94,0.57,3310.58,0.55,3117.29
2026-04-14 13:00:00,0.56,3233.12,0.57,3392.81,0.55,3080.93
2026-04-14 13:01:00,0.56,3198.45,0.58,3415.85,0.56,3176.8
2026-04-14 13:02:00,0.56,3199.76,0.57,3376.32,0.55,3080.07
2026-04-14 13:03:00,0.57,3305.05,0.57,3310.67,0.56,3209.45
2026-04-14 13:04:00,0.57,3316.53,0.57,3368.38,0.55,3087.1
2026-04-14 13:05:00,0.56,3176.8,0.57,3376.73,0.55,3110.52
2026-04-14 13:06:00,0.56,3277.69,0.57,3389.58,0.55,3099.34
2026-04-14 13:07:00,0.56,3230.59,0.57,3354.92,0.56,3179.28
2026-04-14 13:08:00,0.56,3235.84,0.57,3352.64,0.55,3157.77
2026-04-14 13:09:00,0.57,3320.14,0.57,3405.45,0.55,3135.25
2026-04-14 13:10:00,0.57,3307.86,0.57,3362.35,0.56,3189.75
2026-04-14 13:11:00,0.56,3245.05,0.58,3464.11,0.55,3085.23
2026-04-14 13:12:00,0.56,3265.94,0.57,3384.42,0.55,3130.35
2026-04-14 13:13:00,0.56,3269.53,0.58,3482.96,0.56,3205.75
2026-04-14 13:14:00,0.57,3363.85,0.58,3422.88,0.55,3150.7
2026-04-14 13:15:00,0.57,3296.68,0.58,3416.33,0.56,3206.2
2026-04-14 13:16:00,0.57,3318.91,0.57,3391.1,0.56,3189.22
2026-04-14 13:17:00,0.57,3322.61,0.58,3424.17,0.55,3148.79
2026-04-14 13:18:00,0.57,3369.01,0.58,3453.74,0.55,3148.82
2026-04-14 13:19:00,0.57,3403.66,0.58,3463.41,0.56,3208.53
2026-04-14 13:20:00,0.57,3361.35,0.57,3402.93,0.56,3249.84
2026-04-14 13:21:00,0.57,3379.09,0.58,3446.87,0.56,3232.6
2026-04-14 13:22:00,0.57,3401.13,0.58,3472.94,0.55,3129.31
2026-04-14 13:23:00,0.57,3359.82,0.58,3454.88,0.55,3149.83
2026-04-14 13:24:00,0.57,3330.97,0.58,3493.63,0.56,3217.04
2026-04-14 13:25:00,0.57,3338.81,0.58,3516.15,0.55,3144.65
2026-04-14 13:26:00,0.57,3313.79,0.58,3410.42,0.56,3229.98
2026-04-14 13:27:00,0.58,3412.68,0.58,3485.32,0.57,3301.61
2026-04-14 13:28:00,0.57,3323.38,0.58,3462.13,0.56,3166.89
2026-04-14 13:29:00,0.57,3357.45,0.58,3487.32,0.56,3258.64
2026-04-14 13:30:00,0.57,3389.79,0.58,3531.87,0.56,3257.69
2026-04-14 13:31:00,0.57,3357.11,0.58,3495.09,0.56,3262.15
2026-04-14 13:32:00,0.57,3372.14,0.58,3439.15,0.56,3208.01
2026-04-14 13:33:00,0.57,3390.52,0.58,3514.49,0.56,3199.72
2026-04-14 13:34:00,0.57,3362.1,0.58,3532.4,0.56,3235.45
2026-04-14 13:35:00,0.58,3432.99,0.58,3471.97,0.56,3212.22
2026-04-14 13:36:00,0.57,3403.41,0.58,3486.97,0.56,3247.79
2026-04-14 13:37:00,0.58,3447.8,0.58,3512.36,0.56,3214.14
2026-04-14 13:38:00,0.57,3369.27,0.59,3547.62,0.57,3306.9
2026-04-14 13:39:00,0.57,3360.42,0.59,3604.35,0.57,3287.04
2026-04-14 13:40:00,0.57,3389.87,0.58,3525.68,0.56,3241.63
2026-04-14 13:41:00,0.58,3414.42,0.58,3517.65,0.56,3206.57
2026-04-14 13:42:00,0.57,3384.14,0.59,3577.48,0.56,3231.19
2026-04-14 13:43:00,0.58,3413.06,0.59,3557.26,0.56,3229.33
2026-04-14 13:44:00,0.57,3388.81,0.59,3571.14,0.57,3322.31
2026-04-14 13:45:00,0.57,3326.71,0.58,3528.04,0.57,3339.61
2026-04-14 13:46:00,0.58,3426.34,0.59,3561.72,0.56,3251.52
2026-04-14 13:47:00,0.58,3444.53,0.59,3595.77,0.57,3291.93
2026-04-14 13:48:00,0.58,3422.99,0.59,3575.19,0.56,3266.66
2026-04-14 13:49:00,0.57,3367.89,0.59,3570.82,0.56,3246.48
2026-04-14 13:50:00,0.58,3424.9,0.59,3582.82,0.57,3338.08
2026-04-14 13:51:00,0.58,3414.09,0.59,3643.91,0.57,3328.58
2026-04-14 13:52:00,0.58,3528.57,0.59,3573.22,0.57,3299.51
2026-04-14 13:53:00,0.58,3475.57,0.59,3555.51,0.57,3334.26
2026-04-14 13:54:00,0.58,3410.22,0.59,3625.65,0.57,3320.94
2026-04-14 13:55:00,0.58,3410.21,0.59,3590.47,0.57,3406.69
2026-04-14 13:56:00,0.58,3425.26,0.59,3621.06,0.56,3252.07
2026-04-14 13:57:00,0.58,3461.06,0.59,3584.55,0.56,3267.67
2026-04-14 13:58:00,0.58,3461.97,0.59,3644.45,0.56,3258.96
2026-04-14 13:59:00,0.58,3428.63,0.6,3672.75,0.57,3386.82
2026-04-14 14:00:00,0.58,3477.13,0.6,3662.56,0.57,3358.18
2026-04-14 14:01:00,0.58,3485.52,0.59,3636.55,0.57,3354.38
2026-04-14 14:02:00,0.58,3448.68,0.6,3674.23,0.57,3378.51
2026-04-14 14:03:00,0.58,3505.04,0.59,3625.33,0.57,3404.98
2026-04-14 14:04:00,0.58,3478.26,0.6,3678.72,0.57,3407.78
2026-04-14 14:05:00,0.58,3419.54,0.59,3626.09,0.57,3334.48
2026-04-14 14:06:00,0.58,3508.46,0.59,3579.3,0.58,3426.25
2026-04-14 14:07:00,0.58,3531.25,0.59,3589.89,0.57,3342.58
2026-04-14 14:08:00,0.59,3565.13,0.6,3677.58,0.57,3378.48
2026-04-14 14:09:00,0.59,3578.97,0.59,3633.96,0.57,3400.05
2026-04-14 14:10:00,0.58,3529.92,0.59,3644.07,0.58,3413.64
2026-04-14 14:11:00,0.58,3462.32,0.59,3611.34,0.57,3386.52
2026-04-14 14:12:00,0.58,3502.38,0.6,3688.17,0.57,3339.36
2026-04-14 14:13:00,0.58,3491.91,0.59,3589.75,0.57,3325.34
2026-04-14 14:14:00,0.59,3535.16,0.59,3623.49,0.57,3346.41
2026-04-14 14:15:00,0.58,3524.6,0.59,3603.65,0.57,3400.1
2026-04-14 14:16:00,0.58,3485.59,0.6,3692.87,0.57,3323.63
2026-04-14 14:17:00,0.58,3492.54,0.6,3702.33,0.58,3466.79
2026-04-14 14:18:00,0.58,3529.91,0.6,3742.72,0.58,3437.19
2026-04-14 14:19:00,0.59,3616.1,0.59,3649.6,0.58,3494.28
2026-04-14 14:20:00,0.59,3536.29,0.6,3735.57,0.57,3393.72
2026-04-14 14:21:00,0.59,3554.7,0.6,3752.25,0.58,3436.85
2026-04-14 14:22:00,0.59,3598.36,0.6,3739.68,0.57,3381.05
2026-04-14 14:23:00,0.59,3536.05,0.6,3695.96,0.57,3409.27
2026-04-14 14:24:00,0.59,3549.01,0.6,3725.27,0.58,3484.32
2026-04-14 14:25:00,0.59,3557.13,0.6,3715.99,0.58,3495.89
2026-04-14 14:26:00,0.59,3539.07,0.6,3761.54,0.58,3470.37
2026-04-14 14:27:00,0.59,3606.56,0.6,3708.13,0.58,3450.7
2026-04-14 14:28:00,0.59,3581.83,0.6,3731.8,0.58,3493.12
2026-04-14 14:29:00,0.59,3589.92,0.59,3641.82,0.58,3518.83
2026-04-14 14:30:00,0.59,3569.4,0.6,3709.98,0.59,3534.65
2026-04-14 14:31:00,0.59,3643.88,0.59,3645.52,0.58,3433.52
2026-04-14 14:32:00,0.59,3586.71,0.6,3724.76,0.58,3458.7
2026-04-14 14:33:00,0.59,3619.67,0.61,3787.93,0.58,3509.38
2026-04-14 14:34:00,0.58,3505.01,0.61,3793.66,0.58,3419.09
2026-04-14 14:35:00,0.59,3593.19,0.6,3722.46,0.58,3501.87
2026-04-14 14:36:00,0.6,3681.97,0.6,3746.71,0.58,3457.07
2026-04-14 14:37:00,0.59,3585.67,0.6,3781.55,0.58,3456.4
2026-04-14 14:38:00,0.59,3644.03,0.6,3767.91,0.59,3563.25
2026-04-14 14:39:00,0.59,3535.46,0.6,3735.37,0.58,3490.26
2026-04-14 14:40:00,0.59,3633.6,0.6,3779.55,0.58,3526.15
2026-04-14 14:41:00,0.59,3629.69,0.6,3740.43,0.58,3506.24
2026-04-14 14:42:00,0.59,3582.47,0.61,3799.3,0.58,3519.84
2026-04-14 14:43:00,0.59,3624.81,0.6,3775.48,0.59,3570.76
2026-04-14 14:44:00,0.59,3621.1,0.61,3804.38,0.58,3502.79
2026-04-14 14:45:00,0.6,3742.51,0.61,3819.53,0.58,3515.75
2026-04-14 14:46:00,0.59,3597.44,0.61,3868.76,0.58,3493.95
2026-04-14 14:47:00,0.6,3662.98,0.6,3732.48,0.59,3555.47
2026-04-14 14:48:00,0.59,3651.29,0.61,3821.76,0.59,3611.62
2026-04-14 14:49:00,0.59,3587.28,0.61,3880.11,0.59,3567.32
2026-04-14 14:50:00,0.59,3609.91,0.6,3728.09,0.59,3623.74
2026-04-14 14:51:00,0.59,3657.0,0.6,3767.43,0.59,3559.8
2026-04-14 14:52:00,0.59,3606.19,0.61,3810.95,0.58,3474.64
2026-04-14 14:53:00,0.59,3647.65,0.61,3847.09,0.59,3547.06
2026-04-14 14:54:00,0.6,3704.59,0.61,3852.15,0.58,3476.48
2026-04-14 14:55:00,0.6,3693.53,0.61,3879.09,0.59,3562.87
2026-04-14 14:56:00,0.6,3691.24,0.61,3824.27,0.59,3561.75
2026-04-14 14:57:00,0.6,3677.84,0.61,3789.58,0.59,3571.33
2026-04-14 14:58:00,0.6,3723.08,0.61,3848.57,0.58,3533.66
2026-04-14 14:59:00,0.6,3687.99,0.61,3889.93,0.59,3641.08
2026-04-14 15:00:00,0.6,3674.04,0.62,3911.63,0.59,3621.81
2026-04-14 15:01:00,0.61,3785.81,0.61,3811.16,0.59,3555.78
2026-04-14 15:02:00,0.6,3722.63,0.62,3909.68,0.59,3566.46
2026-04-14 15:03:00,0.6,3712.23,0.61,3828.99,0.59,3643.09
2026-04-14 15:04:00,0.59,3620.57,0.61,3813.86,0.59,3543.26
2026-04-14 15:05:00,0.59,3637.21,0.61,3865.57,0.59,3649.54
2026-04-14 15:06:00,0.61,3787.1,0.61,3859.15,0.59,3604.49
2026-04-14 15:07:00,0.61,3784.34,0.62,3931.26,0.6,3669.28
2026-04-14 15:08:00,0.6,3699.84,0.62,3945.41,0.59,3634.18
2026-04-14 15:09:00,0.6,3766.8,0.61,3898.43,0.59,3535.38
2026-04-14 15:10:00,0.6,3757.89,0.61,3825.01,0.59,3644.45
2026-04-14 15:11:00,0.6,3734.92,0.62,3953.49,0.59,3586.68
2026-04-14 15:12:00,0.6,3733.15,0.61,3877.72,0.6,3692.73
2026-04-14 15:13:00,0.6,3662.85,0.61,3883.6,0.6,3663.95
2026-04-14 15:14:00,0.6,3728.57,0.62,3971.24,0.59,3628.62
2026-04-14 15:15:00,0.61,3811.05,0.62,3953.76,0.59,3630.56
2026-04-14 15:16:00,0.61,3828.78,0.62,3949.36,0.59,3633.01
2026-04-14 15:17:00,0.61,3799.88,0.62,3967.15,0.59,3648.5
2026-04-14 15:18:00,0.6,3771.62,0.62,3932.66,0.6,3699.52
2026-04-14 15:19:00,0.6,3721.99,0.62,3969.67,0.59,3572.01
2026-04-14 15:20:00,0.6,3733.39,0.62,3990.14,0.59,3657.67
2026-04-14 15:21:00,0.6,3747.49,0.62,3923.05,0.59,3649.56
2026-04-14 15:22:00,0.61,3794.67,0.61,3887.65,0.59,3647.44
2026-04-14 15:23:00,0.61,3822.0,0.62,3951.38,0.59,3648.99
2026-04-14 15:24:00,0.6,3702.76,0.62,3996.03,0.6,3686.19
2026-04-14 15:25:00,0.61,3804.38,0.62,3998.73,0.59,3589.93
2026-04-14 15:26:00,0.61,3815.41,0.62,3954.87,0.6,3666.03
2026-04-14 15:27:00,0.6,3722.22,0.62,3961.14,0.59,3646.86
2026-04-14 15:28:00,0.61,3850.7,0.62,3911.48,0.6,3693.68
2026-04-14 15:29:00,0.61,3839.85,0.63,4047.66,0.6,3694.59
2026-04-14 15:30:00,0.61,3878.37,0.62,3956.79,0.6,3755.22
2026-04-14 15:31:00,0.61,3814.4,0.61,3889.14,0.6,3710.4
2026-04-14 15:32:00,0.61,3824.07,0.62,3978.89,0.6,3694.36
2026-04-14 15:33:00,0.61,3868.64,0.62,3918.86,0.59,3620.99
2026-04-14 15:34:00,0.61,3799.8,0.62,4019.69,0.6,3773.34
2026-04-14 15:35:00,0.61,3828.49,0.62,4004.77,0.6,3749.74
2026-04-14 15:36:00,0.61,3806.12,0.62,3951.32,0.61,3782.6
2026-04-14 15:37:00,0.61,3860.89,0.62,3907.73,0.6,3683.81
2026-04-14 15:38:00,0.61,3786.93,0.63,4032.69,0.6,3723.05
2026-04-14 15:39:00,0.61,3847.35,0.62,3994.19,0.61,3798.89
2026-04-14 15:40:00,0.61,3819.86,0.62,3979.94,0.6,3729.92
2026-04-14 15:41:00,0.61,3834.94,0.63,4071.61,0.6,3711.89
2026-04-14 15:42:00,0.61,3879.78,0.63,4045.84,0.6,3739.36
2026-04-14 15:43:00,0.61,3901.8,0.62,3965.75,0.6,3749.3
2026-04-14 15:44:00,0.61,3885.74,0.62,3996.03,0.6,3779.91
2026-04-14 15:45:00,0.61,3839.25,0.63,4061.79,0.6,3757.42
2026-04-14 15:46:00,0.61,3862.01,0.62,4006.55,0.61,3820.96
2026-04-14 15:47:00,0.61,3810.44,0.62,4011.62,0.6,3756.54
2026-04-14 15:48:00,0.61,3848.58,0.63,4055.99,0.61,3806.95
2026-04-14 15:49:00,0.62,3917.44,0.63,4047.19,0.6,3768.98
2026-04-14 15:50:00,0.62,3934.69,0.63,4113.36,0.61,3790.14
2026-04-14 15:51:00,0.62,3948.47,0.62,3999.92,0.61,3826.14
2026-04-14 15:52:00,0.61,3877.48,0.62,4011.31,0.61,3790.33
2026-04-14 15:53:00,0.62,3929.15,0.62,4002.1,0.61,3813.18
2026-04-14 15:54:00,0.62,3942.55,0.63,4033.87,0.6,3757.37
2026-04-14 15:55:00,0.62,3929.61,0.63,4053.38,0.6,3744.91
2026-04-14 15:56:00,0.62,3914.79,0.63,4135.8,0.6,3738.7
2026-04-14 15:57:00,0.62,3990.69,0.63,4088.71,0.61,3782.94
2026-04-14 15:58:00,0.62,3976.92,0.63,4062.03,0.6,3739.37
2026-04-14 15:59:00,0.61,3897.31,0.63,4137.9,0.61,3871.48
2026-04-14 16:00:00,0.62,3921.6,0.63,4067.31,0.61,3881.36
2026-04-14 16:01:00,0.62,3943.76,0.63,4082.27,0.6,3768.97
2026-04-14 16:02:00,0.61,3904.38,0.63,4086.89,0.61,3849.75
2026-04-14 16:03:00,0.61,3896.74,0.64,4156.57,0.61,3848.27
2026-04-14 16:04:00,0.62,3950.07,0.63,4057.13,0.61,3826.92
2026-04-14 16:05:00,0.61,3885.15,0.63,4103.37,0.61,3810.0
2026-04-14 16:06:00,0.62,3980.73,0.63,4092.79,0.62,3915.34
2026-04-14 16:07:00,0.63,4040.95,0.63,4095.8,0.61,3793.34
2026-04-14 16:08:00,0.62,3990.22,0.63,4131.35,0.61,3837.93
2026-04-14 16:09:00,0.62,4005.01,0.63,4133.23,0.61,3871.03
2026-04-14 16:10:00,0.62,3939.98,0.63,4097.27,0.61,3847.71
2026-04-14 16:11:00,0.62,3960.78,0.63,4137.34,0.61,3863.63
2026-04-14 16:12:00,0.62,3975.45,0.63,4117.43,0.62,3916.6
2026-04-14 16:13:00,0.62,3957.37,0.63,4116.8,0.61,3801.46
2026-04-14 16:14:00,0.63,4032.58,0.63,4125.6,0.61,3845.94
2026-04-14 16:15:00,0.62,3993.74,0.63,4146.12,0.62,3960.17
2026-04-14 16:16:00,0.63,4034.92,0.63,4075.87,0.61,3803.49
2026-04-14 16:17:00,0.62,3930.28,0.63,4116.03,0.61,3806.6
2026-04-14 16:18:00,0.62,3971.48,0.63,4124.17,0.61,3901.87
2026-04-14 16:19:00,0.62,3995.3,0.63,4108.42,0.61,3816.3
2026-04-14 16:20:00,0.63,4086.98,0.64,4160.21,0.61,3866.66
2026-04-14 16:21:00,0.63,4116.16,0.63,4138.53,0.62,3942.92
2026-04-14 16:22:00,0.63,4030.43,0.64,4237.48,0.61,3861.42
2026-04-14 16:23:00,0.62,3989.39,0.64,4209.65,0.61,3810.18
2026-04-14 16:24:00,0.63,4051.69,0.64,4185.03,0.61,3832.51
2026-04-14 16:25:00,0.62,4029.35,0.64,4160.42,0.61,3880.99
2026-04-14 16:26:00,0.62,4022.51,0.65,4280.55,0.61,3862.53
2026-04-14 16:27:00,0.63,4067.76,0.63,4150.43,0.62,3948.22
2026-04-14 16:28:00,0.63,4045.98,0.64,4214.91,0.62,4010.16
2026-04-14 16:29:00,0.63,4050.63,0.64,4247.31,0.62,3936.36
2026-04-14 16:30:00,0.62,4018.81,0.64,4160.25,0.62,4021.6
2026-04-14 16:31:00,0.63,4046.74,0.64,4194.64,0.62,3964.25
2026-04-14 16:32:00,0.63,4052.56,0.64,4259.45,0.61,3863.1
2026-04-14 16:33:00,0.63,4052.25,0.64,4186.06,0.62,3961.22
2026-04-14 16:34:00,0.63,4068.74,0.63,4105.57,0.62,3962.68
2026-04-14 16:35:00,0.63,4107.11,0.64,4277.79,0.62,3938.42
2026-04-14 16:36:00,0.63,4070.37,0.63,4152.44,0.62,3968.23
2026-04-14 16:37:00,0.63,4114.97,0.64,4271.98,0.62,3969.62
2026-04-14 16:38:00,0.63,4066.45,0.64,4239.83,0.62,3968.03
2026-04-14 16:39:00,0.62,4012.47,0.64,4246.21,0.61,3901.83
2026-04-14 16:40:00,0.63,4119.83,0.64,4199.17,0.62,4015.65
2026-04-14 16:41:00,0.63,4120.73,0.64,4161.52,0.62,4006.86
2026-04-14 16:42:00,0.64,4174.72,0.64,4249.94,0.62,4017.22
2026-04-14 16:43:00,0.63,4058.45,0.64,4242.67,0.62,3969.63
2026-04-14 16:44:00,0.63,4086.22,0.64,4266.71,0.62,3914.87
2026-04-14 16:45:00,0.63,4109.24,0.65,4305.57,0.62,3994.21
2026-04-14 16:46:00,0.63,4143.76,0.64,4208.52,0.62,3972.98
2026-04-14 16:47:00,0.64,4165.94,0.64,4227.86,0.63,4072.69
2026-04-14 16:48:00,0.64,4158.03,0.64,4270.36,0.62,3974.51
2026-04-14 16:49:00,0.63,4124.82,0.64,4200.29,0.62,3921.51
2026-04-14 16:50:00,0.63,4094.28,0.64,4271.6,0.63,4066.13
2026-04-14 16:51:00,0.63,4035.35,0.65,4320.25,0.62,3920.12
2026-04-14 16:52:00,0.63,4061.14,0.65,4332.15,0.63,4091.18
2026-04-14 16:53:00,0.63,4142.58,0.64,4233.64,0.62,4004.29
2026-04-14 16:54:00,0.64,4242.73,0.64,4239.39,0.63,4045.86
2026-04-14 16:55:00,0.63,4121.72,0.64,4252.96,0.62,3939.81
2026-04-14 16:56:00,0.63,4090.48,0.65,4356.24,0.63,4047.84
2026-04-14 16:57:00,0.63,4119.37,0.65,4318.07,0.63,4039.38
2026-04-14 16:58:00,0.64,4183.68,0.64,4277.68,0.62,3976.62
2026-04-14 16:59:00,0.64,4162.49,0.64,4224.71,0.62,4024.45
2026-04-14 17:00:00,0.64,4197.56,0.64,4239.59,0.62,3977.98
2026-04-14 17:01:00,0.64,4163.91,0.65,4376.26,0.63,4035.76
2026-04-14 17:02:00,0.64,4187.42,0.65,4302.31,0.63,4068.99
2026-04-14 17:03:00,0.64,4187.6,0.65,4287.36,0.63,4066.24
2026-04-14 17:04:00,0.63,4094.09,0.65,4327.96,0.63,4055.81
2026-04-14 17:05:00,0.64,4202.18,0.65,4381.38,0.63,4126.35
2026-04-14 17:06:00,0.64,4175.99,0.65,4346.76,0.63,4103.85
2026-04-14 17:07:00,0.64,4193.87,0.65,4352.25,0.63,4080.84
2026-04-14 17:08:00,0.64,4183.79,0.65,4345.33,0.62,4004.49
2026-04-14 17:09:00,0.64,4213.75,0.64,4263.52,0.62,3983.33
2026-04-14 17:10:00,0.64,4274.82,0.65,4357.73,0.63,4054.78
2026-04-14 17:11:00,0.63,4115.72,0.66,4418.7,0.63,4095.14
2026-04-14 17:12:00,0.64,4232.44,0.65,4316.09,0.63,4141.75
2026-04-14 17:13:00,0.64,4227.23,0.65,4399.19,0.63,4063.97
2026-04-14 17:14:00,0.64,4201.01,0.65,4315.12,0.63,4125.34
2026-04-14 17:15:00,0.64,4249.85,0.65,4348.19,0.63,4063.98
2026-04-14 17:16:00,0.64,4266.69,0.66,4410.05,0.63,4140.94
2026-04-14 17:17:00,0.64,4222.35,0.66,4428.76,0.63,4112.07
2026-04-14 17:18:00,0.65,4279.02,0.65,4278.68,0.63,4142.75
2026-04-14 17:19:00,0.64,4223.62,0.66,4425.81,0.63,4054.89
2026-04-14 17:20:00,0.64,4211.0,0.65,4390.05,0.63,4151.61
2026-04-14 17:21:00,0.64,4256.77,0.65,4355.94,0.63,4051.05
2026-04-14 17:22:00,0.65,4283.16,0.66,4450.94,0.63,4122.48
2026-04-14 17:23:00,0.65,4315.51,0.65,4378.57,0.64,4175.53
2026-04-14 17:24:00,0.64,4225.99,0.65,4388.16,0.64,4156.44
2026-04-14 17:25:00,0.64,4264.49,0.66,4404.69,0.64,4215.36
2026-04-14 17:26:00,0.65,4314.52,0.65,4343.94,0.64,4199.31
2026-04-14 17:27:00,0.64,4260.42,0.65,4401.55,0.63,4084.46
2026-04-14 17:28:00,0.64,4249.76,0.65,4392.83,0.64,4207.15
2026-04-14 17:29:00,0.65,4284.0,0.66,4424.11,0.63,4111.84
2026-04-14 17:30:00,0.65,4294.3,0.66,4436.01,0.63,4123.13
2026-04-14 17:31:00,0.65,4341.14,0.66,4444.81,0.64,4193.81
2026-04-14 17:32:00,0.65,4350.24,0.66,4482.85,0.64,4169.01
2026-04-14 17:33:00,0.65,4313.14,0.65,4391.26,0.63,4149.34
2026-04-14 17:34:00,0.64,4266.25,0.66,4457.29,0.63,4094.23
2026-04-14 17:35:00,0.65,4323.43,0.66,4447.51,0.64,4185.65
2026-04-14 17:36:00,0.64,4225.52,0.66,4454.96,0.64,4187.73
2026-04-14 17:37:00,0.65,4316.57,0.65,4364.12,0.63,4120.27
2026-04-14 17:38:00,0.65,4369.18,0.66,4455.88,0.64,4250.96
2026-04-14 17:39:00,0.65,4291.68,0.66,4422.3,0.65,4284.21
2026-04-14 17:40:00,0.65,4296.09,0.66,4451.95,0.65,4280.09
2026-04-14 17:41:00,0.64,4240.24,0.67,4550.47,0.64,4241.36
2026-04-14 17:42:00,0.66,4431.14,0.66,4484.68,0.63,4138.73
2026-04-14 17:43:00,0.65,4356.27,0.66,4483.8,0.64,4218.46
2026-04-14 17:44:00,0.65,4291.75,0.66,4490.62,0.64,4185.13
2026-04-14 17:45:00,0.65,4351.93,0.66,4519.23,0.64,4190.38
2026-04-14 17:46:00,0.66,4415.28,0.67,4590.0,0.64,4229.33
2026-04-14 17:47:00,0.65,4343.06,0.67,4572.61,0.65,4288.57
2026-04-14 17:48:00,0.66,4429.55,0.66,4515.89,0.64,4220.53
2026-04-14 17:49:00,0.66,4403.01,0.66,4511.22,0.65,4319.2
2026-04-14 17:50:00,0.65,4387.08,0.67,4544.0,0.64,4168.61
2026-04-14 17:51:00,0.65,4380.38,0.66,4514.38,0.65,4310.67
2026-04-14 17:52:00,0.66,4444.87,0.66,4459.15,0.65,4327.49
2026-04-14 17:53:00,0.66,4427.24,0.67,4544.66,0.65,4317.76
2026-04-14 17:54:00,0.66,4450.72,0.67,4553.83,0.64,4247.54
2026-04-14 17:55:00,0.66,4445.09,0.66,4476.51,0.64,4217.04
2026-04-14 17:56:00,0.66,4430.24,0.66,4474.58,0.64,4261.8
2026-04-14 17:57:00,0.65,4298.69,0.67,4587.1,0.65,4336.55
2026-04-14 17:58:00,0.66,4456.08,0.67,4563.61,0.65,4292.54
2026-04-14 17:59:00,0.65,4382.87,0.67,4620.2,0.64,4228.48
2026-04-14 18:00:00,0.65,4395.22,0.67,4648.71,0.65,4289.01
2026-04-14 18:01:00,0.66,4474.07,0.67,4611.44,0.65,4314.21
2026-04-14 18:02:00,0.65,4400.83,0.67,4536.71,0.64,4215.41
2026-04-14 18:03:00,0.66,4438.48,0.67,4530.73,0.65,4324.89
2026-04-14 18:04:00,0.66,4426.35,0.67,4534.24,0.65,4291.44
2026-04-14 18:05:00,0.66,4435.21,0.67,4531.23,0.65,4354.98
2026-04-14 18:06:00,0.66,4466.91,0.67,4589.04,0.64,4255.69
2026-04-14 18:07:00,0.65,4375.11,0.67,4633.68,0.65,4308.37
2026-04-14 18:08:00,0.65,4376.15,0.66,4512.6,0.65,4354.33
2026-04-14 18:09:00,0.66,4483.79,0.67,4592.66,0.64,4218.06
2026-04-14 18:10:00,0.65,4389.69,0.68,4694.32,0.66,4422.09
2026-04-14 18:11:00,0.66,4480.26,0.66,4505.1,0.65,4318.11
2026-04-14 18:12:00,0.66,4419.28,0.68,4666.73,0.65,4312.71
2026-04-14 18:13:00,0.66,4493.65,0.67,4615.46,0.65,4309.43
2026-04-14 18:14:00,0.65,4367.83,0.66,4503.84,0.66,4415.82
2026-04-14 18:15:00,0.67,4533.67,0.67,4615.58,0.65,4378.75
2026-04-14 18:16:00,0.66,4411.47,0.67,4647.67,0.66,4432.57
2026-04-14 18:17:00,0.66,4454.26,0.68,4667.3,0.64,4252.29
2026-04-14 18:18:00,0.65,4386.93,0.67,4606.93,0.65,4390.79
2026-04-14 18:19:00,0.66,4484.86,0.67,4624.45,0.65,4350.82
2026-04-14 18:20:00,0.67,4560.48,0.67,4534.45,0.65,4373.53
2026-04-14 18:21:00,0.66,4437.51,0.67,4638.75,0.65,4380.79
2026-04-14 18:22:00,0.67,4551.18,0.67,4636.6,0.65,4336.53
2026-04-14 18:23:00,0.67,4551.57,0.67,4591.17,0.65,4382.1
2026-04-14 18:24:00,0.67,4550.19,0.68,4655.21,0.65,4351.01
2026-04-14 18:25:00,0.66,4513.71,0.68,4719.66,0.65,4358.87
2026-04-14 18:26:00,0.67,4566.85,0.67,4649.4,0.66,4457.21
2026-04-14 18:27:00,0.66,4485.04,0.67,4605.9,0.65,4316.85
2026-04-14 18:28:00,0.66,4495.58,0.67,4631.76,0.65,4392.56
2026-04-14 18:29:00,0.66,4520.74,0.68,4677.91,0.66,4407.66
2026-04-14 18:30:00,0.67,4565.85,0.67,4612.2,0.66,4417.94
2026-04-14 18:31:00,0.66,4512.86,0.67,4635.01,0.66,4445.21
2026-04-14 18:32:00,0.67,4561.14,0.68,4677.01,0.66,4419.49
2026-04-14 18:33:00,0.67,4581.52,0.68,4661.25,0.65,4331.3
2026-04-14 18:34:00,0.66,4499.24,0.68,4673.44,0.66,4424.12
2026-04-14 18:35:00,0.66,4518.1,0.68,4717.58,0.65,4377.56
2026-04-14 18:36:00,0.67,4529.16,0.68,4739.92,0.65,4347.21
2026-04-14 18:37:00,0.66,4440.24,0.67,4630.69,0.65,4385.72
2026-04-14 18:38:00,0.67,4532.01,0.67,4620.97,0.65,4389.19
2026-04-14 18:39:00,0.67,4541.24,0.67,4645.7,0.66,4413.5
2026-04-14 18:40:00,0.67,4536.18,0.68,4715.78,0.66,4428.09
2026-04-14 18:41:00,0.68,4659.97,0.67,4633.32,0.66,4482.3
2026-04-14 18:42:00,0.67,4574.39,0.68,4668.33,0.65,4358.97
2026-04-14 18:43:00,0.67,4582.82,0.69,4815.54,0.66,4459.04
2026-04-14 18:44:00,0.67,4634.31,0.68,4718.32,0.66,4465.57
2026-04-14 18:45:00,0.66,4509.98,0.67,4616.84,0.66,4436.91
2026-04-14 18:46:00,0.67,4598.68,0.68,4764.5,0.66,4462.46
2026-04-14 18:47:00,0.67,4591.29,0.68,4700.41,0.66,4411.03
2026-04-14 18:48:00,0.66,4505.52,0.69,4811.39,0.66,4498.38
2026-04-14 18:49:00,0.67,4571.98,0.69,4783.36,0.65,4360.67
2026-04-14 18:50:00,0.67,4633.28,0.69,4847.1,0.66,4515.4
2026-04-14 18:51:00,0.67,4584.45,0.68,4744.71,0.66,4501.26
2026-04-14 18:52:00,0.68,4658.11,0.68,4771.48,0.66,4477.78
2026-04-14 18:53:00,0.67,4536.57,0.69,4803.43,0.66,4481.55
2026-04-14 18:54:00,0.68,4654.93,0.68,4739.83,0.66,4430.22
2026-04-14 18:55:00,0.67,4565.04,0.68,4764.29,0.66,4481.97
2026-04-14 18:56:00,0.68,4680.46,0.68,4693.91,0.67,4571.83
2026-04-14 18:57:00,0.68,4684.7,0.69,4834.39,0.67,4576.15
2026-04-14 18:58:00,0.67,4620.26,0.69,4827.52,0.66,4424.92
2026-04-14 18:59:00,0.67,4603.77,0.69,4816.32,0.66,4453.38
2026-04-14 19:00:00,0.66,4521.74,0.69,4823.24,0.66,4499.46
2026-04-14 19:01:00,0.67,4644.84,0.68,4717.17,0.66,4494.77
2026-04-14 19:02:00,0.67,4578.03,0.68,4753.23,0.66,4496.95
2026-04-14 19:03:00,0.67,4577.27,0.69,4823.43,0.67,4568.19
2026-04-14 19:04:00,0.68,4701.71,0.69,4826.42,0.66,4436.17
2026-04-14 19:05:00,0.68,4695.97,0.7,4899.14,0.66,4430.59
2026-04-14 19:06:00,0.68,4711.45,0.69,4831.17,0.66,4502.07
2026-04-14 19:07:00,0.68,4684.18,0.68,4766.99,0.66,4481.35
2026-04-14 19:08:00,0.68,4706.68,0.69,4828.72,0.67,4540.18
2026-04-14 19:09:00,0.67,4646.16,0.68,4745.17,0.67,4568.71
2026-04-14 19:10:00,0.68,4660.05,0.69,4850.61,0.67,4544.83
2026-04-14 19:11:00,0.68,4654.44,0.69,4854.92,0.67,4582.1
2026-04-14 19:12:00,0.67,4578.09,0.69,4789.17,0.67,4578.7
2026-04-14 19:13:00,0.68,4705.61,0.68,4740.9,0.67,4614.93
2026-04-14 19:14:00,0.68,4747.46,0.69,4786.31,0.67,4612.59
2026-04-14 19:15:00,0.68,4673.56,0.69,4845.06,0.67,4558.99
2026-04-14 19:16:00,0.68,4770.2,0.68,4751.55,0.67,4620.96
2026-04-14 19:17:00,0.68,4721.84,0.69,4810.53,0.67,4633.8
2026-04-14 19:18:00,0.68,4769.5,0.69,4884.32,0.66,4521.41
2026-04-14 19:19:00,0.67,4624.83,0.7,4913.57,0.67,4584.49
2026-04-14 19:20:00,0.67,4639.4,0.69,4870.34,0.67,4592.05
2026-04-14 19:21:00,0.68,4677.43,0.69,4852.17,0.68,4654.98
2026-04-14 19:22:00,0.68,4748.4,0.69,4791.45,0.67,4601.39
2026-04-14 19:23:00,0.68,4673.34,0.69,4797.26,0.67,4630.33
2026-04-14 19:24:00,0.69,4825.22,0.7,4954.3,0.68,4673.47
2026-04-14 19:25:00,0.68,4744.37,0.69,4836.64,0.68,4670.97
2026-04-14 19:26:00,0.69,4779.91,0.69,4861.63,0.67,4598.39
2026-04-14 19:27:00,0.68,4769.88,0.69,4850.08,0.67,4621.57
2026-04-14 19:28:00,0.68,4718.33,0.69,4882.89,0.67,4606.26
2026-04-14 19:29:00,0.68,4760.1,0.69,4856.56,0.67,4617.83
2026-04-14 19:30:00,0.69,4784.1,0.7,4945.33,0.67,4638.94
2026-04-14 19:31:00,0.68,4721.37,0.69,4869.36,0.67,4645.73
2026-04-14 19:32:00,0.68,4713.64,0.7,4988.01,0.68,4664.32
2026-04-14 19:33:00,0.68,4766.58,0.69,4862.52,0.67,4542.52
2026-04-14 19:34:00,0.69,4795.82,0.69,4884.67,0.67,4649.88
2026-04-14 19:35:00,0.68,4736.67,0.7,5016.06,0.67,4641.22
2026-04-14 19:36:00,0.68,4733.49,0.7,4937.56,0.67,4648.67
2026-04-14 19:37:00,0.69,4826.21,0.7,4965.86,0.68,4698.07
2026-04-14 19:38:00,0.69,4818.69,0.7,4919.86,0.68,4690.16
2026-04-14 19:39:00,0.69,4789.43,0.7,4949.85,0.67,4616.68
2026-04-14 19:40:00,0.69,4840.12,0.7,5019.8,0.68,4725.45
2026-04-14 19:41:00,0.69,4829.3,0.7,5006.96,0.67,4643.24
2026-04-14 19:42:00,0.68,4773.98,0.7,4971.5,0.67,4620.5
2026-04-14 19:43:00,0.68,4752.94,0.7,4971.05,0.68,4709.3
2026-04-14 19:44:00,0.68,4763.33,0.7,4936.68,0.68,4732.87
2026-04-14 19:45:00,0.69,4862.82,0.69,4897.76,0.68,4691.1
2026-04-14 19:46:00,0.69,4794.15,0.7,4997.02,0.67,4619.04
2026-04-14 19:47:00,0.68,4724.57,0.69,4888.17,0.67,4618.51
2026-04-14 19:48:00,0.68,4773.04,0.7,4969.12,0.67,4588.72
2026-04-14 19:49:00,0.69,4789.5,0.7,4942.83,0.68,4718.63
2026-04-14 19:50:00,0.68,4742.67,0.71,5023.56,0.68,4731.55
2026-04-14 19:51:00,0.69,4776.04,0.7,4912.02,0.68,4696.48
2026-04-14 19:52:00,0.69,4795.04,0.7,5019.75,0.69,4798.15
2026-04-14 19:53:00,0.69,4807.61,0.7,5012.12,0.68,4664.16
2026-04-14 19:54:00,0.69,4832.93,0.71,5050.28,0.69,4819.82
2026-04-14 19:55:00,0.69,4844.58,0.71,5053.61,0.68,4652.45
2026-04-14 19:56:00,0.69,4877.49,0.7,5021.51,0.69,4790.38
2026-04-14 19:57:00,0.7,4902.73,0.7,4971.67,0.68,4761.82
2026-04-14 19:58:00,0.69,4814.47,0.71,5050.66,0.68,4699.6
2026-04-14 19:59:00,0.68,4771.27,0.7,4998.74,0.68,4743.67
2026-04-14 20:00:00,0.7,4914.8,0.71,5027.86,0.68,4737.48
2026-04-14 20:01:00,0.69,4837.76,0.71,5076.99,0.68,4754.3
2026-04-14 20:02:00,0.69,4822.36,0.7,4996.24,0.69,4790.76
2026-04-14 20:03:00,0.69,4894.45,0.71,5107.81,0.69,4799.13
2026-04-14 20:04:00,0.7,4938.73,0.7,4921.07,0.69,4826.34
2026-04-14 20:05:00,0.69,4896.18,0.71,5115.63,0.68,4713.05
2026-04-14 20:06:00,0.7,4948.53,0.7,4961.47,0.69,4826.4
2026-04-14 20:07:00,0.69,4804.51,0.71,5052.43,0.68,4712.05
2026-04-14 20:08:00,0.69,4894.28,0.71,5053.7,0.68,4762.71
2026-04-14 20:09:00,0.7,4909.4,0.71,5053.46,0.68,4769.71
2026-04-14 20:10:00,0.7,4926.78,0.71,5064.96,0.69,4808.49
2026-04-14 20:11:00,0.7,4936.88,0.71,5025.39,0.68,4692.06
2026-04-14 20:12:00,0.69,4884.41,0.71,5023.84,0.69,4802.62
2026-04-14 20:13:00,0.7,4992.19,0.71,5099.37,0.68,4767.2
2026-04-14 20:14:00,0.7,4957.62,0.71,5136.38,0.69,4779.97
2026-04-14 20:15:00,0.7,4964.06,0.71,5058.14,0.69,4785.85
2026-04-14 20:16:00,0.7,5005.08,0.7,5014.23,0.69,4791.76
2026-04-14 20:17:00,0.69,4828.53,0.71,5025.72,0.68,4767.52
2026-04-14 20:18:00,0.7,4999.36,0.7,4996.25,0.68,4748.79
2026-04-14 20:19:00,0.7,4918.42,0.71,5117.82,0.69,4846.08
2026-04-14 20:20:00,0.69,4894.43,0.7,5007.87,0.68,4756.36
2026-04-14 20:21:00,0.7,4952.56,0.72,5193.26,0.69,4871.58
2026-04-14 20:22:00,0.7,4978.25,0.7,4994.37,0.68,4745.42
2026-04-14 20:23:00,0.7,4963.82,0.71,5090.49,0.69,4807.35
2026-04-14 20:24:00,0.7,4934.87,0.71,5142.66,0.69,4797.88
2026-04-14 20:25:00,0.7,4928.42,0.71,5082.42,0.69,4817.67
2026-04-14 20:26:00,0.7,4979.51,0.72,5187.54,0.69,4867.73
2026-04-14 20:27:00,0.7,5008.78,0.71,5064.03,0.69,4802.87
2026-04-14 20:28:00,0.7,4939.47,0.71,5085.28,0.69,4850.7
2026-04-14 20:29:00,0.7,4989.62,0.71,5094.75,0.69,4858.3
2026-04-14 20:30:00,0.7,4948.28,0.72,5229.08,0.69,4873.82
2026-04-14 20:31:00,0.7,4992.69,0.71,5091.54,0.69,4798.39
2026-04-14 20:32:00,0.7,5021.39,0.71,5073.06,0.7,4955.47
2026-04-14 20:33:00,0.7,4952.37,0.71,5139.12,0.7,4900.38
2026-04-14 20:34:00,0.71,5043.05,0.72,5232.81,0.69,4861.53
2026-04-14 20:35:00,0.71,5083.39,0.71,5105.95,0.7,4904.51
2026-04-14 20:36:00,0.7,4909.36,0.71,5051.71,0.69,4859.03
2026-04-14 20:37:00,0.7,4994.3,0.72,5213.28,0.69,4895.82
2026-04-14 20:38:00,0.7,5015.45,0.71,5100.07,0.69,4786.47
2026-04-14 20:39:00,0.7,4955.76,0.72,5207.68,0.69,4783.79
2026-04-14 20:40:00,0.7,4943.62,0.72,5253.41,0.69,4883.63
2026-04-14 20:41:00,0.7,4929.3,0.72,5269.92,0.69,4852.87
2026-04-14 20:42:00,0.71,5039.98,0.72,5162.67,0.69,4854.81
2026-04-14 20:43:00,0.71,5096.22,0.73,5299.71,0.71,5024.92
2026-04-14 20:44:00,0.71,5051.0,0.72,5174.37,0.7,4929.96
2026-04-14 20:45:00,0.7,5010.18,0.72,5254.37,0.69,4838.08
2026-04-14 20:46:00,0.71,5031.53,0.72,5229.55,0.69,4854.93
2026-04-14 20:47:00,0.71,5131.01,0.73,5300.61,0.7,4956.93
2026-04-14 20:48:00,0.7,4986.45,0.72,5184.85,0.7,4959.24
2026-04-14 20:49:00,0.71,5079.65,0.72,5202.93,0.69,4897.73
2026-04-14 20:50:00,0.71,5111.71,0.72,5186.63,0.7,4968.05
2026-04-14 20:51:00,0.71,5030.92,0.71,5140.93,0.7,4987.96
2026-04-14 20:52:00,0.71,5077.76,0.73,5273.12,0.7,4934.76
2026-04-14 20:53:00,0.7,4975.04,0.72,5198.74,0.7,4961.28
2026-04-14 20:54:00,0.71,5087.22,0.72,5211.98,0.7,4983.15
2026-04-14 20:55:00,0.71,5030.09,0.72,5202.82,0.69,4897.33
2026-04-14 20:56:00,0.71,5137.48,0.73,5285.09,0.7,4987.32
2026-04-14 20:57:00,0.7,4976.24,0.72,5160.41,0.7,4922.66
2026-04-14 20:58:00,0.72,5158.28,0.72,5226.82,0.71,5095.84
2026-04-14 20:59:00,0.72,5158.18,0.72,5261.36,0.7,4977.91
2026-04-14 21:00:00,0.71,5133.2,0.72,5242.65,0.7,4999.9
2026-04-14 21:01:00,0.71,5131.44,0.72,5187.87,0.7,4967.48
2026-04-14 21:02:00,0.71,5104.94,0.73,5328.14,0.7,5016.71
2026-04-14 21:03:00,0.71,5137.23,0.72,5238.91,0.7,4991.76
2026-04-14 21:04:00,0.71,5113.22,0.72,5253.01,0.7,4983.7
2026-04-14 21:05:00,0.71,5074.69,0.73,5305.77,0.7,5005.39
2026-04-14 21:06:00,0.71,5135.84,0.72,5261.39,0.7,4959.81
2026-04-14 21:07:00,0.72,5157.02,0.73,5331.4,0.71,5036.52
2026-04-14 21:08:00,0.72,5183.9,0.73,5327.1,0.7,4997.62
2026-04-14 21:09:00,0.71,5047.35,0.73,5290.67,0.71,5033.2
2026-04-14 21:10:00,0.71,5082.68,0.72,5233.05,0.7,4985.34
2026-04-14 21:11:00,0.71,5122.16,0.72,5231.25,0.7,5003.31
2026-04-14 21:12:00,0.71,5079.69,0.73,5279.99,0.7,4978.42
2026-04-14 21:13:00,0.71,5093.56,0.72,5253.47,0.71,5135.3
2026-04-14 21:14:00,0.71,5067.29,0.73,5314.12,0.71,5040.5
2026-04-14 21:15:00,0.72,5234.53,0.73,5326.71,0.7,4954.63
2026-04-14 21:16:00,0.71,5062.78,0.73,5326.42,0.71,5086.66
2026-04-14 21:17:00,0.72,5220.39,0.73,5351.47,0.71,5051.6
2026-04-14 21:18:00,0.72,5182.75,0.73,5333.01,0.71,5097.61
2026-04-14 21:19:00,0.71,5097.87,0.74,5410.58,0.71,5088.07
2026-04-14 21:20:00,0.71,5134.96,0.73,5354.83,0.71,5054.83
2026-04-14 21:21:00,0.72,5158.8,0.73,5339.5,0.71,5113.47
2026-04-14 21:22:00,0.71,5140.41,0.74,5419.14,0.71,5097.96
2026-04-14 21:23:00,0.72,5154.14,0.73,5306.16,0.71,5031.95
2026-04-14 21:24:00,0.71,5144.25,0.74,5398.97,0.71,5079.33
2026-04-14 21:25:00,0.72,5241.85,0.72,5229.7,0.71,5122.95
2026-04-14 21:26:00,0.72,5237.87,0.73,5286.14,0.71,5086.32
2026-04-14 21:27:00,0.72,5180.36,0.73,5376.41,0.7,4971.03
2026-04-14 21:28:00,0.72,5179.68,0.73,5298.59,0.72,5146.35
2026-04-14 21:29:00,0.71,5143.89,0.73,5270.13,0.71,5090.62
2026-04-14 21:30:00,0.73,5280.59,0.74,5430.4,0.72,5168.94
2026-04-14 21:31:00,0.72,5183.75,0.72,5248.4,0.72,5168.43
2026-04-14 21:32:00,0.73,5278.6,0.73,5290.92,0.71,5140.87
2026-04-14 21:33:00,0.72,5171.49,0.73,5377.13,0.72,5196.09
2026-04-14 21:34:00,0.72,5250.36,0.73,5319.52,0.71,5034.26
2026-04-14 21:35:00,0.72,5214.3,0.73,5342.45,0.71,5145.04
2026-04-14 21:36:00,0.72,5180.15,0.73,5326.93,0.71,5080.18
2026-04-14 21:37:00,0.72,5193.49,0.74,5459.35,0.71,5059.97
2026-04-14 21:38:00,0.72,5183.11,0.74,5461.58,0.71,5069.63
2026-04-14 21:39:00,0.73,5363.47,0.73,5393.82,0.72,5194.67
2026-04-14 21:40:00,0.73,5303.78,0.74,5501.01,0.71,5122.7
2026-04-14 21:41:00,0.73,5301.3,0.74,5464.19,0.71,5124.36
2026-04-14 21:42:00,0.72,5264.48,0.74,5408.89,0.72,5205.15
2026-04-14 21:43:00,0.72,5236.09,0.74,5462.07,0.72,5209.16
2026-04-14 21:44:00,0.72,5245.52,0.73,5379.85,0.71,5067.21
2026-04-14 21:45:00,0.72,5243.7,0.74,5485.03,0.72,5174.35
2026-04-14 21:46:00,0.72,5257.6,0.74,5472.88,0.72,5247.08
2026-04-14 21:47:00,0.72,5201.11,0.74,5471.93,0.71,5126.27
2026-04-14 21:48:00,0.73,5367.13,0.74,5413.84,0.72,5210.97
2026-04-14 21:49:00,0.72,5253.39,0.73,5381.23,0.72,5184.4
2026-04-14 21:50:00,0.72,5258.52,0.73,5355.8,0.71,5119.82
2026-04-14 21:51:00,0.73,5393.64,0.73,5362.53,0.72,5193.91
2026-04-14 21:52:00,0.73,5311.45,0.73,5373.68,0.71,5143.16
2026-04-14 21:53:00,0.73,5304.36,0.74,5459.63,0.72,5248.93
2026-04-14 21:54:00,0.72,5250.7,0.74,5483.84,0.72,5261.97
2026-04-14 21:55:00,0.73,5312.14,0.74,5479.34,0.73,5275.85
2026-04-14 21:56:00,0.73,5297.72,0.74,5480.16,0.72,5186.95
2026-04-14 21:57:00,0.73,5311.82,0.73,5364.55,0.72,5161.82
2026-04-14 21:58:00,0.72,5226.73,0.74,5497.68,0.72,5246.27
2026-04-14 21:59:00,0.74,5446.36,0.74,5457.03,0.72,5239.79
2026-04-14 22:00:00,0.73,5272.1,0.75,5540.64,0.72,5192.49
2026-04-14 22:01:00,0.73,5302.03,0.75,5576.92,0.72,5217.06
2026-04-14 22:02:00,0.73,5390.43,0.75,5558.1,0.72,5231.73
2026-04-14 22:03:00,0.73,5301.15,0.75,5533.7,0.72,5269.96
2026-04-14 22:04:00,0.73,5305.62,0.74,5503.66,0.73,5289.56
2026-04-14 22:05:00,0.73,5358.32,0.75,5561.42,0.73,5287.46
2026-04-14 22:06:00,0.74,5410.08,0.74,5478.08,0.72,5257.01
2026-04-14 22:07:00,0.73,5300.51,0.75,5603.19,0.72,5202.4
2026-04-14 22:08:00,0.73,5387.33,0.74,5510.46,0.73,5293.01
2026-04-14 22:09:00,0.73,5307.02,0.75,5601.98,0.72,5212.55
2026-04-14 22:10:00,0.74,5481.82,0.74,5396.11,0.73,5285.12
2026-04-14 22:11:00,0.74,5423.81,0.74,5458.45,0.72,5257.56
2026-04-14 22:12:00,0.73,5373.0,0.75,5552.72,0.72,5165.77
2026-04-14 22:13:00,0.73,5358.04,0.75,5533.64,0.72,5261.64
2026-04-14 22:14:00,0.74,5444.19,0.74,5461.1,0.72,5225.6
2026-04-14 22:15:00,0.73,5374.17,0.75,5554.74,0.72,5164.12
2026-04-14 22:16:00,0.73,5386.5,0.75,5607.5,0.72,5213.46
2026-04-14 22:17:00,0.73,5329.4,0.76,5656.1,0.73,5344.67
2026-04-14 22:18:00,0.73,5369.33,0.75,5570.29,0.73,5393.64
2026-04-14 22:19:00,0.74,5494.73,0.74,5492.15,0.72,5246.88
2026-04-14 22:20:00,0.73,5341.37,0.75,5616.18,0.73,5316.04
2026-04-14 22:21:00,0.74,5467.92,0.75,5547.58,0.73,5331.35
2026-04-14 22:22:00,0.74,5453.48,0.75,5555.53,0.73,5297.37
2026-04-14 22:23:00,0.75,5527.93,0.74,5477.46,0.72,5260.74
2026-04-14 22:24:00,0.73,5392.16,0.75,5584.01,0.73,5282.19
2026-04-14 22:25:00,0.74,5461.43,0.76,5700.83,0.74,5407.43
2026-04-14 22:26:00,0.74,5451.49,0.74,5497.15,0.73,5324.3
2026-04-14 22:27:00,0.74,5496.47,0.75,5555.1,0.73,5303.41
2026-04-14 22:28:00,0.74,5487.12,0.75,5530.63,0.73,5276.59
2026-04-14 22:29:00,0.73,5374.41,0.76,5654.06,0.72,5253.47
2026-04-14 22:30:00,0.74,5450.76,0.76,5711.79,0.73,5344.08
2026-04-14 22:31:00,0.74,5411.33,0.75,5632.48,0.73,5278.53
2026-04-14 22:32:00,0.74,5453.19,0.76,5676.7,0.74,5433.01
2026-04-14 22:33:00,0.74,5492.02,0.75,5612.17,0.73,5367.11
2026-04-14 22:34:00,0.74,5494.51,0.76,5705.86,0.72,5262.26
2026-04-14 22:35:00,0.73,5360.17,0.76,5703.18,0.73,5349.77
2026-04-14 22:36:00,0.74,5486.41,0.76,5707.08,0.72,5228.96
2026-04-14 22:37:00,0.74,5517.25,0.76,5689.65,0.73,5352.92
2026-04-14 22:38:00,0.75,5531.31,0.75,5619.95,0.73,5347.57
2026-04-14 22:39:00,0.74,5442.45,0.76,5743.05,0.73,5360.01
2026-04-14 22:40:00,0.74,5469.64,0.76,5696.45,0.74,5410.93
2026-04-14 22:41:00,0.74,5509.78,0.75,5628.19,0.74,5403.35
2026-04-14 22:42:00,0.75,5549.82,0.76,5668.38,0.74,5437.04
2026-04-14 22:43:00,0.75,5525.18,0.76,5720.49,0.73,5367.62
2026-04-14 22:44:00,0.75,5532.14,0.75,5640.96,0.74,5478.07
2026-04-14 22:45:00,0.75,5614.48,0.76,5649.67,0.74,5465.58
2026-04-14 22:46:00,0.75,5543.4,0.76,5644.71,0.73,5392.95
2026-04-14 22:47:00,0.75,5563.89,0.75,5628.06,0.74,5439.09
2026-04-14 22:48:00,0.75,5598.34,0.75,5628.6,0.73,5360.34
2026-04-14 22:49:00,0.74,5453.21,0.76,5650.21,0.73,5392.4
2026-04-14 22:50:00,0.75,5572.27,0.76,5756.45,0.74,5395.11
2026-04-14 22:51:00,0.75,5553.19,0.76,5713.33,0.74,5456.06
2026-04-14 22:52:00,0.74,5508.73,0.76,5719.95,0.74,5504.02
2026-04-14 22:53:00,0.74,5476.35,0.76,5643.53,0.74,5494.92
2026-04-14 22:54:00,0.75,5555.73,0.76,5755.08,0.74,5476.35
2026-04-14 22:55:00,0.75,5622.43,0.76,5673.58,0.73,5367.08
2026-04-14 22:56:00,0.74,5479.99,0.76,5730.41,0.73,5360.16
2026-04-14 22:57:00,0.75,5543.93,0.77,5775.88,0.73,5380.88
2026-04-14 22:58:00,0.75,5575.82,0.76,5680.52,0.74,5408.01
2026-04-14 22:59:00,0.75,5579.98,0.76,5717.82,0.74,5455.03
2026-04-14 23:00:00,0.75,5617.11,0.76,5727.83,0.74,5510.05
2026-04-14 23:01:00,0.75,5532.49,0.77,5839.68,0.74,5407.71
2026-04-14 23:02:00,0.75,5525.85,0.76,5737.8,0.73,5363.79
2026-04-14 23:03:00,0.75,5527.34,0.76,5741.68,0.75,5536.98
2026-04-14 23:04:00,0.75,5563.27,0.76,5762.96,0.73,5359.82
2026-04-14 23:05:00,0.76,5662.28,0.77,5800.14,0.74,5464.24
2026-04-14 23:06:00,0.75,5624.43,0.77,5808.35,0.74,5446.7
2026-04-14 23:07:00,0.75,5558.03,0.76,5666.85,0.74,5473.71
2026-04-14 23:08:00,0.76,5684.25,0.76,5684.17,0.74,5428.41
2026-04-14 23:09:00,0.74,5505.09,0.77,5771.08,0.74,5423.01
2026-04-14 23:10:00,0.75,5556.2,0.77,5792.18,0.74,5437.61
2026-04-14 23:11:00,0.76,5711.93,0.76,5693.0,0.75,5546.85
2026-04-14 23:12:00,0.75,5622.42,0.76,5752.12,0.74,5434.43
2026-04-14 23:13:00,0.75,5591.88,0.76,5662.73,0.74,5461.24
2026-04-14 23:14:00,0.75,5630.48,0.76,5719.06,0.75,5534.0
2026-04-14 23:15:00,0.75,5529.46,0.77,5843.52,0.74,5481.78
2026-04-14 23:16:00,0.75,5596.41,0.77,5776.93,0.74,5509.52
2026-04-14 23:17:00,0.76,5702.63,0.77,5801.91,0.75,5544.88
2026-04-14 23:18:00,0.76,5700.57,0.77,5783.37,0.75,5596.73
2026-04-14 23:19:00,0.76,5690.97,0.76,5748.74,0.74,5440.13
2026-04-14 23:20:00,0.75,5548.19,0.77,5796.36,0.74,5472.33
2026-04-14 23:21:00,0.76,5748.92,0.76,5765.01,0.75,5530.38
2026-04-14 23:22:00,0.76,5763.96,0.77,5779.64,0.75,5563.85
2026-04-14 23:23:00,0.76,5751.67,0.77,5807.42,0.75,5600.51
2026-04-14 23:24:00,0.75,5586.66,0.76,5759.15,0.75,5579.88
2026-04-14 23:25:00,0.75,5612.48,0.77,5822.06,0.76,5651.8
2026-04-14 23:26:00,0.76,5655.16,0.77,5855.46,0.75,5599.51
2026-04-14 23:27:00,0.76,5756.92,0.77,5816.23,0.76,5644.13
2026-04-14 23:28:00,0.76,5731.72,0.77,5843.05,0.75,5639.91
2026-04-14 23:29:00,0.77,5772.01,0.77,5844.72,0.75,5623.26
2026-04-14 23:30:00,0.76,5750.72,0.77,5809.4,0.75,5525.81
2026-04-14 23:31:00,0.76,5734.25,0.77,5811.04,0.74,5506.82
2026-04-14 23:32:00,0.76,5736.21,0.77,5874.05,0.74,5486.61
2026-04-14 23:33:00,0.75,5630.48,0.78,5893.06,0.74,5507.67
2026-04-14 23:34:00,0.77,5786.67,0.77,5859.02,0.75,5583.92
2026-04-14 23:35:00,0.76,5685.78,0.77,5855.35,0.74,5508.26
2026-04-14 23:36:00,0.76,5741.52,0.77,5790.68,0.75,5543.25
2026-04-14 23:37:00,0.76,5677.82,0.77,5792.61,0.75,5547.91
2026-04-14 23:38:00,0.76,5656.47,0.77,5821.41,0.75,5571.7
2026-04-14 23:39:00,0.76,5644.51,0.78,5893.69,0.75,5566.6
2026-04-14 23:40:00,0.76,5734.55,0.77,5787.5,0.74,5513.85
2026-04-14 23:41:00,0.77,5807.54,0.77,5785.57,0.75,5618.59
2026-04-14 23:42:00,0.76,5681.29,0.78,5918.26,0.75,5627.99
2026-04-14 23:43:00,0.77,5816.98,0.78,5926.01,0.76,5659.98
2026-04-14 23:44:00,0.75,5630.83,0.77,5768.19,0.76,5643.95
2026-04-14 23:45:00,0.76,5713.55,0.78,5910.85,0.76,5654.57
2026-04-14 23:46:00,0.76,5707.3,0.78,5915.9,0.75,5567.47
2026-04-14 23:47:00,0.76,5732.34,0.78,6012.75,0.75,5618.28
2026-04-14 23:48:00,0.76,5721.36,0.78,5977.77,0.75,5601.28
2026-04-14 23:49:00,0.77,5850.84,0.78,5903.42,0.75,5528.31
2026-04-14 23:50:00,0.77,5888.2,0.78,5909.12,0.75,5526.42
2026-04-14 23:51:00,0.76,5729.05,0.78,5911.23,0.75,5614.61
2026-04-14 23:52:00,0.77,5784.41,0.77,5860.5,0.75,5596.24
2026-04-14 23:53:00,0.76,5740.01,0.77,5795.91,0.75,5600.74
2026-04-14 23:54:00,0.76,5723.39,0.78,5958.79,0.76,5647.45
2026-04-14 23:55:00,0.76,5736.77,0.77,5809.64,0.76,5704.97
2026-04-14 23:56:00,0.77,5778.72,0.78,5937.08,0.76,5655.94
2026-04-14 23:57:00,0.77,5784.85,0.78,5955.83,0.75,5629.19
2026-04-14 23:58:00,0.76,5734.34,0.79,6030.56,0.75,5639.45
2026-04-14 23:59:00,0.77,5827.01,0.78,5938.14,0.76,5762.87
2026-04-15 00:00:00,0.77,5769.66,0.77,5837.18,0.76,5663.28
2026-04-15 00:01:00,0.78,5904.31,0.79,6073.49,0.76,5745.5
2026-04-15 00:02:00,0.77,5886.15,0.77,5871.85,0.76,5761.18
2026-04-15 00:03:00,0.76,5737.66,0.78,5959.17,0.75,5620.1
2026-04-15 00:04:00,0.77,5885.72,0.78,5997.81,0.76,5763.56
2026-04-15 00:05:00,0.77,5867.74,0.78,6002.18,0.76,5736.72
2026-04-15 00:06:00,0.76,5751.25,0.77,5883.62,0.77,5774.33
2026-04-15 00:07:00,0.77,5873.0,0.79,6016.41,0.76,5645.03
2026-04-15 00:08:00,0.77,5872.18,0.77,5876.09,0.75,5619.6
2026-04-15 00:09:00,0.77,5811.2,0.79,6038.17,0.77,5778.49
2026-04-15 00:10:00,0.77,5826.69,0.78,5944.67,0.76,5702.66
2026-04-15 00:11:00,0.77,5777.59,0.79,6034.06,0.76,5751.16
2026-04-15 00:12:00,0.77,5848.11,0.78,5948.04,0.76,5753.66
2026-04-15 00:13:00,0.78,5899.3,0.79,6088.61,0.77,5840.1
2026-04-15 00:14:00,0.77,5863.77,0.79,6036.33,0.77,5797.33
2026-04-15 00:15:00,0.77,5886.45,0.79,6036.93,0.76,5706.12
2026-04-15 00:16:00,0.78,5941.05,0.78,5922.71,0.77,5767.49
2026-04-15 00:17:00,0.78,5895.67,0.78,5926.56,0.77,5776.88
2026-04-15 00:18:00,0.78,5890.7,0.78,5998.17,0.76,5659.05
2026-04-15 00:19:00,0.77,5865.45,0.78,5902.72,0.76,5750.25
2026-04-15 00:20:00,0.78,5920.16,0.79,6054.72,0.77,5820.72
2026-04-15 00:21:00,0.77,5811.61,0.79,6116.52,0.76,5740.43
2026-04-15 00:22:00,0.77,5798.91,0.78,5983.01,0.76,5727.47
2026-04-15 00:23:00,0.78,5930.34,0.79,6065.48,0.77,5775.0
2026-04-15 00:24:00,0.78,5895.58,0.78,5998.97,0.76,5709.07
2026-04-15 00:25:00,0.77,5837.28,0.79,6032.07,0.77,5793.23
2026-04-15 00:26:00,0.77,5865.7,0.79,6075.79,0.77,5804.41
2026-04-15 00:27:00,0.77,5856.25,0.79,6055.23,0.77,5838.66
2026-04-15 00:28:00,0.78,6008.69,0.78,5954.82,0.76,5680.78
2026-04-15 00:29:00,0.78,5978.78,0.79,6045.07,0.78,5907.74
2026-04-15 00:30:00,0.78,5996.74,0.78,6010.55,0.77,5831.35
2026-04-15 00:31:00,0.77,5874.58,0.79,6065.59,0.76,5733.98
2026-04-15 00:32:00,0.78,6014.0,0.8,6183.81,0.77,5798.29
2026-04-15 00:33:00,0.77,5882.53,0.79,6029.27,0.76,5765.49
2026-04-15 00:34:00,0.78,5999.58,0.79,6034.43,0.77,5871.17
2026-04-15 00:35:00,0.77,5855.12,0.8,6144.04,0.77,5777.4
2026-04-15 00:36:00,0.78,5945.18,0.79,6103.04,0.77,5820.55
2026-04-15 00:37:00,0.78,5945.34,0.79,6078.14,0.77,5832.45
2026-04-15 00:38:00,0.78,5993.0,0.79,6104.18,0.77,5860.16
2026-04-15 00:39:00,0.79,6015.72,0.78,6002.9,0.77,5869.2
2026-04-15 00:40:00,0.78,6011.16,0.8,6138.01,0.77,5843.47
2026-04-15 00:41:00,0.79,6056.32,0.79,6035.65,0.78,5947.93
2026-04-15 00:42:00,0.78,6010.87,0.79,6128.45,0.77,5825.46
2026-04-15 00:43:00,0.78,5990.89,0.79,6076.21,0.77,5844.27
2026-04-15 00:44:00,0.78,5957.05,0.8,6219.53,0.76,5754.59
2026-04-15 00:45:00,0.77,5856.66,0.8,6168.49,0.76,5761.13
2026-04-15 00:46:00,0.79,6046.79,0.8,6144.76,0.77,5826.48
2026-04-15 00:47:00,0.79,6052.21,0.79,6058.55,0.77,5882.43
2026-04-15 00:48:00,0.79,6031.5,0.79,6079.3,0.78,5935.33
2026-04-15 00:49:00,0.79,6032.65,0.8,6217.36,0.78,5899.2
2026-04-15 00:50:00,0.78,5979.45,0.8,6195.61,0.77,5778.98
2026-04-15 00:51:00,0.78,5991.05,0.79,6114.0,0.78,5922.37
2026-04-15 00:52:00,0.79,6055.47,0.79,6131.34,0.78,5905.86
2026-04-15 00:53:00,0.79,6074.83,0.79,6059.99,0.77,5821.29
2026-04-15 00:54:00,0.79,6024.7,0.79,6123.32,0.77,5822.32
2026-04-15 00:55:00,0.79,6040.48,0.8,6186.69,0.77,5787.54
2026-04-15 00:56:00,0.79,6109.71,0.8,6208.0,0.77,5798.27
2026-04-15 00:57:00,0.79,6052.03,0.79,6122.77,0.77,5852.53
2026-04-15 00:58:00,0.79,6093.05,0.81,6283.01,0.77,5824.37
2026-04-15 00:59:00,0.79,6032.62,0.8,6200.87,0.78,5912.51
2026-04-15 01:00:00,0.79,6083.57,0.79,6108.96,0.78,5944.71
2026-04-15 01:01:00,0.78,5984.82,0.81,6288.72,0.78,5970.88
2026-04-15 01:02:00,0.79,6025.46,0.8,6216.41,0.78,5990.43
2026-04-15 01:03:00,0.79,6044.18,0.8,6150.52,0.78,5980.76
2026-04-15 01:04:00,0.8,6146.6,0.8,6148.28,0.78,5905.42
2026-04-15 01:05:00,0.78,6001.85,0.8,6232.19,0.78,5905.63
2026-04-15 01:06:00,0.79,6111.53,0.8,6217.19,0.77,5845.16
2026-04-15 01:07:00,0.79,6105.02,0.8,6155.33,0.77,5834.68
2026-04-15 01:08:00,0.79,6089.11,0.8,6184.46,0.79,6026.04
2026-04-15 01:09:00,0.78,5964.68,0.8,6184.51,0.78,6001.89
2026-04-15 01:10:00,0.8,6178.36,0.8,6139.05,0.79,6058.4
2026-04-15 01:11:00,0.79,6070.71,0.8,6202.9,0.79,6040.86
2026-04-15 01:12:00,0.79,6115.78,0.8,6248.93,0.78,5967.63
2026-04-15 01:13:00,0.79,6126.79,0.8,6159.3,0.77,5875.72
2026-04-15 01:14:00,0.79,6039.64,0.8,6245.04,0.79,6035.29
2026-04-15 01:15:00,0.79,6038.56,0.81,6361.48,0.78,5989.06
2026-04-15 01:16:00,0.79,6045.36,0.81,6336.59,0.78,6008.84
2026-04-15 01:17:00,0.78,6012.12,0.8,6181.3,0.78,5986.01
2026-04-15 01:18:00,0.79,6027.03,0.81,6273.92,0.78,5950.88
2026-04-15 01:19:00,0.79,6057.16,0.81,6370.96,0.78,5996.59
2026-04-15 01:20:00,0.79,6093.74,0.8,6170.12,0.78,5975.49
2026-04-15 01:21:00,0.8,6184.98,0.81,6272.22,0.78,6013.08
2026-04-15 01:22:00,0.8,6176.21,0.81,6282.35,0.78,5963.07
2026-04-15 01:23:00,0.79,6136.56,0.8,6228.0,0.78,5995.3
2026-04-15 01:24:00,0.79,6056.68,0.81,6339.07,0.78,5946.79
2026-04-15 01:25:00,0.79,6133.75,0.82,6415.48,0.79,6077.41
2026-04-15 01:26:00,0.79,6065.13,0.8,6240.79,0.79,6040.93
2026-04-15 01:27:00,0.8,6214.9,0.8,6242.0,0.79,6042.05
2026-04-15 01:28:00,0.79,6067.59,0.81,6339.97,0.79,6018.69
2026-04-15 01:29:00,0.79,6135.4,0.8,6220.2,0.79,6043.28
2026-04-15 01:30:00,0.8,6244.1,0.8,6239.0,0.78,5981.55
2026-04-15 01:31:00,0.8,6190.44,0.81,6355.86,0.79,6016.36
2026-04-15 01:32:00,0.79,6134.12,0.81,6338.06,0.78,5934.73
2026-04-15 01:33:00,0.79,6115.51,0.81,6333.3,0.79,6054.1
2026-04-15 01:34:00,0.8,6193.57,0.81,6285.92,0.8,6157.74
2026-04-15 01:35:00,0.81,6291.1,0.8,6258.69,0.79,6061.06
2026-04-15 01:36:00,0.8,6197.23,0.81,6363.73,0.79,6050.7
2026-04-15 01:37:00,0.79,6069.0,0.81,6283.84,0.79,6036.48
2026-04-15 01:38:00,0.79,6121.01,0.81,6305.94,0.79,6127.07
2026-04-15 01:39:00,0.81,6264.22,0.81,6330.98,0.78,6013.98
2026-04-15 01:40:00,0.8,6186.07,0.81,6327.35,0.79,6113.48
2026-04-15 01:41:00,0.8,6184.17,0.81,6277.46,0.78,5996.46
2026-04-15 01:42:00,0.81,6286.93,0.81,6348.59,0.8,6209.03
2026-04-15 01:43:00,0.8,6199.27,0.81,6305.84,0.8,6170.0
2026-04-15 01:44:00,0.8,6181.21,0.82,6427.54,0.79,6064.7
2026-04-15 01:45:00,0.8,6204.68,0.81,6311.46,0.79,6101.64
2026-04-15 01:46:00,0.81,6298.89,0.81,6361.93,0.8,6146.15
2026-04-15 01:47:00,0.79,6119.59,0.81,6366.44,0.79,6065.34
2026-04-15 01:48:00,0.81,6300.17,0.81,6277.14,0.79,6106.78
2026-04-15 01:49:00,0.8,6227.78,0.81,6320.12,0.8,6155.82
2026-04-15 01:50:00,0.8,6208.3,0.82,6459.34,0.8,6172.63
2026-04-15 01:51:00,0.8,6232.48,0.82,6419.29,0.79,6085.94
2026-04-15 01:52:00,0.8,6236.88,0.81,6287.92,0.8,6146.61
2026-04-15 01:53:00,0.8,6223.89,0.82,6442.75,0.79,6069.38
2026-04-15 01:54:00,0.8,6208.78,0.81,6330.19,0.79,6081.16
2026-04-15 01:55:00,0.81,6353.98,0.81,6286.17,0.79,6074.28
2026-04-15 01:56:00,0.8,6223.64,0.83,6541.25,0.8,6138.94
2026-04-15 01:57:00,0.8,6228.94,0.82,6493.48,0.79,6030.81
2026-04-15 01:58:00,0.8,6169.9,0.81,6378.12,0.79,6039.03
2026-04-15 01:59:00,0.8,6201.74,0.82,6499.95,0.79,6097.49
2026-04-15 02:00:00,0.81,6336.1,0.82,6405.39,0.8,6190.84
2026-04-15 02:01:00,0.81,6262.31,0.81,6328.11,0.8,6223.18
2026-04-15 02:02:00,0.8,6221.9,0.82,6466.59,0.8,6148.45
2026-04-15 02:03:00,0.81,6361.95,0.82,6493.91,0.8,6234.95
2026-04-15 02:04:00,0.81,6315.49,0.82,6424.68,0.8,6151.57
2026-04-15 02:05:00,0.8,6170.05,0.81,6346.61,0.8,6160.91
2026-04-15 02:06:00,0.81,6365.53,0.83,6514.46,0.79,6050.37
2026-04-15 02:07:00,0.81,6288.88,0.81,6373.03,0.8,6189.53
2026-04-15 02:08:00,0.81,6312.19,0.81,6363.16,0.8,6141.98
2026-04-15 02:09:00,0.82,6396.73,0.82,6451.53,0.8,6202.65
2026-04-15 02:10:00,0.8,6207.63,0.83,6514.16,0.8,6209.2
2026-04-15 02:11:00,0.81,6375.31,0.82,6490.24,0.79,6125.14
2026-04-15 02:12:00,0.81,6369.91,0.83,6549.89,0.79,6089.99
2026-04-15 02:13:00,0.81,6272.08,0.82,6459.93,0.8,6258.92
2026-04-15 02:14:00,0.82,6454.17,0.82,6462.79,0.8,6221.99
2026-04-15 02:15:00,0.81,6357.6,0.82,6459.44,0.8,6159.27
2026-04-15 02:16:00,0.81,6348.12,0.83,6517.6,0.8,6200.09
2026-04-15 02:17:00,0.81,6342.82,0.83,6515.81,0.81,6323.85
2026-04-15 02:18:00,0.8,6251.47,0.82,6461.93,0.79,6082.76
2026-04-15 02:19:00,0.8,6247.11,0.83,6520.02,0.79,6127.5
2026-04-15 02:20:00,0.82,6407.26,0.83,6621.26,0.81,6341.67
2026-04-15 02:21:00,0.81,6330.44,0.82,6466.55,0.79,6131.24
2026-04-15 02:22:00,0.82,6404.33,0.82,6423.75,0.8,6159.94
2026-04-15 02:23:00,0.81,6320.42,0.83,6593.65,0.81,6313.95
2026-04-15 02:24:00,0.81,6311.46,0.83,6522.55,0.81,6317.19
2026-04-15 02:25:00,0.81,6352.35,0.82,6436.07,0.8,6163.37
2026-04-15 02:26:00,0.82,6415.61,0.83,6571.86,0.8,6149.83
2026-04-15 02:27:00,0.82,6417.23,0.82,6397.4,0.81,6279.56
2026-04-15 02:28:00,0.81,6270.16,0.83,6545.41,0.81,6348.24
2026-04-15 02:29:00,0.81,6338.21,0.82,6461.5,0.81,6308.45
2026-04-15 02:30:00,0.82,6404.1,0.83,6606.14,0.81,6284.11
2026-04-15 02:31:00,0.81,6310.44,0.83,6535.76,0.8,6259.22
2026-04-15 02:32:00,0.82,6487.1,0.83,6528.98,0.8,6164.46
2026-04-15 02:33:00,0.82,6420.69,0.83,6541.04,0.8,6189.22
2026-04-15 02:34:00,0.81,6331.41,0.82,6505.13,0.8,6195.21
2026-04-15 02:35:00,0.82,6453.89,0.83,6516.33,0.81,6273.21
2026-04-15 02:36:00,0.82,6411.08,0.83,6561.08,0.81,6359.53
2026-04-15 02:37:00,0.81,6311.31,0.82,6445.16,0.8,6168.1
2026-04-15 02:38:00,0.81,6373.2,0.83,6595.5,0.8,6241.92
2026-04-15 02:39:00,0.82,6467.6,0.83,6538.29,0.8,6247.71
2026-04-15 02:40:00,0.82,6463.53,0.82,6491.92,0.81,6337.16
2026-04-15 02:41:00,0.82,6428.62,0.82,6505.43,0.8,6192.77
2026-04-15 02:42:00,0.82,6470.67,0.82,6480.65,0.8,6245.71
2026-04-15 02:43:00,0.81,6345.37,0.84,6653.95,0.81,6378.01
2026-04-15 02:44:00,0.82,6452.03,0.82,6498.18,0.81,6384.31
2026-04-15 02:45:00,0.83,6569.33,0.83,6562.76,0.8,6213.4
2026-04-15 02:46:00,0.82,6430.76,0.83,6609.03,0.82,6393.59
2026-04-15 02:47:00,0.82,6432.62,0.82,6487.77,0.82,6407.85
2026-04-15 02:48:00,0.83,6541.53,0.84,6691.93,0.81,6277.71
2026-04-15 02:49:00,0.82,6452.86,0.84,6737.08,0.81,6331.04
2026-04-15 02:50:00,0.82,6434.49,0.84,6705.6,0.81,6338.17
2026-04-15 02:51:00,0.82,6450.47,0.84,6688.44,0.82,6434.02
2026-04-15 02:52:00,0.83,6540.64,0.84,6711.94,0.81,6321.46
2026-04-15 02:53:00,0.83,6536.58,0.84,6655.1,0.81,6269.91
2026-04-15 02:54:00,0.82,6464.25,0.84,6641.71,0.82,6394.27
2026-04-15 02:55:00,0.83,6515.59,0.84,6723.18,0.82,6391.94
2026-04-15 02:56:00,0.82,6462.43,0.84,6674.87,0.81,6305.14
2026-04-15 02:57:00,0.82,6497.6,0.83,6524.58,0.81,6340.79
2026-04-15 02:58:00,0.82,6446.8,0.83,6623.57,0.81,6309.09
2026-04-15 02:59:00,0.82,6489.14,0.84,6705.32,0.81,6268.09
2026-04-15 03:00:00,0.82,6504.23,0.83,6597.38,0.81,6271.0
2026-04-15 03:01:00,0.82,6483.48,0.84,6729.17,0.82,6415.11
2026-04-15 03:02:00,0.82,6404.81,0.83,6598.67,0.82,6417.27
2026-04-15 03:03:00,0.82,6484.16,0.84,6667.61,0.81,6326.6
2026-04-15 03:04:00,0.82,6434.59,0.84,6691.07,0.82,6391.3
2026-04-15 03:05:00,0.83,6586.01,0.83,6590.69,0.82,6406.44
2026-04-15 03:06:00,0.83,6561.13,0.84,6650.26,0.81,6338.22
2026-04-15 03:07:00,0.83,6583.86,0.84,6686.32,0.82,6408.96
2026-04-15 03:08:00,0.82,6481.27,0.83,6610.09,0.82,6402.41
2026-04-15 03:09:00,0.83,6573.67,0.83,6615.49,0.83,6511.01
2026-04-15 03:10:00,0.82,6485.87,0.83,6631.88,0.82,6430.45
2026-04-15 03:11:00,0.82,6442.17,0.84,6671.54,0.81,6361.57
2026-04-15 03:12:00,0.83,6604.21,0.83,6576.74,0.81,6381.46
2026-04-15 03:13:00,0.83,6521.34,0.85,6770.44,0.81,6372.59
2026-04-15 03:14:00,0.83,6600.62,0.84,6719.55,0.81,6309.43
2026-04-15 03:15:00,0.83,6540.21,0.83,6596.99,0.82,6465.89
2026-04-15 03:16:00,0.82,6506.08,0.83,6625.88,0.83,6566.88
2026-04-15 03:17:00,0.84,6637.44,0.85,6798.4,0.83,6526.66
2026-04-15 03:18:00,0.83,6569.64,0.84,6687.67,0.82,6446.89
2026-04-15 03:19:00,0.83,6625.56,0.84,6697.43,0.83,6531.58
2026-04-15 03:20:00,0.83,6592.51,0.84,6724.93,0.81,6372.75
2026-04-15 03:21:00,0.83,6518.97,0.84,6728.77,0.81,6346.51
2026-04-15 03:22:00,0.84,6652.89,0.84,6713.39,0.83,6590.13
2026-04-15 03:23:00,0.83,6604.76,0.84,6741.87,0.82,6476.77
2026-04-15 03:24:00,0.83,6578.2,0.85,6773.46,0.82,6403.37
2026-04-15 03:25:00,0.83,6589.18,0.84,6735.56,0.83,6510.11
2026-04-15 03:26:00,0.83,6632.75,0.85,6770.59,0.82,6496.33
2026-04-15 03:27:00,0.83,6614.65,0.85,6812.5,0.83,6540.46
2026-04-15 03:28:00,0.83,6517.18,0.85,6835.33,0.82,6501.48
2026-04-15 03:29:00,0.83,6557.06,0.84,6652.64,0.82,6458.85
2026-04-15 03:30:00,0.84,6637.32,0.86,6894.57,0.83,6515.01
2026-04-15 03:31:00,0.84,6666.7,0.85,6875.19,0.82,6440.75
2026-04-15 03:32:00,0.83,6607.47,0.85,6801.55,0.83,6565.83
2026-04-15 03:33:00,0.84,6737.77,0.85,6761.19,0.83,6532.67
2026-04-15 03:34:00,0.83,6616.22,0.84,6724.96,0.82,6439.9
2026-04-15 03:35:00,0.83,6599.57,0.85,6817.52,0.83,6544.42
2026-04-15 03:36:00,0.84,6643.29,0.86,6891.81,0.82,6482.68
2026-04-15 03:37:00,0.83,6609.71,0.84,6752.1,0.83,6617.88
2026-04-15 03:38:00,0.84,6679.6,0.85,6808.84,0.83,6510.01
2026-04-15 03:39:00,0.83,6626.51,0.84,6705.45,0.82,6463.82
2026-04-15 03:40:00,0.83,6598.91,0.84,6725.5,0.82,6492.23
2026-04-15 03:41:00,0.83,6597.41,0.86,6941.01,0.83,6510.34
2026-04-15 03:42:00,0.83,6613.46,0.85,6865.82,0.83,6592.78
2026-04-15 03:43:00,0.84,6752.93,0.84,6751.62,0.83,6546.44
2026-04-15 03:44:00,0.84,6706.38,0.84,6724.97,0.82,6494.71
2026-04-15 03:45:00,0.84,6667.68,0.84,6755.2,0.84,6642.74
2026-04-15 03:46:00,0.84,6748.78,0.84,6731.36,0.84,6686.8
2026-04-15 03:47:00,0.84,6749.39,0.85,6784.99,0.84,6660.5
2026-04-15 03:48:00,0.84,6666.62,0.86,6891.21,0.82,6474.97
2026-04-15 03:49:00,0.83,6597.45,0.85,6863.89,0.83,6566.13
2026-04-15 03:50:00,0.84,6740.6,0.85,6779.85,0.84,6638.61
2026-04-15 03:51:00,0.85,6788.26,0.86,6901.8,0.83,6515.86
2026-04-15 03:52:00,0.84,6733.82,0.85,6800.3,0.83,6609.02
2026-04-15 03:53:00,0.85,6789.29,0.85,6786.09,0.82,6471.31
2026-04-15 03:54:00,0.84,6699.89,0.86,6949.09,0.84,6654.1
2026-04-15 03:55:00,0.85,6763.59,0.86,6939.75,0.82,6472.15
2026-04-15 03:56:00,0.83,6607.12,0.85,6851.66,0.83,6525.74
2026-04-15 03:57:00,0.84,6740.27,0.84,6750.84,0.83,6555.9
2026-04-15 03:58:00,0.84,6747.39,0.86,6886.9,0.83,6570.78
2026-04-15 03:59:00,0.85,6845.91,0.85,6851.36,0.83,6590.85
2026-04-15 04:00:00,0.85,6772.96,0.85,6830.62,0.84,6665.62
2026-04-15 04:01:00,0.84,6662.41,0.85,6859.18,0.83,6587.26
2026-04-15 04:02:00,0.84,6669.2,0.86,6920.04,0.84,6735.2
2026-04-15 04:03:00,0.85,6770.04,0.85,6814.44,0.82,6509.47
2026-04-15 04:04:00,0.84,6757.49,0.85,6790.14,0.84,6649.58
2026-04-15 04:05:00,0.85,6814.06,0.85,6778.35,0.83,6562.43
2026-04-15 04:06:00,0.84,6645.76,0.86,6899.39,0.83,6552.51
2026-04-15 04:07:00,0.85,6881.89,0.87,7025.37,0.84,6683.73
2026-04-15 04:08:00,0.85,6764.42,0.86,6892.86,0.84,6713.0
2026-04-15 04:09:00,0.84,6638.67,0.86,6916.57,0.84,6719.01
2026-04-15 04:10:00,0.85,6856.88,0.86,6943.46,0.83,6621.58
2026-04-15 04:11:00,0.85,6775.87,0.86,6976.86,0.83,6588.6
2026-04-15 04:12:00,0.85,6829.6,0.85,6881.63,0.83,6616.33
2026-04-15 04:13:00,0.85,6792.9,0.86,6994.58,0.84,6736.04
2026-04-15 04:14:00,0.84,6717.45,0.85,6876.3,0.83,6599.13
2026-04-15 04:15:00,0.85,6775.4,0.87,7036.03,0.84,6711.69
2026-04-15 04:16:00,0.84,6748.79,0.86,6909.34,0.83,6594.05
2026-04-15 04:17:00,0.85,6760.06,0.86,6939.01,0.83,6617.11
2026-04-15 04:18:00,0.84,6742.39,0.85,6820.16,0.83,6608.58
2026-04-15 04:19:00,0.86,6888.16,0.86,6882.69,0.83,6619.9
2026-04-15 04:20:00,0.84,6736.95,0.87,7033.44,0.84,6682.83
2026-04-15 04:21:00,0.85,6819.86,0.85,6870.43,0.84,6670.24
2026-04-15 04:22:00,0.85,6769.72,0.87,7027.27,0.85,6764.31
2026-04-15 04:23:00,0.84,6731.71,0.87,7015.87,0.84,6698.83
2026-04-15 04:24:00,0.85,6867.34,0.86,6967.54,0.84,6657.41
2026-04-15 04:25:00,0.85,6866.82,0.87,7033.51,0.84,6740.14
2026-04-15 04:26:00,0.85,6843.59,0.86,6922.58,0.84,6733.64
2026-04-15 04:27:00,0.85,6872.18,0.87,7049.86,0.84,6676.02
2026-04-15 04:28:00,0.85,6785.37,0.87,7011.98,0.84,6728.33
2026-04-15 04:29:00,0.86,6919.59,0.86,6898.53,0.84,6724.47
2026-04-15 04:30:00,0.85,6835.49,0.86,6930.27,0.84,6704.22
2026-04-15 04:31:00,0.85,6820.41,0.87,7016.9,0.84,6704.18
2026-04-15 04:32:00,0.86,6921.5,0.86,6976.55,0.85,6836.23
2026-04-15 04:33:00,0.85,6877.54,0.86,7000.85,0.85,6769.6
2026-04-15 04:34:00,0.86,6900.27,0.86,7003.91,0.84,6647.68
2026-04-15 04:35:00,0.85,6806.23,0.86,6922.75,0.85,6854.2
2026-04-15 04:36:00,0.86,6927.26,0.88,7144.54,0.83,6616.58
2026-04-15 04:37:00,0.85,6833.18,0.88,7141.5,0.84,6634.22
2026-04-15 04:38:00,0.86,6885.28,0.87,7097.0,0.85,6876.7
2026-04-15 04:39:00,0.86,6953.25,0.87,7019.4,0.85,6769.24
2026-04-15 04:40:00,0.87,7010.17,0.87,7069.18,0.85,6823.06
2026-04-15 04:41:00,0.86,6926.95,0.87,7022.19,0.85,6795.37
2026-04-15 04:42:00,0.85,6850.1,0.86,6937.09,0.85,6871.68
2026-04-15 04:43:00,0.86,6948.63,0.88,7142.89,0.85,6768.35
2026-04-15 04:44:00,0.85,6872.64,0.87,7064.4,0.85,6833.97
2026-04-15 04:45:00,0.85,6849.77,0.87,7110.96,0.85,6838.31
2026-04-15 04:46:00,0.85,6878.62,0.86,6990.95,0.84,6750.24
2026-04-15 04:47:00,0.87,7013.02,0.87,7006.01,0.85,6822.29
2026-04-15 04:48:00,0.85,6814.65,0.86,6965.8,0.85,6825.39
2026-04-15 04:49:00,0.86,6921.04,0.88,7202.27,0.86,6906.49
2026-04-15 04:50:00,0.85,6823.17,0.88,7174.51,0.84,6750.82
2026-04-15 04:51:00,0.87,7030.58,0.87,7095.16,0.85,6831.5
2026-04-15 04:52:00,0.86,6917.29,0.87,7123.2,0.85,6852.24
2026-04-15 04:53:00,0.85,6857.03,0.88,7167.11,0.85,6800.61
2026-04-15 04:54:00,0.86,6929.75,0.88,7220.73,0.84,6729.52
2026-04-15 04:55:00,0.86,6888.15,0.87,7127.65,0.85,6805.59
2026-04-15 04:56:00,0.86,6978.94,0.88,7180.12,0.85,6834.95
2026-04-15 04:57:00,0.86,6983.65,0.88,7148.77,0.86,6920.43
2026-04-15 04:58:00,0.86,6990.58,0.87,7087.68,0.84,6751.33
2026-04-15 04:59:00,0.87,7071.98,0.87,7027.15,0.86,6929.87
2026-04-15 05:00:00,0.86,6890.4,0.88,7241.3,0.86,6944.27
2026-04-15 05:01:00,0.85,6822.71,0.87,7103.05,0.85,6775.53
2026-04-15 05:02:00,0.86,6912.21,0.88,7155.45,0.85,6866.21
2026-04-15 05:03:00,0.86,6890.68,0.87,7049.52,0.86,6884.24
2026-04-15 05:04:00,0.86,6944.67,0.87,7087.11,0.85,6819.83
2026-04-15 05:05:00,0.87,7017.58,0.88,7218.43,0.85,6860.45
2026-04-15 05:06:00,0.86,6963.8,0.87,7076.23,0.86,6938.88
2026-04-15 05:07:00,0.87,7020.26,0.88,7132.08,0.85,6797.62
2026-04-15 05:08:00,0.87,7037.64,0.88,7163.81,0.86,6909.32
2026-04-15 05:09:00,0.86,6951.8,0.87,7128.39,0.86,6942.93
2026-04-15 05:10:00,0.87,7036.8,0.88,7204.08,0.85,6873.48
2026-04-15 05:11:00,0.86,6909.25,0.88,7230.44,0.86,6895.13
2026-04-15 05:12:00,0.86,6986.71,0.88,7240.63,0.85,6828.38
2026-04-15 05:13:00,0.87,7129.98,0.88,7193.39,0.86,6886.59
2026-04-15 05:14:00,0.86,6922.6,0.88,7214.07,0.85,6874.51
2026-04-15 05:15:00,0.87,7093.99,0.88,7136.43,0.86,6949.05
2026-04-15 05:16:00,0.86,6971.03,0.87,7082.39,0.85,6870.76
2026-04-15 05:17:00,0.86,6963.2,0.88,7215.51,0.85,6827.26
2026-04-15 05:18:00,0.87,7111.45,0.88,7130.51,0.85,6826.74
2026-04-15 05:19:00,0.86,6972.08,0.88,7237.99,0.85,6852.15
2026-04-15 05:20:00,0.87,7031.09,0.89,7273.91,0.85,6870.81
2026-04-15 05:21:00,0.86,6990.3,0.88,7152.65,0.85,6850.94
2026-04-15 05:22:00,0.87,7017.26,0.88,7174.47,0.86,6893.59
2026-04-15 05:23:00,0.87,7066.66,0.89,7296.85,0.85,6834.0
2026-04-15 05:24:00,0.87,7048.04,0.88,7186.43,0.85,6830.16
2026-04-15 05:25:00,0.88,7153.61,0.88,7142.2,0.86,6970.62
2026-04-15 05:26:00,0.87,7062.52,0.89,7279.64,0.86,6914.63
2026-04-15 05:27:00,0.87,7043.8,0.88,7154.92,0.86,6967.75
2026-04-15 05:28:00,0.87,7062.24,0.89,7258.02,0.86,6899.3
2026-04-15 05:29:00,0.86,6986.69,0.88,7233.56,0.85,6874.56
2026-04-15 05:30:00,0.88,7166.29,0.88,7223.82,0.86,6976.57
2026-04-15 05:31:00,0.88,7132.37,0.89,7363.66,0.85,6839.55
2026-04-15 05:32:00,0.87,7120.36,0.89,7262.42,0.86,6988.92
2026-04-15 05:33:00,0.87,7128.21,0.88,7136.54,0.86,6935.72
2026-04-15 05:34:00,0.87,7120.36,0.88,7248.36,0.86,6929.18
2026-04-15 05:35:00,0.87,7100.43,0.89,7292.76,0.86,6993.35
2026-04-15 05:36:00,0.87,7102.14,0.88,7231.47,0.87,7031.3
2026-04-15 05:37:00,0.87,7089.11,0.89,7295.39,0.87,7101.42
2026-04-15 05:38:00,0.88,7152.48,0.89,7301.99,0.86,6882.52
2026-04-15 05:39:00,0.86,6999.67,0.89,7352.81,0.86,6951.47
2026-04-15 05:40:00,0.87,7112.68,0.88,7172.64,0.86,6914.4
2026-04-15 05:41:00,0.87,7110.65,0.89,7346.31,0.86,6990.11
2026-04-15 05:42:00,0.88,7216.47,0.88,7249.32,0.86,6964.43
2026-04-15 05:43:00,0.88,7157.9,0.88,7156.1,0.87,7039.71
2026-04-15 05:44:00,0.87,7046.54,0.89,7360.7,0.87,7056.09
2026-04-15 05:45:00,0.88,7208.44,0.89,7272.96,0.87,7116.02
2026-04-15 05:46:00,0.87,7105.96,0.9,7405.77,0.86,6969.06
2026-04-15 05:47:00,0.87,7039.4,0.89,7363.1,0.87,7067.45
2026-04-15 05:48:00,0.88,7149.1,0.89,7321.45,0.86,6994.43
2026-04-15 05:49:00,0.88,7157.16,0.89,7278.87,0.86,6998.97
2026-04-15 05:50:00,0.88,7205.32,0.9,7430.98,0.88,7167.85
2026-04-15 05:51:00,0.88,7243.7,0.89,7326.57,0.87,7123.89
2026-04-15 05:52:00,0.88,7174.17,0.88,7237.38,0.87,7016.39
2026-04-15 05:53:00,0.88,7231.5,0.89,7265.17,0.88,7201.34
2026-04-15 05:54:00,0.87,7118.55,0.89,7331.45,0.87,7046.29
2026-04-15 05:55:00,0.87,7054.39,0.88,7227.48,0.87,7049.85
2026-04-15 05:56:00,0.88,7160.1,0.89,7282.09,0.86,6986.63
2026-04-15 05:57:00,0.88,7146.9,0.9,7473.66,0.88,7187.38
2026-04-15 05:58:00,0.89,7312.01,0.89,7336.72,0.88,7176.11
2026-04-15 05:59:00,0.88,7215.58,0.89,7281.0,0.87,7025.4
2026-04-15 06:00:00,0.88,7242.56,0.89,7366.13,0.86,6998.75
2026-04-15 06:01:00,0.87,7068.34,0.9,7411.24,0.87,7029.59
2026-04-15 06:02:00,0.88,7136.29,0.9,7415.57,0.88,7172.14
2026-04-15 06:03:00,0.89,7274.17,0.9,7408.61,0.87,7104.13
2026-04-15 06:04:00,0.88,7208.05,0.9,7436.81,0.87,7101.97
2026-04-15 06:05:00,0.88,7184.02,0.89,7302.67,0.87,7053.77
2026-04-15 06:06:00,0.88,7246.15,0.89,7307.65,0.87,7075.65
2026-04-15 06:07:00,0.89,7275.68,0.89,7329.94,0.87,7042.17
2026-04-15 06:08:00,0.88,7171.32,0.91,7510.19,0.88,7143.74
2026-04-15 06:09:00,0.88,7165.18,0.9,7408.64,0.88,7200.51
2026-04-15 06:10:00,0.89,7294.46,0.9,7408.15,0.87,7043.38
2026-04-15 06:11:00,0.88,7136.14,0.89,7323.75,0.87,7093.81
2026-04-15 06:12:00,0.88,7155.25,0.9,7416.24,0.88,7131.66
2026-04-15 06:13:00,0.88,7231.15,0.9,7401.77,0.88,7154.46
2026-04-15 06:14:00,0.89,7315.13,0.9,7383.22,0.88,7161.69
2026-04-15 06:15:00,0.89,7354.93,0.89,7362.56,0.88,7171.41
2026-04-15 06:16:00,0.89,7284.69,0.9,7448.11,0.87,7087.72
2026-04-15 06:17:00,0.88,7197.37,0.89,7309.61,0.88,7151.23
2026-04-15 06:18:00,0.88,7251.49,0.89,7335.65,0.88,7213.98
2026-04-15 06:19:00,0.88,7157.93,0.9,7401.15,0.87,7108.69
2026-04-15 06:20:00,0.88,7231.45,0.89,7309.3,0.88,7219.09
2026-04-15 06:21:00,0.89,7291.03,0.9,7441.91,0.87,7095.11
2026-04-15 06:22:00,0.89,7267.26,0.9,7437.34,0.89,7272.28
2026-04-15 06:23:00,0.89,7377.07,0.9,7448.5,0.89,7256.43
2026-04-15 06:24:00,0.88,7190.69,0.91,7575.57,0.89,7317.0
2026-04-15 06:25:00,0.89,7277.74,0.9,7465.75,0.88,7186.57
2026-04-15 06:26:00,0.9,7384.32,0.91,7539.95,0.88,7138.03
2026-04-15 06:27:00,0.88,7159.64,0.91,7520.04,0.87,7067.45
2026-04-15 06:28:00,0.88,7202.14,0.9,7419.52,0.88,7250.13
2026-04-15 06:29:00,0.89,7291.55,0.9,7474.19,0.89,7276.22
2026-04-15 06:30:00,0.9,7386.04,0.91,7538.44,0.87,7071.54
2026-04-15 06:31:00,0.89,7340.94,0.91,7570.87,0.89,7291.94
2026-04-15 06:32:00,0.89,7296.53,0.89,7376.51,0.89,7264.32
2026-04-15 06:33:00,0.89,7277.28,0.91,7524.6,0.88,7205.3
2026-04-15 06:34:00,0.9,7380.98,0.91,7589.1,0.87,7101.99
2026-04-15 06:35:00,0.89,7265.38,0.9,7464.76,0.88,7177.8
2026-04-15 06:36:00,0.89,7346.48,0.9,7430.61,0.88,7168.68
2026-04-15 06:37:00,0.9,7416.75,0.9,7443.54,0.88,7223.62
2026-04-15 06:38:00,0.9,7457.3,0.89,7369.24,0.88,7231.64
2026-04-15 06:39:00,0.89,7339.56,0.91,7594.6,0.89,7270.1
2026-04-15 06:40:00,0.89,7314.98,0.91,7558.4,0.88,7211.31
2026-04-15 06:41:00,0.89,7336.38,0.91,7503.09,0.89,7348.79
2026-04-15 06:42:00,0.89,7357.95,0.91,7517.02,0.88,7250.63
2026-04-15 06:43:00,0.89,7356.18,0.91,7609.8,0.88,7191.56
2026-04-15 06:44:00,0.89,7284.27,0.91,7504.75,0.89,7353.67
2026-04-15 06:45:00,0.89,7303.22,0.91,7510.17,0.88,7231.44
2026-04-15 06:46:00,0.89,7298.23,0.91,7502.15,0.89,7264.74
2026-04-15 06:47:00,0.89,7303.29,0.9,7433.65,0.88,7196.4
2026-04-15 06:48:00,0.9,7408.5,0.91,7532.18,0.89,7281.54
2026-04-15 06:49:00,0.9,7495.49,0.91,7594.81,0.88,7218.41
2026-04-15 06:50:00,0.89,7330.17,0.92,7665.41,0.89,7345.27
2026-04-15 06:51:00,0.9,7462.06,0.92,7669.31,0.88,7212.92
2026-04-15 06:52:00,0.9,7477.17,0.91,7624.42,0.89,7348.41
2026-04-15 06:53:00,0.89,7289.32,0.9,7481.52,0.89,7323.87
2026-04-15 06:54:00,0.9,7382.2,0.91,7528.04,0.89,7339.97
2026-04-15 06:55:00,0.9,7495.89,0.91,7529.67,0.89,7357.02
2026-04-15 06:56:00,0.9,7433.96,0.9,7497.84,0.88,7241.26
2026-04-15 06:57:00,0.9,7378.98,0.92,7660.84,0.88,7191.7
2026-04-15 06:58:00,0.89,7342.12,0.91,7547.81,0.9,7385.26
2026-04-15 06:59:00,0.9,7441.62,0.91,7596.47,0.88,7185.89
2026-04-15 07:00:00,0.9,7392.78,0.91,7598.2,0.89,7268.89
2026-04-15 07:01:00,0.9,7450.65,0.91,7515.26,0.9,7432.28
2026-04-15 07:02:00,0.9,7438.59,0.91,7572.27,0.89,7270.83
2026-04-15 07:03:00,0.9,7420.47,0.9,7499.57,0.88,7236.2
2026-04-15 07:04:00,0.9,7482.43,0.91,7536.85,0.89,7339.63
2026-04-15 07:05:00,0.9,7434.85,0.91,7528.75,0.89,7368.65
2026-04-15 07:06:00,0.9,7442.13,0.91,7589.93,0.89,7288.66
2026-04-15 07:07:00,0.91,7502.4,0.91,7614.06,0.89,7331.72
2026-04-15 07:08:00,0.9,7409.58,0.91,7562.1,0.9,7471.27
2026-04-15 07:09:00,0.9,7430.33,0.92,7628.86,0.89,7342.84
2026-04-15 07:10:00,0.91,7539.53,0.92,7686.17,0.89,7308.08
2026-04-15 07:11:00,0.9,7434.56,0.91,7591.13,0.89,7344.94
2026-04-15 07:12:00,0.91,7576.7,0.92,7672.37,0.89,7291.45
2026-04-15 07:13:00,0.91,7605.1,0.92,7730.86,0.89,7299.49
2026-04-15 07:14:00,0.9,7499.79,0.91,7530.35,0.9,7459.08
2026-04-15 07:15:00,0.91,7530.76,0.93,7759.26,0.89,7282.95
2026-04-15 07:16:00,0.91,7546.57,0.93,7787.21,0.89,7314.89
2026-04-15 07:17:00,0.91,7558.14,0.91,7614.3,0.9,7450.53
2026-04-15 07:18:00,0.91,7616.66,0.91,7613.75,0.9,7388.75
2026-04-15 07:19:00,0.91,7567.02,0.92,7694.04,0.88,7230.44
2026-04-15 07:20:00,0.91,7586.92,0.93,7810.46,0.89,7286.82
2026-04-15 07:21:00,0.9,7481.76,0.91,7604.77,0.9,7430.3
2026-04-15 07:22:00,0.9,7408.8,0.92,7699.44,0.9,7407.82
2026-04-15 07:23:00,0.91,7569.02,0.92,7723.05,0.9,7428.12
2026-04-15 07:24:00,0.9,7405.64,0.92,7653.75,0.9,7423.44
2026-04-15 07:25:00,0.9,7446.32,0.92,7684.2,0.9,7446.52
2026-04-15 07:26:00,0.9,7456.85,0.91,7625.43,0.9,7386.3
2026-04-15 07:27:00,0.9,7462.84,0.92,7703.56,0.9,7468.82
2026-04-15 07:28:00,0.91,7588.97,0.91,7589.1,0.89,7346.45
2026-04-15 07:29:00,0.9,7493.41,0.93,7763.88,0.9,7452.72
2026-04-15 07:30:00,0.91,7515.12,0.93,7775.06,0.89,7329.7
2026-04-15 07:31:00,0.91,7540.58,0.91,7565.23,0.9,7397.62
2026-04-15 07:32:00,0.91,7524.6,0.93,7813.39,0.9,7427.87
2026-04-15 07:33:00,0.9,7470.58,0.92,7666.57,0.9,7386.9
2026-04-15 07:34:00,0.92,7646.26,0.92,7640.75,0.9,7412.02
2026-04-15 07:35:00,0.91,7503.09,0.92,7663.12,0.89,7364.92
2026-04-15 07:36:00,0.92,7664.67,0.92,7742.98,0.9,7484.76
2026-04-15 07:37:00,0.92,7702.82,0.93,7834.92,0.9,7434.7
2026-04-15 07:38:00,0.91,7529.13,0.92,7666.7,0.9,7378.92
2026-04-15 07:39:00,0.91,7599.85,0.93,7827.49,0.91,7525.19
2026-04-15 07:40:00,0.91,7578.12,0.92,7705.45,0.91,7525.72
2026-04-15 07:41:00,0.91,7552.93,0.92,7685.84,0.9,7501.69
2026-04-15 07:42:00,0.9,7471.79,0.93,7779.12,0.91,7568.58
2026-04-15 07:43:00,0.9,7472.44,0.93,7777.85,0.9,7475.48
2026-04-15 07:44:00,0.92,7649.77,0.93,7754.48,0.89,7355.91
2026-04-15 07:45:00,0.91,7542.75,0.92,7689.97,0.91,7511.32
2026-04-15 07:46:00,0.92,7655.08,0.94,7879.2,0.9,7453.45
2026-04-15 07:47:00,0.92,7637.12,0.92,7674.45,0.91,7517.41
2026-04-15 07:48:00,0.91,7546.03,0.93,7817.7,0.9,7490.89
2026-04-15 07:49:00,0.91,7543.26,0.93,7768.3,0.91,7537.36
2026-04-15 07:50:00,0.92,7727.76,0.93,7782.27,0.9,7466.69
2026-04-15 07:51:00,0.91,7524.65,0.93,7777.84,0.91,7511.9
2026-04-15 07:52:00,0.91,7611.9,0.94,7876.19,0.9,7450.32
2026-04-15 07:53:00,0.91,7600.48,0.92,7675.91,0.91,7550.49
2026-04-15 07:54:00,0.91,7529.02,0.94,7883.43,0.91,7613.11
2026-04-15 07:55:00,0.91,7613.48,0.94,7924.35,0.91,7619.64
2026-04-15 07:56:00,0.92,7640.71,0.93,7829.42,0.9,7450.48
2026-04-15 07:57:00,0.91,7601.45,0.93,7856.62,0.91,7506.71
2026-04-15 07:58:00,0.92,7665.31,0.93,7832.53,0.91,7535.56
2026-04-15 07:59:00,0.93,7797.9,0.92,7719.84,0.9,7497.75
2026-04-15 08:00:00,0.91,7606.06,0.93,7803.22,0.91,7512.44
2026-04-15 08:01:00,0.91,7572.14,0.93,7856.12,0.9,7435.06
2026-04-15 08:02:00,0.92,7631.47,0.93,7872.6,0.91,7615.05
2026-04-15 08:03:00,0.92,7733.07,0.94,7922.29,0.91,7518.39
2026-04-15 08:04:00,0.91,7612.8,0.93,7841.87,0.91,7574.2
2026-04-15 08:05:00,0.91,7559.09,0.94,7876.53,0.91,7619.19
2026-04-15 08:06:00,0.91,7573.95,0.93,7761.93,0.9,7450.2
2026-04-15 08:07:00,0.92,7736.19,0.93,7789.93,0.9,7477.92
2026-04-15 08:08:00,0.92,7716.64,0.94,7935.46,0.91,7570.07
2026-04-15 08:09:00,0.93,7789.08,0.94,7909.9,0.91,7569.78
2026-04-15 08:10:00,0.92,7683.96,0.94,7878.41,0.91,7593.45
2026-04-15 08:11:00,0.91,7611.69,0.93,7832.87,0.9,7488.62
2026-04-15 08:12:00,0.93,7809.35,0.92,7742.17,0.9,7486.41
2026-04-15 08:13:00,0.93,7814.52,0.93,7872.05,0.92,7650.52
2026-04-15 08:14:00,0.93,7782.89,0.94,7939.77,0.92,7703.06
2026-04-15 08:15:00,0.92,7670.95,0.94,7949.52,0.92,7688.41
2026-04-15 08:16:00,0.92,7689.8,0.94,7904.66,0.92,7677.7
2026-04-15 08:17:00,0.92,7647.75,0.93,7846.9,0.92,7688.01
2026-04-15 08:18:00,0.92,7672.36,0.93,7854.21,0.92,7642.78
2026-04-15 08:19:00,0.92,7668.7,0.93,7805.0,0.92,7642.35
2026-04-15 08:20:00,0.93,7750.4,0.94,7965.04,0.92,7628.46
2026-04-15 08:21:00,0.93,7798.18,0.94,7932.86,0.91,7507.32
2026-04-15 08:22:00,0.93,7809.62,0.94,7971.7,0.92,7718.29
2026-04-15 08:23:00,0.92,7685.39,0.93,7816.57,0.91,7595.1
2026-04-15 08:24:00,0.93,7832.51,0.93,7838.64,0.92,7724.61
2026-04-15 08:25:00,0.93,7828.45,0.94,7924.21,0.92,7686.17
2026-04-15 08:26:00,0.92,7744.53,0.93,7835.14,0.92,7678.44
2026-04-15 08:27:00,0.92,7736.48,0.94,7936.42,0.92,7671.83
2026-04-15 08:28:00,0.93,7782.73,0.94,7965.83,0.92,7632.33
2026-04-15 08:29:00,0.93,7834.62,0.93,7831.66,0.91,7599.51
2026-04-15 08:30:00,0.93,7843.43,0.95,8003.1,0.93,7798.68
2026-04-15 08:31:00,0.93,7805.85,0.94,7938.97,0.91,7585.23
2026-04-15 08:32:00,0.93,7761.69,0.95,8025.31,0.92,7686.57
2026-04-15 08:33:00,0.92,7685.12,0.94,7922.41,0.91,7614.48
2026-04-15 08:34:00,0.93,7815.59,0.95,8056.85,0.92,7702.36
2026-04-15 08:35:00,0.92,7747.83,0.94,7917.48,0.93,7813.43
2026-04-15 08:36:00,0.93,7846.72,0.95,8007.31,0.91,7607.8
2026-04-15 08:37:00,0.93,7776.87,0.95,8033.96,0.92,7676.83
2026-04-15 08:38:00,0.93,7813.07,0.94,7889.59,0.92,7743.78
2026-04-15 08:39:00,0.93,7798.57,0.94,7939.4,0.91,7625.26
2026-04-15 08:40:00,0.93,7774.56,0.94,7876.32,0.93,7848.74
2026-04-15 08:41:00,0.93,7797.4,0.95,8013.73,0.92,7658.69
2026-04-15 08:42:00,0.94,7886.67,0.95,8003.21,0.93,7757.13
2026-04-15 08:43:00,0.93,7852.76,0.95,8037.03,0.91,7611.14
2026-04-15 08:44:00,0.94,7913.54,0.93,7846.37,0.92,7733.43
2026-04-15 08:45:00,0.92,7720.65,0.94,7931.22,0.92,7728.59
2026-04-15 08:46:00,0.94,7886.39,0.95,8051.64,0.92,7748.17
2026-04-15 08:47:00,0.93,7846.42,0.95,8061.17,0.92,7661.27
2026-04-15 08:48:00,0.93,7780.27,0.94,7898.24,0.91,7603.14
2026-04-15 08:49:00,0.94,7892.11,0.94,7971.02,0.92,7717.08
2026-04-15 08:50:00,0.94,7922.38,0.95,8024.09,0.92,7686.24
2026-04-15 08:51:00,0.93,7836.82,0.94,7988.01,0.93,7826.42
2026-04-15 08:52:00,0.94,7936.29,0.95,8090.69,0.93,7775.8
2026-04-15 08:53:00,0.94,7895.91,0.94,7982.9,0.92,7734.93
2026-04-15 08:54:00,0.94,7948.32,0.94,7955.92,0.92,7670.45
2026-04-15 08:55:00,0.93,7868.81,0.94,7976.9,0.93,7830.81
2026-04-15 08:56:00,0.94,7970.92,0.95,8053.1,0.93,7849.26
2026-04-15 08:57:00,0.94,7940.19,0.94,7944.36,0.92,7743.61
2026-04-15 08:58:00,0.93,7844.99,0.95,8077.51,0.92,7712.46
2026-04-15 08:59:00,0.95,8004.33,0.94,7975.04,0.92,7710.76
2026-04-15 09:00:00,0.94,7961.55,0.95,8075.06,0.94,7893.38
2026-04-15 09:01:00,0.94,7965.89,0.96,8208.9,0.93,7775.68
2026-04-15 09:02:00,0.95,8058.33,0.95,8012.87,0.93,7839.38
2026-04-15 09:03:00,0.93,7857.44,0.95,8057.63,0.93,7863.25
2026-04-15 09:04:00,0.93,7801.15,0.95,8010.83,0.94,7887.34
2026-04-15 09:05:00,0.95,8000.02,0.96,8152.57,0.92,7742.49
2026-04-15 09:06:00,0.94,7959.06,0.96,8162.38,0.93,7856.8
2026-04-15 09:07:00,0.95,8027.86,0.94,7986.42,0.93,7872.83
2026-04-15 09:08:00,0.93,7775.66,0.94,7994.81,0.93,7837.55
2026-04-15 09:09:00,0.94,7952.28,0.95,8017.52,0.93,7760.55
2026-04-15 09:10:00,0.95,8093.22,0.95,8026.82,0.94,7920.7
2026-04-15 09:11:00,0.94,7996.46,0.95,8092.36,0.94,7929.42
2026-04-15 09:12:00,0.95,8041.91,0.94,7989.3,0.94,7953.03
2026-04-15 09:13:00,0.94,7959.64,0.96,8206.01,0.94,7955.18
2026-04-15 09:14:00,0.94,7948.77,0.96,8170.45,0.93,7863.89
2026-04-15 09:15:00,0.94,7899.04,0.95,8121.63,0.94,7909.44
2026-04-15 09:16:00,0.94,7896.76,0.95,8048.33,0.94,7879.42
2026-04-15 09:17:00,0.94,7898.77,0.96,8172.15,0.94,7912.31
2026-04-15 09:18:00,0.95,8016.27,0.95,8100.77,0.94,7899.84
2026-04-15 09:19:00,0.95,8089.27,0.95,8056.28,0.93,7837.54
2026-04-15 09:20:00,0.95,8065.8,0.96,8125.51,0.93,7849.81
2026-04-15 09:21:00,0.95,8072.54,0.96,8180.45,0.94,7947.54
2026-04-15 09:22:00,0.95,8068.17,0.95,8025.69,0.93,7797.08
2026-04-15 09:23:00,0.94,7934.57,0.96,8235.27,0.94,7926.49
2026-04-15 09:24:00,0.95,8053.28,0.96,8233.09,0.93,7814.57
2026-04-15 09:25:00,0.95,8035.5,0.95,8117.91,0.93,7834.84
2026-04-15 09:26:00,0.94,7993.85,0.95,8111.04,0.94,7989.37
2026-04-15 09:27:00,0.95,8073.22,0.96,8206.66,0.94,7936.49
2026-04-15 09:28:00,0.95,8047.19,0.96,8226.36,0.93,7843.54
2026-04-15 09:29:00,0.94,7924.82,0.96,8125.1,0.94,7887.2
2026-04-15 09:30:00,0.96,8136.52,0.97,8260.66,0.93,7812.02
2026-04-15 09:31:00,0.96,8138.14,0.96,8210.26,0.94,7898.62
2026-04-15 09:32:00,0.95,8040.6,0.95,8083.04,0.94,7983.48
2026-04-15 09:33:00,0.94,7992.14,0.96,8175.26,0.94,7967.83
2026-04-15 09:34:00,0.96,8172.77,0.97,8255.91,0.94,7886.28
2026-04-15 09:35:00,0.96,8149.96,0.95,8077.34,0.94,7932.47
2026-04-15 09:36:00,0.95,8071.2,0.97,8282.46,0.93,7868.85
2026-04-15 09:37:00,0.94,7925.8,0.95,8082.16,0.94,7983.56
2026-04-15 09:38:00,0.95,8031.47,0.96,8204.95,0.95,8017.8
2026-04-15 09:39:00,0.95,8120.46,0.97,8343.42,0.95,8028.25
2026-04-15 09:40:00,0.95,8104.43,0.96,8212.82,0.95,8020.78
2026-04-15 09:41:00,0.95,8069.9,0.96,8154.63,0.95,8029.14
2026-04-15 09:42:00,0.95,8034.67,0.97,8359.46,0.94,7941.88
2026-04-15 09:43:00,0.95,8052.01,0.97,8264.09,0.95,8012.78
2026-04-15 09:44:00,0.96,8131.91,0.96,8219.17,0.93,7855.62
2026-04-15 09:45:00,0.95,8067.12,0.97,8303.14,0.94,7974.4
2026-04-15 09:46:00,0.94,7955.62,0.97,8283.61,0.94,7958.08
2026-04-15 09:47:00,0.96,8142.02,0.97,8365.23,0.95,8012.08
2026-04-15 09:48:00,0.96,8179.68,0.97,8327.51,0.94,7958.26
2026-04-15 09:49:00,0.95,8115.19,0.97,8294.62,0.95,8040.87
2026-04-15 09:50:00,0.95,8121.39,0.96,8148.43,0.95,8021.07
2026-04-15 09:51:00,0.95,8025.09,0.98,8377.02,0.95,8007.69
2026-04-15 09:52:00,0.96,8132.82,0.97,8302.43,0.93,7872.76
2026-04-15 09:53:00,0.96,8141.13,0.95,8119.98,0.95,8099.58
2026-04-15 09:54:00,0.96,8207.18,0.97,8255.93,0.94,7886.88
2026-04-15 09:55:00,0.95,8000.23,0.97,8352.37,0.94,7961.46
2026-04-15 09:56:00,0.95,8065.63,0.98,8400.71,0.94,7983.7
2026-04-15 09:57:00,0.95,8078.71,0.97,8345.4,0.94,7882.36
2026-04-15 09:58:00,0.95,8090.31,0.96,8232.44,0.94,7929.84
2026-04-15 09:59:00,0.96,8233.77,0.98,8413.46,0.94,7945.88
2026-04-15 10:00:00,0.95,8026.72,0.97,8281.28,0.95,8121.68
2026-04-15 10:01:00,0.96,8193.62,0.98,8375.68,0.94,7903.74
2026-04-15 10:02:00,0.96,8171.24,0.96,8179.35,0.96,8174.58
2026-04-15 10:03:00,0.96,8200.41,0.96,8227.2,0.94,7949.11
2026-04-15 10:04:00,0.96,8245.68,0.98,8373.58,0.96,8173.01
2026-04-15 10:05:00,0.97,8261.58,0.97,8269.08,0.94,7944.98
2026-04-15 10:06:00,0.95,8102.87,0.97,8272.69,0.94,7951.15
2026-04-15 10:07:00,0.96,8166.72,0.98,8445.82,0.96,8159.32
2026-04-15 10:08:00,0.96,8206.55,0.97,8334.93,0.95,8003.06
2026-04-15 10:09:00,0.96,8189.11,0.97,8295.75,0.94,7957.35
2026-04-15 10:10:00,0.96,8128.44,0.98,8424.94,0.94,7993.98
2026-04-15 10:11:00,0.95,8018.95,0.97,8351.56,0.95,8057.62
2026-04-15 10:12:00,0.97,8272.7,0.98,8381.64,0.94,7993.04
2026-04-15 10:13:00,0.96,8144.47,0.98,8437.42,0.95,8121.09
2026-04-15 10:14:00,0.96,8150.11,0.97,8256.5,0.96,8134.54
2026-04-15 10:15:00,0.97,8308.18,0.98,8402.94,0.94,7980.04
2026-04-15 10:16:00,0.97,8284.77,0.97,8289.26,0.96,8191.03
2026-04-15 10:17:00,0.95,8063.96,0.97,8289.22,0.95,8003.44
2026-04-15 10:18:00,0.96,8149.12,0.98,8409.31,0.95,8050.93
2026-04-15 10:19:00,0.97,8336.41,0.99,8511.17,0.95,8089.08
2026-04-15 10:20:00,0.95,8062.33,0.97,8313.48,0.96,8175.28
2026-04-15 10:21:00,0.97,8267.94,0.97,8366.33,0.96,8209.8
2026-04-15 10:22:00,0.96,8181.04,0.97,8338.32,0.95,8084.27
2026-04-15 10:23:00,0.97,8298.9,0.98,8409.76,0.95,8096.15
2026-04-15 10:24:00,0.96,8229.59,0.97,8320.0,0.95,8052.51
2026-04-15 10:25:00,0.96,8195.24,0.98,8380.69,0.95,8068.58
2026-04-15 10:26:00,0.97,8329.81,0.98,8371.21,0.95,8091.54
2026-04-15 10:27:00,0.96,8175.75,0.99,8529.16,0.96,8130.64
2026-04-15 10:28:00,0.96,8198.76,0.97,8344.52,0.95,8088.6
2026-04-15 10:29:00,0.96,8193.5,0.98,8446.64,0.96,8147.21
2026-04-15 10:30:00,0.96,8170.47,0.97,8326.9,0.96,8163.14
2026-04-15 10:31:00,0.96,8163.16,0.98,8465.27,0.96,8139.4
2026-04-15 10:32:00,0.97,8346.46,0.97,8345.87,0.95,8075.73
2026-04-15 10:33:00,0.96,8165.61,0.97,8300.53,0.96,8173.32
2026-04-15 10:34:00,0.97,8313.74,0.97,8353.41,0.96,8122.96
2026-04-15 10:35:00,0.97,8339.44,0.98,8456.28,0.96,8168.86
2026-04-15 10:36:00,0.96,8233.87,0.97,8354.1,0.95,8028.97
2026-04-15 10:37:00,0.97,8253.18,0.99,8532.57,0.95,8035.78
2026-04-15 10:38:00,0.97,8318.52,0.97,8337.41,0.97,8304.58
2026-04-15 10:39:00,0.97,8298.41,0.98,8458.51,0.96,8243.22
2026-04-15 10:40:00,0.97,8300.58,0.99,8557.09,0.96,8236.15
2026-04-15 10:41:00,0.97,8287.03,0.97,8365.6,0.96,8138.85
2026-04-15 10:42:00,0.98,8458.26,0.97,8364.51,0.96,8215.16
2026-04-15 10:43:00,0.97,8310.82,0.98,8432.95,0.96,8189.75
2026-04-15 10:44:00,0.97,8311.17,0.98,8425.39,0.96,8235.32
2026-04-15 10:45:00,0.97,8266.06,0.98,8403.25,0.96,8212.95
2026-04-15 10:46:00,0.96,8209.92,0.98,8421.23,0.96,8242.44
2026-04-15 10:47:00,0.98,8419.98,0.99,8523.14,0.96,8202.04
2026-04-15 10:48:00,0.96,8190.52,0.98,8487.88,0.97,8308.51
2026-04-15 10:49:00,0.97,8309.01,0.98,8406.34,0.95,8107.01
2026-04-15 10:50:00,0.97,8299.35,0.98,8481.84,0.96,8195.57
2026-04-15 10:51:00,0.97,8298.78,0.98,8462.54,0.96,8214.85
2026-04-15 10:52:00,0.97,8250.29,0.99,8513.53,0.96,8166.8
2026-04-15 10:53:00,0.97,8335.94,0.99,8540.75,0.97,8328.92
2026-04-15 10:54:00,0.98,8372.9,0.98,8403.55,0.96,8147.44
2026-04-15 10:55:00,0.97,8339.82,0.98,8385.75,0.96,8189.63
2026-04-15 10:56:00,0.97,8356.87,0.99,8554.38,0.96,8244.49
2026-04-15 10:57:00,0.97,8261.62,0.99,8560.04,0.96,8139.73
2026-04-15 10:58:00,0.98,8377.99,0.98,8426.07,0.97,8278.87
2026-04-15 10:59:00,0.98,8449.96,1.0,8649.91,0.96,8149.07
2026-04-15 11:00:00,0.98,8393.56,0.98,8473.36,0.95,8116.31
2026-04-15 11:01:00,0.98,8448.75,1.0,8638.36,0.96,8210.38
2026-04-15 11:02:00,0.99,8536.41,0.99,8579.25,0.98,8413.05
2026-04-15 11:03:00,0.96,8232.64,0.98,8465.72,0.96,8219.96
2026-04-15 11:04:00,0.98,8471.44,1.0,8631.59,0.97,8358.66
2026-04-15 11:05:00,0.97,8290.68,0.99,8563.51,0.97,8354.01
2026-04-15 11:06:00,0.97,8341.0,0.98,8438.29,0.97,8315.83
2026-04-15 11:07:00,0.98,8431.02,0.98,8402.12,0.96,8219.95
2026-04-15 11:08:00,0.97,8334.1,1.0,8637.02,0.96,8224.56
2026-04-15 11:09:00,0.98,8376.82,1.0,8685.93,0.97,8291.04
2026-04-15 11:10:00,0.98,8415.08,0.98,8477.52,0.97,8347.13
2026-04-15 11:11:00,0.98,8397.46,1.0,8677.82,0.97,8249.74
2026-04-15 11:12:00,0.99,8546.19,0.99,8574.83,0.97,8275.78
2026-04-15 11:13:00,0.98,8480.6,0.99,8590.96,0.97,8259.92
2026-04-15 11:14:00,0.99,8529.39,0.98,8426.68,0.96,8234.15
2026-04-15 11:15:00,0.99,8528.23,1.0,8618.68,0.96,8213.65
2026-04-15 11:16:00,0.99,8533.39,0.99,8502.2,0.98,8396.68
2026-04-15 11:17:00,0.99,8555.01,0.98,8442.65,0.97,8332.8
2026-04-15 11:18:00,0.98,8456.21,0.99,8525.8,0.96,8221.21
2026-04-15 11:19:00,0.97,8327.13,0.98,8463.37,0.97,8324.64
2026-04-15 11:20:00,0.98,8415.72,0.99,8589.4,0.97,8288.3
2026-04-15 11:21:00,0.99,8496.12,0.98,8466.86,0.96,8216.28
2026-04-15 11:22:00,0.97,8365.29,1.01,8743.36,0.97,8339.66
2026-04-15 11:23:00,0.97,8358.03,1.0,8698.52,0.98,8378.33
2026-04-15 11:24:00,0.98,8485.59,0.99,8546.38,0.98,8443.88
2026-04-15 11:25:00,0.98,8486.29,1.0,8709.18,0.97,8363.16
2026-04-15 11:26:00,0.97,8340.3,1.0,8689.13,0.98,8384.48
2026-04-15 11:27:00,0.99,8559.63,0.99,8519.04,0.97,8256.48
2026-04-15 11:28:00,0.99,8566.71,1.0,8689.38,0.96,8222.15
2026-04-15 11:29:00,0.99,8560.09,1.0,8689.34,0.98,8384.86
2026-04-15 11:30:00,0.98,8484.93,0.99,8561.0,0.96,8233.05
2026-04-15 11:31:00,0.98,8473.62,1.01,8780.74,0.98,8481.28
2026-04-15 11:32:00,0.99,8587.13,0.99,8572.55,0.97,8302.52
2026-04-15 11:33:00,0.98,8383.94,1.01,8784.38,0.97,8300.28
2026-04-15 11:34:00,0.99,8588.5,0.99,8572.44,0.97,8258.08
2026-04-15 11:35:00,0.98,8439.19,0.99,8561.87,0.97,8335.18
2026-04-15 11:36:00,1.0,8626.91,0.99,8583.77,0.98,8435.39
2026-04-15 11:37:00,0.99,8589.89,1.0,8737.55,0.98,8462.54
2026-04-15 11:38:00,0.98,8466.13,0.99,8582.35,0.99,8535.59
2026-04-15 11:39:00,0.98,8447.41,0.99,8583.42,0.98,8448.76
2026-04-15 11:40:00,0.98,8465.41,0.99,8553.16,0.98,8488.73
2026-04-15 11:41:00,0.99,8605.34,1.01,8754.01,0.98,8383.62
2026-04-15 11:42:00,0.98,8437.43,1.0,8646.93,0.98,8403.43
2026-04-15 11:43:00,1.0,8682.68,1.0,8705.09,0.97,8339.84
2026-04-15 11:44:00,0.98,8423.62,1.01,8768.62,0.97,8357.76
2026-04-15 11:45:00,0.99,8505.4,1.0,8684.82,0.97,8300.5
2026-04-15 11:46:00,0.98,8466.05,1.0,8685.08,0.98,8432.67
2026-04-15 11:47:00,1.0,8694.67,1.0,8632.48,0.99,8527.87
2026-04-15 11:48:00,0.98,8459.37,1.01,8749.18,0.98,8381.68
2026-04-15 11:49:00,0.99,8544.5,1.0,8666.42,0.97,8360.86
2026-04-15 11:50:00,1.0,8695.36,1.01,8752.16,0.99,8522.96
2026-04-15 11:51:00,0.99,8551.26,1.01,8798.72,0.98,8396.75
2026-04-15 11:52:00,0.99,8541.19,1.0,8729.75,0.97,8300.18
2026-04-15 11:53:00,0.98,8432.92,1.01,8787.84,0.97,8341.6
2026-04-15 11:54:00,1.0,8646.01,1.01,8764.29,0.99,8505.46
2026-04-15 11:55:00,0.98,8456.09,1.0,8691.65,0.98,8414.15
2026-04-15 11:56:00,0.99,8533.54,1.0,8671.83,0.98,8463.82
2026-04-15 11:57:00,0.99,8561.94,1.01,8763.51,0.99,8494.2
2026-04-15 11:58:00,0.99,8580.28,0.99,8597.59,0.99,8494.89
2026-04-15 11:59:00,1.0,8649.67,1.01,8765.44,0.97,8321.16
2026-04-15 12:00:00,0.99,8511.53,1.01,8838.17,0.99,8591.15
2026-04-15 12:01:00,0.99,8552.53,1.01,8818.15,0.99,8496.98
2026-04-15 12:02:00,1.0,8633.14,1.0,8698.57,0.99,8561.81
2026-04-15 12:03:00,0.99,8552.56,1.0,8671.86,0.99,8533.45
2026-04-15 12:04:00,0.99,8533.33,1.0,8646.76,0.98,8396.35
2026-04-15 12:05:00,0.99,8565.82,1.01,8751.03,0.99,8580.87
2026-04-15 12:06:00,0.99,8524.67,1.01,8787.39,0.99,8557.76
2026-04-15 12:07:00,0.99,8516.32,1.0,8707.98,0.98,8400.77
2026-04-15 12:08:00,1.0,8638.19,1.01,8851.66,0.98,8440.54
2026-04-15 12:09:00,1.01,8766.11,1.0,8732.16,0.98,8482.9
2026-04-15 12:10:00,0.99,8571.46,1.0,8727.1,0.98,8418.7
2026-04-15 12:11:00,0.99,8539.16,1.01,8834.32,0.99,8515.5
2026-04-15 12:12:00,0.99,8518.22,1.02,8900.47,0.99,8591.54
2026-04-15 12:13:00,1.0,8692.64,1.02,8905.0,1.0,8660.42
2026-04-15 12:14:00,0.99,8572.92,1.01,8843.58,0.99,8607.22
2026-04-15 12:15:00,1.0,8641.34,1.0,8700.63,0.99,8494.9
2026-04-15 12:16:00,1.0,8740.51,1.01,8789.3,1.0,8648.49
2026-04-15 12:17:00,1.0,8669.77,1.02,8909.97,0.99,8615.25
2026-04-15 12:18:00,0.99,8517.02,1.0,8650.11,0.98,8401.2
2026-04-15 12:19:00,0.99,8537.44,1.02,8929.69,0.98,8436.48
2026-04-15 12:20:00,1.01,8761.95,1.02,8878.24,0.99,8515.79
2026-04-15 12:21:00,0.99,8581.56,1.0,8694.33,0.99,8592.96
2026-04-15 12:22:00,1.01,8852.06,1.01,8747.73,1.0,8710.21
2026-04-15 12:23:00,1.01,8830.91,1.0,8713.55,1.0,8621.89
2026-04-15 12:24:00,1.01,8812.73,1.0,8734.54,0.99,8545.06
2026-04-15 12:25:00,1.0,8717.94,1.01,8806.91,0.98,8450.52
2026-04-15 12:26:00,1.0,8658.79,1.01,8760.75,1.0,8666.5
2026-04-15 12:27:00,1.01,8823.4,1.02,8882.54,0.99,8541.33
2026-04-15 12:28:00,1.01,8797.83,1.02,8939.46,1.0,8670.18
2026-04-15 12:29:00,1.01,8764.13,1.02,8897.87,1.0,8688.72
2026-04-15 12:30:00,1.01,8757.86,1.01,8743.06,1.0,8682.96
2026-04-15 12:31:00,1.0,8726.72,1.02,8933.95,0.99,8567.36
2026-04-15 12:32:00,1.0,8707.26,1.02,8887.88,1.0,8637.33
2026-04-15 12:33:00,1.01,8811.61,1.02,8915.04,1.0,8685.25
2026-04-15 12:34:00,1.0,8630.47,1.03,9009.06,0.99,8602.55
2026-04-15 12:35:00,1.01,8821.47,1.02,8885.34,1.0,8704.51
2026-04-15 12:36:00,1.0,8710.88,1.02,8989.52,1.0,8685.91
2026-04-15 12:37:00,1.01,8852.15,1.02,8897.71,1.01,8770.56
2026-04-15 12:38:00,1.01,8760.41,1.02,8892.52,1.0,8684.19
2026-04-15 12:39:00,1.01,8832.13,1.02,8976.54,1.0,8619.26
2026-04-15 12:40:00,1.01,8765.1,1.02,8942.8,0.99,8547.02
2026-04-15 12:41:00,1.01,8759.55,1.01,8817.43,1.0,8660.0
2026-04-15 12:42:00,1.01,8835.19,1.01,8808.29,0.99,8604.41
2026-04-15 12:43:00,1.0,8630.04,1.03,9010.93,1.0,8654.52
2026-04-15 12:44:00,1.0,8740.94,1.02,8956.75,0.98,8490.66
2026-04-15 12:45:00,1.0,8719.0,1.01,8784.7,1.01,8763.41
2026-04-15 12:46:00,1.0,8730.79,1.02,8961.02,0.99,8599.7
2026-04-15 12:47:00,1.01,8772.04,1.02,8937.61,0.99,8541.99
2026-04-15 12:48:00,1.0,8644.27,1.01,8830.14,1.01,8748.06
2026-04-15 12:49:00,1.01,8759.77,1.03,9002.28,1.0,8678.08
2026-04-15 12:50:00,1.01,8743.74,1.01,8818.53,1.01,8776.67
2026-04-15 12:51:00,1.01,8767.3,1.03,9029.22,1.01,8782.86
2026-04-15 12:52:00,1.01,8841.24,1.03,9034.75,1.0,8659.53
2026-04-15 12:53:00,1.02,8870.57,1.02,8882.25,1.0,8624.68
2026-04-15 12:54:00,1.02,8926.89,1.02,8944.39,1.0,8699.24
2026-04-15 12:55:00,1.01,8825.94,1.02,8959.21,1.0,8735.17
2026-04-15 12:56:00,1.01,8854.77,1.02,8877.59,1.0,8625.32
2026-04-15 12:57:00,1.0,8682.98,1.03,9031.49,1.0,8647.77
2026-04-15 12:58:00,1.02,8928.36,1.03,9111.07,0.99,8553.83
2026-04-15 12:59:00,1.01,8804.51,1.03,9044.51,1.0,8714.19
2026-04-15 13:00:00,1.02,8901.68,1.02,8909.26,1.01,8835.48
2026-04-15 13:01:00,1.01,8806.6,1.03,8992.02,1.01,8742.31
2026-04-15 13:02:00,1.01,8836.62,1.02,8961.01,1.0,8727.44
2026-04-15 13:03:00,1.0,8705.03,1.03,9100.94,1.0,8740.22
2026-04-15 13:04:00,1.03,8993.49,1.01,8861.9,1.01,8762.91
2026-04-15 13:05:00,1.02,8887.23,1.02,8943.98,1.0,8647.42
2026-04-15 13:06:00,1.01,8763.56,1.03,8995.13,0.99,8606.69
2026-04-15 13:07:00,1.01,8864.34,1.02,8919.55,1.0,8654.73
2026-04-15 13:08:00,1.01,8837.2,1.03,9080.13,1.02,8889.98
2026-04-15 13:09:00,1.02,8916.45,1.03,9008.49,1.0,8631.02
2026-04-15 13:10:00,1.02,8910.98,1.03,9068.19,1.0,8654.38
2026-04-15 13:11:00,1.02,8928.19,1.03,9077.59,1.01,8747.31
2026-04-15 13:12:00,1.02,8980.59,1.02,8964.19,1.0,8652.66
2026-04-15 13:13:00,1.02,8901.91,1.03,9061.82,1.01,8851.21
2026-04-15 13:14:00,1.02,8868.42,1.04,9161.23,1.0,8680.37
2026-04-15 13:15:00,1.03,9007.13,1.03,9105.93,1.0,8690.5
2026-04-15 13:16:00,1.01,8865.31,1.02,8979.51,1.0,8618.99
2026-04-15 13:17:00,1.02,8967.67,1.03,9073.89,1.01,8746.9
2026-04-15 13:18:00,1.03,9026.1,1.03,9002.61,1.0,8717.7
2026-04-15 13:19:00,1.03,9027.31,1.03,9062.5,1.01,8855.53
2026-04-15 13:20:00,1.03,9033.93,1.03,9111.38,1.0,8741.23
2026-04-15 13:21:00,1.02,8895.59,1.03,9081.87,1.0,8705.4
2026-04-15 13:22:00,1.01,8835.69,1.03,9052.98,1.02,8945.83
2026-04-15 13:23:00,1.02,8924.41,1.03,9051.76,1.01,8797.71
2026-04-15 13:24:00,1.01,8854.94,1.04,9145.93,1.02,8872.88
2026-04-15 13:25:00,1.02,8981.47,1.04,9116.78,1.01,8803.08
2026-04-15 13:26:00,1.03,9021.6,1.03,9017.02,1.02,8926.87
2026-04-15 13:27:00,1.02,8887.54,1.04,9145.82,1.01,8856.15
2026-04-15 13:28:00,1.02,8871.53,1.03,9035.62,1.01,8795.86
2026-04-15 13:29:00,1.02,8948.91,1.05,9253.82,1.02,8903.65
2026-04-15 13:30:00,1.02,8909.0,1.04,9211.36,1.02,8967.48
2026-04-15 13:31:00,1.02,8899.87,1.02,8975.95,1.01,8862.01
2026-04-15 13:32:00,1.02,8980.12,1.03,9037.92,1.0,8738.48
2026-04-15 13:33:00,1.03,8997.22,1.04,9183.4,1.01,8830.47
2026-04-15 13:34:00,1.03,9083.58,1.04,9136.21,1.02,8955.15
2026-04-15 13:35:00,1.01,8820.43,1.04,9130.29,1.01,8802.96
2026-04-15 13:36:00,1.03,9011.35,1.03,9063.86,1.02,8908.11
2026-04-15 13:37:00,1.02,8972.46,1.03,9080.2,1.02,8913.02
2026-04-15 13:38:00,1.03,9056.99,1.03,9042.28,1.02,8964.42
2026-04-15 13:39:00,1.02,8939.97,1.04,9200.84,1.01,8819.9
2026-04-15 13:40:00,1.02,8872.0,1.03,9004.24,1.01,8825.01
2026-04-15 13:41:00,1.03,9007.45,1.03,9023.31,1.01,8781.87
2026-04-15 13:42:00,1.03,9004.18,1.04,9125.58,1.01,8847.99
2026-04-15 13:43:00,1.02,8976.21,1.04,9176.29,1.02,8868.24
2026-04-15 13:44:00,1.03,9014.85,1.05,9257.08,1.02,8870.03
2026-04-15 13:45:00,1.03,9054.61,1.04,9152.63,1.01,8790.77
2026-04-15 13:46:00,1.02,8960.54,1.03,9076.88,1.02,8915.08
2026-04-15 13:47:00,1.02,8930.08,1.04,9114.6,1.02,8912.48
2026-04-15 13:48:00,1.02,8973.55,1.04,9135.45,1.03,8999.87
2026-04-15 13:49:00,1.02,8887.35,1.03,9084.95,1.03,9033.61
2026-04-15 13:50:00,1.02,8972.48,1.04,9226.71,1.03,9024.34
2026-04-15 13:51:00,1.04,9147.04,1.04,9211.57,1.02,8981.17
2026-04-15 13:52:00,1.03,9042.6,1.03,9111.92,1.02,8881.43
2026-04-15 13:53:00,1.03,9113.6,1.05,9276.11,1.02,8870.19
2026-04-15 13:54:00,1.02,8928.91,1.03,9084.39,1.03,9043.9
2026-04-15 13:55:00,1.04,9133.73,1.05,9253.75,1.03,9005.7
2026-04-15 13:56:00,1.03,9103.3,1.04,9215.61,1.01,8855.18
2026-04-15 13:57:00,1.02,8929.25,1.04,9219.84,1.02,8959.19
2026-04-15 13:58:00,1.04,9149.98,1.03,9107.82,1.03,9010.73
2026-04-15 13:59:00,1.02,8932.03,1.03,9052.9,1.01,8786.3
2026-04-15 14:00:00,1.03,9001.92,1.05,9315.57,1.01,8861.1
2026-04-15 14:01:00,1.02,8942.25,1.04,9164.02,1.02,8974.69
2026-04-15 14:02:00,1.03,8990.23,1.05,9242.57,1.03,8990.73
2026-04-15 14:03:00,1.03,9079.11,1.05,9280.57,1.03,9061.94
2026-04-15 14:04:00,1.04,9131.9,1.05,9325.53,1.02,8958.39
2026-04-15 14:05:00,1.03,9086.04,1.05,9290.35,1.02,8978.8
2026-04-15 14:06:00,1.03,9044.57,1.04,9202.41,1.02,8916.54
2026-04-15 14:07:00,1.02,8962.39,1.05,9238.95,1.02,8914.52
2026-04-15 14:08:00,1.04,9201.08,1.05,9268.42,1.01,8859.7
2026-04-15 14:09:00,1.03,9020.15,1.05,9243.72,1.03,9009.62
2026-04-15 14:10:00,1.03,9086.2,1.04,9174.86,1.04,9133.94
2026-04-15 14:11:00,1.03,9007.94,1.04,9237.49,1.03,9023.25
2026-04-15 14:12:00,1.04,9124.76,1.05,9263.63,1.04,9146.36
2026-04-15 14:13:00,1.03,9095.94,1.04,9223.3,1.02,8955.36
2026-04-15 14:14:00,1.03,9044.44,1.04,9158.6,1.02,8926.36
2026-04-15 14:15:00,1.02,8984.18,1.05,9353.17,1.03,9015.48
2026-04-15 14:16:00,1.03,9006.7,1.04,9166.97,1.03,9030.97
2026-04-15 14:17:00,1.03,9032.72,1.05,9352.17,1.02,8941.69
2026-04-15 14:18:00,1.05,9242.21,1.05,9324.48,1.03,9052.66
2026-04-15 14:19:00,1.03,9083.04,1.04,9164.66,1.02,8945.26
2026-04-15 14:20:00,1.04,9134.82,1.04,9215.28,1.03,9033.81
2026-04-15 14:21:00,1.03,9056.53,1.05,9270.73,1.01,8848.79
2026-04-15 14:22:00,1.04,9226.38,1.05,9253.08,1.03,9070.84
2026-04-15 14:23:00,1.05,9271.23,1.04,9183.9,1.04,9155.14
2026-04-15 14:24:00,1.05,9325.89,1.06,9412.15,1.03,9093.88
2026-04-15 14:25:00,1.04,9232.45,1.05,9361.73,1.04,9122.02
2026-04-15 14:26:00,1.04,9209.81,1.06,9430.27,1.03,9009.23
2026-04-15 14:27:00,1.04,9129.78,1.06,9423.83,1.04,9228.25
2026-04-15 14:28:00,1.03,9060.31,1.06,9384.79,1.04,9148.17
2026-04-15 14:29:00,1.05,9245.28,1.06,9452.63,1.02,8924.16
2026-04-15 14:30:00,1.04,9180.34,1.06,9392.25,1.02,8974.64
2026-04-15 14:31:00,1.03,9091.4,1.06,9412.93,1.03,9054.63
2026-04-15 14:32:00,1.04,9203.95,1.05,9240.57,1.02,8986.23
2026-04-15 14:33:00,1.03,9062.35,1.06,9449.54,1.04,9207.68
2026-04-15 14:34:00,1.04,9206.79,1.05,9299.15,1.02,8952.63
2026-04-15 14:35:00,1.04,9141.83,1.04,9193.04,1.03,9113.41
2026-04-15 14:36:00,1.04,9216.16,1.05,9288.33,1.04,9184.52
2026-04-15 14:37:00,1.05,9295.73,1.04,9232.45,1.04,9208.21
2026-04-15 14:38:00,1.05,9297.52,1.05,9330.63,1.03,9007.44
2026-04-15 14:39:00,1.04,9124.34,1.06,9439.52,1.04,9160.77
2026-04-15 14:40:00,1.03,9103.16,1.06,9389.97,1.03,9003.48
2026-04-15 14:41:00,1.05,9259.75,1.06,9446.96,1.03,8996.97
2026-04-15 14:42:00,1.04,9176.97,1.06,9394.95,1.04,9157.08
2026-04-15 14:43:00,1.04,9138.56,1.06,9448.91,1.04,9183.67
2026-04-15 14:44:00,1.04,9218.68,1.06,9434.88,1.04,9174.32
2026-04-15 14:45:00,1.05,9356.02,1.05,9315.96,1.03,8990.15
2026-04-15 14:46:00,1.04,9136.77,1.05,9247.66,1.03,9075.58
2026-04-15 14:47:00,1.04,9157.21,1.06,9459.38,1.04,9181.93
2026-04-15 14:48:00,1.04,9162.09,1.07,9532.46,1.04,9200.17
2026-04-15 14:49:00,1.04,9173.03,1.05,9240.4,1.03,9008.34
2026-04-15 14:50:00,1.04,9165.31,1.05,9308.88,1.04,9155.37
2026-04-15 14:51:00,1.05,9256.5,1.05,9327.54,1.04,9143.26
2026-04-15 14:52:00,1.04,9227.85,1.07,9542.01,1.04,9153.56
2026-04-15 14:53:00,1.06,9396.06,1.06,9396.74,1.05,9250.75
2026-04-15 14:54:00,1.05,9356.66,1.07,9500.83,1.05,9289.69
2026-04-15 14:55:00,1.05,9283.85,1.07,9487.98,1.04,9229.43
2026-04-15 14:56:00,1.04,9143.31,1.07,9525.41,1.03,9067.34
2026-04-15 14:57:00,1.05,9355.27,1.06,9441.9,1.05,9323.91
2026-04-15 14:58:00,1.05,9333.86,1.06,9467.85,1.05,9249.41
2026-04-15 14:59:00,1.05,9360.99,1.06,9481.75,1.03,9033.07
2026-04-15 15:00:00,1.05,9285.93,1.07,9529.25,1.05,9326.13
2026-04-15 15:01:00,1.06,9429.41,1.05,9358.18,1.04,9202.93
2026-04-15 15:02:00,1.05,9266.29,1.05,9298.93,1.05,9273.71
2026-04-15 15:03:00,1.05,9248.27,1.06,9375.53,1.04,9166.44
2026-04-15 15:04:00,1.05,9340.93,1.07,9527.85,1.05,9286.01
2026-04-15 15:05:00,1.05,9295.42,1.08,9626.54,1.04,9217.77
2026-04-15 15:06:00,1.05,9305.56,1.07,9582.67,1.04,9225.69
2026-04-15 15:07:00,1.04,9192.3,1.08,9621.46,1.04,9163.45
2026-04-15 15:08:00,1.05,9264.79,1.06,9375.32,1.05,9285.64
2026-04-15 15:09:00,1.05,9255.37,1.06,9431.01,1.05,9253.12
2026-04-15 15:10:00,1.06,9422.09,1.05,9352.05,1.05,9318.3
2026-04-15 15:11:00,1.05,9358.57,1.06,9417.28,1.05,9360.4
2026-04-15 15:12:00,1.04,9180.44,1.07,9604.56,1.06,9395.24
2026-04-15 15:13:00,1.04,9236.31,1.06,9418.34,1.05,9303.55
2026-04-15 15:14:00,1.05,9264.27,1.06,9398.63,1.05,9298.89
2026-04-15 15:15:00,1.05,9294.85,1.08,9656.84,1.06,9363.31
2026-04-15 15:16:00,1.07,9519.77,1.08,9617.94,1.04,9199.72
2026-04-15 15:17:00,1.06,9387.84,1.08,9681.1,1.04,9187.97
2026-04-15 15:18:00,1.06,9363.62,1.06,9407.1,1.05,9306.82
2026-04-15 15:19:00,1.05,9299.57,1.08,9625.85,1.04,9182.03
2026-04-15 15:20:00,1.05,9315.68,1.08,9644.28,1.05,9320.78
2026-04-15 15:21:00,1.06,9390.75,1.06,9395.06,1.03,9108.39
2026-04-15 15:22:00,1.07,9565.31,1.07,9568.71,1.06,9405.39
2026-04-15 15:23:00,1.06,9448.99,1.08,9646.13,1.05,9247.23
2026-04-15 15:24:00,1.05,9289.2,1.08,9707.02,1.05,9240.58
2026-04-15 15:25:00,1.05,9298.02,1.06,9475.1,1.05,9345.28
2026-04-15 15:26:00,1.06,9456.81,1.07,9539.34,1.04,9154.92
2026-04-15 15:27:00,1.05,9335.39,1.07,9499.39,1.04,9168.62
2026-04-15 15:28:00,1.05,9268.87,1.06,9452.82,1.06,9404.82
2026-04-15 15:29:00,1.07,9508.59,1.08,9695.88,1.06,9376.09
2026-04-15 15:30:00,1.05,9277.79,1.07,9556.87,1.04,9178.45
2026-04-15 15:31:00,1.06,9477.65,1.07,9539.6,1.05,9317.75
2026-04-15 15:32:00,1.07,9556.22,1.07,9595.29,1.05,9336.39
2026-04-15 15:33:00,1.06,9421.96,1.08,9716.21,1.04,9221.04
2026-04-15 15:34:00,1.06,9424.48,1.06,9470.1,1.04,9235.71
2026-04-15 15:35:00,1.06,9420.85,1.07,9575.47,1.05,9280.56
2026-04-15 15:36:00,1.06,9381.39,1.08,9636.07,1.04,9169.04
2026-04-15 15:37:00,1.07,9491.91,1.08,9711.56,1.04,9159.65
2026-04-15 15:38:00,1.06,9472.77,1.09,9764.87,1.06,9378.51
2026-04-15 15:39:00,1.05,9312.76,1.07,9564.9,1.06,9376.81
2026-04-15 15:40:00,1.06,9424.04,1.07,9538.03,1.05,9251.27
2026-04-15 15:41:00,1.06,9404.76,1.08,9675.74,1.05,9253.92
2026-04-15 15:42:00,1.07,9525.95,1.07,9604.22,1.06,9389.52
2026-04-15 15:43:00,1.06,9408.57,1.07,9507.82,1.05,9271.86
2026-04-15 15:44:00,1.06,9379.3,1.06,9468.11,1.07,9514.39
2026-04-15 15:45:00,1.07,9558.19,1.07,9489.9,1.07,9490.43
2026-04-15 15:46:00,1.07,9542.84,1.08,9674.63,1.04,9218.23
2026-04-15 15:47:00,1.06,9403.11,1.09,9751.24,1.05,9303.82
2026-04-15 15:48:00,1.07,9549.15,1.07,9589.52,1.06,9374.34
2026-04-15 15:49:00,1.06,9484.8,1.09,9759.4,1.06,9411.69
2026-04-15 15:50:00,1.06,9450.89,1.07,9590.06,1.06,9485.99
2026-04-15 15:51:00,1.07,9570.57,1.07,9522.71,1.05,9295.87
2026-04-15 15:52:00,1.06,9436.13,1.08,9669.79,1.05,9254.37
2026-04-15 15:53:00,1.06,9421.47,1.07,9604.92,1.07,9527.09
2026-04-15 15:54:00,1.06,9441.37,1.07,9604.47,1.06,9482.72
2026-04-15 15:55:00,1.07,9528.65,1.08,9692.13,1.05,9269.58
2026-04-15 15:56:00,1.06,9455.43,1.07,9586.69,1.06,9382.49
2026-04-15 15:57:00,1.06,9449.51,1.09,9764.06,1.07,9488.39
2026-04-15 15:58:00,1.07,9497.31,1.09,9835.39,1.06,9468.04
2026-04-15 15:59:00,1.08,9661.83,1.09,9767.46,1.07,9520.68
2026-04-15 16:00:00,1.07,9592.0,1.08,9652.26,1.05,9286.66
2026-04-15 16:01:00,1.07,9507.28,1.08,9644.42,1.06,9453.5
2026-04-15 16:02:00,1.08,9634.83,1.08,9694.81,1.06,9398.69
2026-04-15 16:03:00,1.08,9638.26,1.09,9783.79,1.07,9500.5
2026-04-15 16:04:00,1.07,9539.06,1.09,9735.07,1.05,9355.3
2026-04-15 16:05:00,1.07,9511.48,1.07,9607.19,1.07,9529.42
2026-04-15 16:06:00,1.08,9655.18,1.08,9652.19,1.06,9474.94
2026-04-15 16:07:00,1.06,9419.63,1.09,9822.33,1.07,9593.04
2026-04-15 16:08:00,1.08,9714.64,1.08,9637.38,1.06,9434.51
2026-04-15 16:09:00,1.07,9505.55,1.09,9833.04,1.06,9371.63
2026-04-15 16:10:00,1.06,9473.96,1.09,9819.18,1.07,9571.07
2026-04-15 16:11:00,1.09,9746.13,1.09,9798.21,1.06,9429.14
2026-04-15 16:12:00,1.07,9550.8,1.09,9829.83,1.07,9536.56
2026-04-15 16:13:00,1.07,9510.31,1.1,9880.46,1.06,9479.68
2026-04-15 16:14:00,1.08,9652.94,1.07,9571.91,1.07,9529.53
2026-04-15 16:15:00,1.07,9487.85,1.09,9737.81,1.05,9360.17
2026-04-15 16:16:00,1.08,9645.75,1.09,9845.72,1.07,9562.93
2026-04-15 16:17:00,1.08,9685.96,1.08,9636.59,1.05,9338.55
2026-04-15 16:18:00,1.07,9543.07,1.08,9687.56,1.05,9342.27
2026-04-15 16:19:00,1.07,9575.24,1.09,9781.33,1.07,9568.45
2026-04-15 16:20:00,1.08,9723.9,1.1,9886.71,1.08,9630.22
2026-04-15 16:21:00,1.07,9560.33,1.1,9869.77,1.07,9511.32
2026-04-15 16:22:00,1.07,9570.44,1.1,9861.1,1.06,9456.05
2026-04-15 16:23:00,1.09,9774.67,1.09,9839.83,1.06,9470.79
2026-04-15 16:24:00,1.07,9574.66,1.09,9829.24,1.05,9354.65
2026-04-15 16:25:00,1.08,9701.41,1.1,9890.39,1.07,9494.49
2026-04-15 16:26:00,1.08,9726.55,1.08,9620.22,1.08,9650.63
2026-04-15 16:27:00,1.07,9517.41,1.1,9896.94,1.06,9399.69
2026-04-15 16:28:00,1.07,9523.32,1.08,9647.98,1.07,9568.04
2026-04-15 16:29:00,1.07,9512.26,1.1,9858.41,1.08,9627.9
2026-04-15 16:30:00,1.07,9494.96,1.09,9774.3,1.07,9525.32
2026-04-15 16:31:00,1.08,9724.35,1.1,9905.53,1.06,9439.81
2026-04-15 16:32:00,1.06,9468.03,1.09,9807.74,1.07,9578.42
2026-04-15 16:33:00,1.08,9635.01,1.1,9909.93,1.06,9390.28
2026-04-15 16:34:00,1.09,9755.78,1.1,9902.01,1.07,9536.55
2026-04-15 16:35:00,1.09,9751.04,1.1,9931.89,1.07,9512.08
2026-04-15 16:36:00,1.09,9758.28,1.09,9739.66,1.06,9459.3
2026-04-15 16:37:00,1.07,9590.87,1.09,9816.77,1.07,9589.42
2026-04-15 16:38:00,1.08,9611.11,1.09,9780.08,1.06,9416.86
2026-04-15 16:39:00,1.07,9543.97,1.08,9704.19,1.06,9397.5
2026-04-15 16:40:00,1.07,9598.52,1.09,9777.28,1.07,9575.49
2026-04-15 16:41:00,1.08,9670.54,1.08,9728.73,1.06,9478.38
2026-04-15 16:42:00,1.08,9659.95,1.09,9838.34,1.08,9645.14
2026-04-15 16:43:00,1.07,9587.71,1.09,9841.83,1.07,9486.66
2026-04-15 16:44:00,1.09,9812.94,1.1,9917.04,1.06,9457.05
2026-04-15 16:45:00,1.09,9790.9,1.1,9951.42,1.06,9438.89
2026-04-15 16:46:00,1.07,9541.51,1.1,9862.7,1.07,9488.72
2026-04-15 16:47:00,1.08,9674.17,1.1,9878.17,1.08,9665.63
2026-04-15 16:48:00,1.09,9849.63,1.11,9998.17,1.07,9590.31
2026-04-15 16:49:00,1.08,9687.59,1.09,9769.63,1.07,9497.42
2026-04-15 16:50:00,1.09,9741.07,1.09,9786.43,1.08,9678.71
2026-04-15 16:51:00,1.08,9669.59,1.09,9796.41,1.08,9660.08
2026-04-15 16:52:00,1.09,9803.19,1.09,9780.69,1.08,9653.07
2026-04-15 16:53:00,1.1,9879.78,1.1,9874.88,1.07,9572.16
2026-04-15 16:54:00,1.09,9841.28,1.1,9955.29,1.07,9567.35
2026-04-15 16:55:00,1.09,9781.63,1.1,9930.02,1.09,9800.01
2026-04-15 16:56:00,1.07,9569.15,1.09,9854.8,1.07,9545.58
2026-04-15 16:57:00,1.09,9807.65,1.1,9947.38,1.09,9735.73
2026-04-15 16:58:00,1.08,9724.99,1.1,9876.05,1.09,9760.52
2026-04-15 16:59:00,1.1,9896.74,1.1,9966.6,1.08,9650.01
2026-04-15 17:00:00,1.09,9776.18,1.11,9994.57,1.09,9737.1
2026-04-15 17:01:00,1.09,9832.77,1.11,9993.12,1.08,9616.93
2026-04-15 17:02:00,1.08,9714.79,1.09,9776.93,1.07,9546.04
2026-04-15 17:03:00,1.09,9807.17,1.11,10017.38,1.08,9658.06
2026-04-15 17:04:00,1.09,9821.71,1.09,9812.94,1.08,9616.01
2026-04-15 17:05:00,1.09,9742.85,1.11,10063.22,1.09,9839.23
2026-04-15 17:06:00,1.09,9822.36,1.11,9998.81,1.08,9633.09
2026-04-15 17:07:00,1.09,9783.83,1.11,9994.99,1.09,9737.68
2026-04-15 17:08:00,1.09,9736.2,1.11,10048.12,1.07,9590.5
2026-04-15 17:09:00,1.08,9649.4,1.11,10022.13,1.07,9594.18
2026-04-15 17:10:00,1.09,9816.7,1.1,9862.43,1.09,9785.71
2026-04-15 17:11:00,1.1,9866.16,1.09,9822.11,1.07,9592.04
2026-04-15 17:12:00,1.1,9861.73,1.09,9811.36,1.07,9529.9
2026-04-15 17:13:00,1.09,9851.07,1.1,9906.43,1.07,9606.19
2026-04-15 17:14:00,1.09,9847.26,1.11,10021.67,1.08,9640.21
2026-04-15 17:15:00,1.1,9933.89,1.11,10006.49,1.07,9574.98
2026-04-15 17:16:00,1.09,9771.14,1.1,9899.22,1.09,9800.55
2026-04-15 17:17:00,1.09,9772.99,1.1,9978.73,1.09,9820.87
2026-04-15 17:18:00,1.1,9901.47,1.1,9972.95,1.08,9725.92
2026-04-15 17:19:00,1.08,9725.03,1.09,9837.52,1.09,9753.1
2026-04-15 17:20:00,1.08,9677.55,1.12,10142.47,1.08,9625.94
2026-04-15 17:21:00,1.1,9919.79,1.11,10061.42,1.08,9621.94
2026-04-15 17:22:00,1.09,9822.67,1.09,9848.76,1.08,9688.84
2026-04-15 17:23:00,1.09,9844.23,1.1,9976.19,1.09,9754.7
2026-04-15 17:24:00,1.1,9954.22,1.11,10067.68,1.09,9822.81
2026-04-15 17:25:00,1.1,9940.0,1.12,10113.6,1.08,9691.07
2026-04-15 17:26:00,1.11,10002.28,1.11,10085.27,1.08,9706.3
2026-04-15 17:27:00,1.11,10016.56,1.11,10020.03,1.08,9680.94
2026-04-15 17:28:00,1.1,9870.9,1.1,9892.07,1.09,9762.3
2026-04-15 17:29:00,1.1,9974.7,1.12,10184.92,1.07,9610.0
2026-04-15 17:30:00,1.1,9947.81,1.11,10092.26,1.08,9721.4
2026-04-15 17:31:00,1.1,9867.21,1.11,10102.41,1.09,9755.46
2026-04-15 17:32:00,1.11,10018.49,1.12,10120.37,1.09,9837.62
2026-04-15 17:33:00,1.11,9984.63,1.12,10158.1,1.08,9655.91
2026-04-15 17:34:00,1.09,9820.89,1.11,10085.47,1.09,9762.76
2026-04-15 17:35:00,1.1,9900.64,1.12,10172.63,1.09,9831.41
2026-04-15 17:36:00,1.11,10057.05,1.12,10134.33,1.1,9915.96
2026-04-15 17:37:00,1.09,9855.28,1.12,10135.93,1.09,9854.4
2026-04-15 17:38:00,1.09,9793.26,1.1,9925.22,1.08,9706.12
2026-04-15 17:39:00,1.1,9896.37,1.12,10199.81,1.08,9673.09
2026-04-15 17:40:00,1.11,9989.05,1.11,9999.76,1.09,9766.26
2026-04-15 17:41:00,1.11,10061.58,1.12,10197.59,1.09,9857.49
2026-04-15 17:42:00,1.09,9817.16,1.1,9964.21,1.09,9754.05
2026-04-15 17:43:00,1.11,10029.8,1.12,10211.2,1.09,9746.5
2026-04-15 17:44:00,1.11,10055.99,1.11,10084.72,1.09,9794.55
2026-04-15 17:45:00,1.1,9948.01,1.12,10113.29,1.09,9787.96
2026-04-15 17:46:00,1.11,10042.56,1.12,10144.15,1.09,9739.21
2026-04-15 17:47:00,1.11,10089.19,1.12,10172.9,1.09,9822.73
2026-04-15 17:48:00,1.1,9873.27,1.12,10176.22,1.09,9737.55
2026-04-15 17:49:00,1.11,10072.79,1.11,10076.97,1.1,9974.13
2026-04-15 17:50:00,1.1,9885.02,1.1,9975.53,1.09,9854.26
2026-04-15 17:51:00,1.11,10074.69,1.12,10226.92,1.1,9974.37
2026-04-15 17:52:00,1.09,9836.92,1.11,10036.0,1.1,9975.82
2026-04-15 17:53:00,1.1,9874.36,1.11,10039.48,1.09,9853.62
2026-04-15 17:54:00,1.1,9971.85,1.12,10153.32,1.09,9796.12
2026-04-15 17:55:00,1.11,9987.93,1.12,10148.95,1.09,9797.64
2026-04-15 17:56:00,1.11,10024.38,1.11,10018.19,1.09,9856.32
2026-04-15 17:57:00,1.1,9888.1,1.12,10197.41,1.09,9751.01
2026-04-15 17:58:00,1.12,10117.17,1.12,10154.98,1.09,9846.86
2026-04-15 17:59:00,1.12,10129.29,1.13,10286.62,1.11,10048.65
2026-04-15 18:00:00,1.11,10062.87,1.11,10045.86,1.09,9782.2
2026-04-15 18:01:00,1.11,10030.66,1.13,10265.06,1.09,9827.23
2026-04-15 18:02:00,1.1,9936.86,1.12,10153.74,1.09,9837.37
2026-04-15 18:03:00,1.1,9973.05,1.13,10282.53,1.09,9848.05
2026-04-15 18:04:00,1.12,10148.13,1.11,9995.85,1.09,9824.17
2026-04-15 18:05:00,1.11,10018.98,1.13,10287.86,1.1,9884.95
2026-04-15 18:06:00,1.12,10142.6,1.11,10062.26,1.11,10012.57
2026-04-15 18:07:00,1.1,9965.19,1.12,10199.66,1.1,9872.06
2026-04-15 18:08:00,1.11,10104.68,1.11,10058.24,1.09,9853.91
2026-04-15 18:09:00,1.1,9878.66,1.13,10256.58,1.1,9871.09
2026-04-15 18:10:00,1.12,10188.9,1.13,10243.31,1.1,9945.33
2026-04-15 18:11:00,1.1,9927.49,1.13,10252.07,1.11,10027.84
2026-04-15 18:12:00,1.11,10082.47,1.11,10082.16,1.11,10011.7
2026-04-15 18:13:00,1.11,10063.12,1.12,10196.26,1.1,9910.82
2026-04-15 18:14:00,1.11,10038.15,1.13,10296.13,1.11,10054.53
2026-04-15 18:15:00,1.1,9950.79,1.11,10077.23,1.09,9854.19
2026-04-15 18:16:00,1.12,10122.4,1.13,10277.84,1.1,9969.78
2026-04-15 18:17:00,1.12,10137.58,1.12,10189.55,1.1,9928.59
2026-04-15 18:18:00,1.1,9946.72,1.13,10235.89,1.11,9989.2
2026-04-15 18:19:00,1.1,9891.87,1.11,10094.72,1.09,9835.53
2026-04-15 18:20:00,1.1,9953.76,1.14,10358.0,1.1,9918.64
2026-04-15 18:21:00,1.11,10040.85,1.13,10343.96,1.1,9858.4
2026-04-15 18:22:00,1.1,9930.07,1.13,10284.58,1.1,9927.41
2026-04-15 18:23:00,1.11,10010.54,1.12,10178.37,1.1,9979.87
2026-04-15 18:24:00,1.1,9970.83,1.12,10209.82,1.1,9893.14
2026-04-15 18:25:00,1.11,9985.8,1.11,10041.25,1.09,9801.27
2026-04-15 18:26:00,1.12,10137.05,1.13,10262.02,1.1,9979.98
2026-04-15 18:27:00,1.11,10034.97,1.12,10128.55,1.1,9908.74
2026-04-15 18:28:00,1.11,10072.18,1.12,10228.99,1.1,9925.77
2026-04-15 18:29:00,1.11,10075.85,1.13,10353.5,1.1,9905.75
2026-04-15 18:30:00,1.11,10002.17,1.12,10168.44,1.1,9875.77
2026-04-15 18:31:00,1.11,10061.42,1.12,10224.39,1.11,10071.43
2026-04-15 18:32:00,1.1,9944.47,1.14,10358.01,1.1,9941.53
2026-04-15 18:33:00,1.1,9972.11,1.13,10343.32,1.1,9976.06
2026-04-15 18:34:00,1.12,10150.36,1.13,10240.38,1.11,10051.04
2026-04-15 18:35:00,1.11,10097.3,1.11,10080.69,1.11,10033.1
2026-04-15 18:36:00,1.11,10051.29,1.14,10355.22,1.11,10086.77
2026-04-15 18:37:00,1.11,10062.97,1.12,10167.5,1.09,9832.84
2026-04-15 18:38:00,1.11,10014.98,1.12,10150.61,1.11,10037.49
2026-04-15 18:39:00,1.11,9983.75,1.12,10204.71,1.1,9882.58
2026-04-15 18:40:00,1.11,10081.6,1.12,10196.76,1.11,10038.12
2026-04-15 18:41:00,1.12,10215.16,1.13,10304.94,1.11,10097.62
2026-04-15 18:42:00,1.12,10212.04,1.11,10101.96,1.1,9910.25
2026-04-15 18:43:00,1.12,10179.82,1.13,10337.84,1.11,10062.29
2026-04-15 18:44:00,1.12,10210.86,1.13,10348.39,1.11,10072.83
2026-04-15 18:45:00,1.12,10132.5,1.13,10291.07,1.1,9886.35
2026-04-15 18:46:00,1.12,10184.95,1.13,10292.88,1.09,9843.94
2026-04-15 18:47:00,1.12,10144.59,1.14,10387.26,1.09,9810.36
2026-04-15 18:48:00,1.12,10109.52,1.13,10317.49,1.1,9896.51
2026-04-15 18:49:00,1.11,9999.63,1.13,10258.68,1.11,10066.13
2026-04-15 18:50:00,1.11,10091.92,1.12,10112.02,1.11,10048.66
2026-04-15 18:51:00,1.11,9984.98,1.13,10326.31,1.1,9906.08
2026-04-15 18:52:00,1.11,10071.79,1.12,10160.9,1.11,10038.33
2026-04-15 18:53:00,1.13,10253.94,1.13,10282.3,1.1,9966.3
2026-04-15 18:54:00,1.12,10119.92,1.12,10163.34,1.1,9951.6
2026-04-15 18:55:00,1.12,10183.22,1.12,10183.84,1.11,10030.27
2026-04-15 18:56:00,1.11,10062.42,1.13,10341.51,1.1,9886.97
2026-04-15 18:57:00,1.11,10060.86,1.13,10297.82,1.1,9963.65
2026-04-15 18:58:00,1.11,10037.18,1.13,10308.95,1.1,9915.85
2026-04-15 18:59:00,1.11,9989.91,1.14,10393.18,1.1,9931.33
2026-04-15 19:00:00,1.11,10093.03,1.13,10300.24,1.1,9978.18
2026-04-15 19:01:00,1.11,10026.63,1.13,10252.55,1.1,9976.27
2026-04-15 19:02:00,1.12,10178.55,1.13,10232.37,1.12,10172.05
2026-04-15 19:03:00,1.11,10090.76,1.13,10277.78,1.1,9939.39
2026-04-15 19:04:00,1.13,10298.43,1.14,10366.09,1.1,9920.22
2026-04-15 19:05:00,1.13,10273.85,1.12,10168.14,1.1,9943.62
2026-04-15 19:06:00,1.12,10148.92,1.14,10385.44,1.12,10162.57
2026-04-15 19:07:00,1.13,10262.27,1.13,10353.51,1.09,9848.38
2026-04-15 19:08:00,1.1,9963.55,1.13,10331.49,1.1,9879.43
2026-04-15 19:09:00,1.12,10112.16,1.13,10282.84,1.11,10092.36
2026-04-15 19:10:00,1.12,10135.97,1.14,10446.05,1.1,9930.23
2026-04-15 19:11:00,1.12,10176.73,1.14,10443.92,1.1,9866.17
2026-04-15 19:12:00,1.11,10103.68,1.13,10333.32,1.1,9954.3
2026-04-15 19:13:00,1.13,10287.0,1.14,10356.42,1.11,10069.49
2026-04-15 19:14:00,1.12,10188.0,1.12,10131.8,1.1,9953.59
2026-04-15 19:15:00,1.1,9979.19,1.12,10160.62,1.09,9839.77
2026-04-15 19:16:00,1.11,10049.27,1.12,10217.5,1.1,9972.11
2026-04-15 19:17:00,1.11,10047.9,1.13,10267.23,1.11,10048.2
2026-04-15 19:18:00,1.13,10274.55,1.13,10274.03,1.11,10006.32
2026-04-15 19:19:00,1.12,10139.68,1.14,10463.09,1.11,9996.01
2026-04-15 19:20:00,1.12,10189.58,1.14,10356.56,1.12,10164.44
2026-04-15 19:21:00,1.12,10219.91,1.13,10294.12,1.11,9984.56
2026-04-15 19:22:00,1.12,10109.48,1.13,10340.5,1.12,10152.03
2026-04-15 19:23:00,1.13,10310.03,1.15,10504.71,1.12,10155.63
2026-04-15 19:24:00,1.11,10074.42,1.13,10348.81,1.12,10157.42
2026-04-15 19:25:00,1.13,10330.8,1.14,10427.02,1.11,10088.33
2026-04-15 19:26:00,1.11,10095.2,1.12,10205.66,1.12,10117.08
2026-04-15 19:27:00,1.11,10102.38,1.14,10415.08,1.11,10050.26
2026-04-15 19:28:00,1.12,10148.41,1.14,10393.07,1.12,10141.83
2026-04-15 19:29:00,1.13,10249.64,1.14,10470.55,1.1,9959.85
2026-04-15 19:30:00,1.13,10300.92,1.14,10385.5,1.1,9956.8
2026-04-15 19:31:00,1.13,10315.8,1.13,10280.23,1.1,9919.22
2026-04-15 19:32:00,1.11,10021.35,1.14,10453.68,1.11,10070.42
2026-04-15 19:33:00,1.11,10065.13,1.14,10439.76,1.11,10094.35
2026-04-15 19:34:00,1.13,10287.59,1.13,10258.93,1.11,10102.65
2026-04-15 19:35:00,1.13,10267.8,1.14,10464.88,1.11,10050.27
2026-04-15 19:36:00,1.13,10284.17,1.14,10367.91,1.13,10241.77
2026-04-15 19:37:00,1.12,10198.71,1.13,10348.74,1.11,10008.97
2026-04-15 19:38:00,1.13,10244.31,1.13,10317.32,1.11,10105.38
2026-04-15 19:39:00,1.11,10095.85,1.14,10473.93,1.12,10127.77
2026-04-15 19:40:00,1.12,10110.7,1.15,10494.09,1.12,10209.03
2026-04-15 19:41:00,1.12,10183.9,1.13,10249.24,1.1,9949.45
2026-04-15 19:42:00,1.13,10311.97,1.14,10418.79,1.11,9983.96
2026-04-15 19:43:00,1.13,10312.78,1.14,10366.14,1.1,9920.61
2026-04-15 19:44:00,1.12,10214.94,1.14,10398.58,1.11,10089.86
2026-04-15 19:45:00,1.11,10048.23,1.13,10320.04,1.11,10075.88
2026-04-15 19:46:00,1.13,10317.97,1.12,10185.01,1.1,9955.59
2026-04-15 19:47:00,1.12,10113.93,1.14,10420.59,1.11,10098.15
2026-04-15 19:48:00,1.11,10088.01,1.14,10399.66,1.1,9967.23
2026-04-15 19:49:00,1.11,10070.74,1.13,10270.52,1.11,10102.32
2026-04-15 19:50:00,1.13,10310.34,1.15,10492.31,1.11,10019.0
2026-04-15 19:51:00,1.13,10244.32,1.14,10385.7,1.11,10054.51
2026-04-15 19:52:00,1.13,10266.88,1.15,10520.57,1.12,10146.38
2026-04-15 19:53:00,1.13,10283.45,1.12,10228.26,1.12,10210.32
2026-04-15 19:54:00,1.12,10228.66,1.13,10276.33,1.12,10204.35
2026-04-15 19:55:00,1.11,10099.44,1.13,10296.56,1.12,10155.91
2026-04-15 19:56:00,1.13,10235.98,1.15,10483.08,1.11,10002.7
2026-04-15 19:57:00,1.13,10310.26,1.13,10309.91,1.11,10104.1
2026-04-15 19:58:00,1.13,10293.47,1.12,10193.36,1.12,10218.22
2026-04-15 19:59:00,1.12,10159.5,1.13,10324.8,1.11,10056.3
2026-04-15 20:00:00,1.13,10339.48,1.13,10284.81,1.13,10263.7
2026-04-15 20:01:00,1.12,10143.32,1.15,10516.37,1.11,10044.28
2026-04-15 20:02:00,1.12,10158.79,1.13,10264.84,1.11,10010.75
2026-04-15 20:03:00,1.14,10379.72,1.14,10459.1,1.11,10004.1
2026-04-15 20:04:00,1.12,10193.8,1.15,10505.32,1.11,10089.8
2026-04-15 20:05:00,1.14,10367.18,1.14,10414.46,1.12,10170.42
2026-04-15 20:06:00,1.12,10135.45,1.14,10476.98,1.11,10100.88
2026-04-15 20:07:00,1.14,10393.31,1.14,10400.22,1.11,10030.14
2026-04-15 20:08:00,1.13,10254.03,1.15,10546.56,1.11,10078.42
2026-04-15 20:09:00,1.12,10175.74,1.13,10316.71,1.11,10053.63
2026-04-15 20:10:00,1.12,10143.53,1.15,10521.65,1.11,10096.07
2026-04-15 20:11:00,1.12,10155.32,1.15,10506.61,1.11,10008.17
2026-04-15 20:12:00,1.13,10301.95,1.13,10307.86,1.12,10157.04
2026-04-15 20:13:00,1.14,10377.03,1.14,10362.33,1.11,10022.93
2026-04-15 20:14:00,1.14,10432.29,1.14,10373.95,1.11,10001.85
2026-04-15 20:15:00,1.12,10185.91,1.13,10291.14,1.11,10047.16
2026-04-15 20:16:00,1.13,10230.07,1.13,10329.65,1.12,10208.95
2026-04-15 20:17:00,1.13,10287.13,1.14,10410.31,1.12,10164.24
2026-04-15 20:18:00,1.12,10221.76,1.14,10377.08,1.1,9972.54
2026-04-15 20:19:00,1.11,10093.18,1.15,10516.46,1.11,10054.71
2026-04-15 20:20:00,1.14,10419.13,1.14,10384.21,1.12,10128.03
2026-04-15 20:21:00,1.13,10337.27,1.14,10458.81,1.13,10280.45
2026-04-15 20:22:00,1.12,10227.19,1.15,10572.15,1.12,10120.06
2026-04-15 20:23:00,1.13,10240.26,1.15,10543.03,1.11,10035.49
2026-04-15 20:24:00,1.13,10299.48,1.13,10310.08,1.12,10221.52
2026-04-15 20:25:00,1.13,10345.33,1.13,10323.84,1.13,10281.91
2026-04-15 20:26:00,1.13,10307.04,1.13,10258.91,1.13,10277.98
2026-04-15 20:27:00,1.13,10333.66,1.14,10476.42,1.13,10245.31
2026-04-15 20:28:00,1.14,10427.71,1.15,10567.58,1.13,10254.95
2026-04-15 20:29:00,1.13,10353.27,1.14,10360.18,1.13,10263.46
2026-04-15 20:30:00,1.13,10266.83,1.14,10373.65,1.11,10101.49
2026-04-15 20:31:00,1.12,10190.54,1.13,10306.18,1.11,10081.47
2026-04-15 20:32:00,1.12,10183.07,1.14,10375.83,1.13,10341.16
2026-04-15 20:33:00,1.13,10341.2,1.16,10632.27,1.12,10118.5
2026-04-15 20:34:00,1.14,10411.99,1.13,10343.54,1.13,10350.66
2026-04-15 20:35:00,1.12,10157.73,1.15,10494.34,1.12,10167.02
2026-04-15 20:36:00,1.12,10137.85,1.14,10368.8,1.11,10075.33
2026-04-15 20:37:00,1.13,10310.48,1.16,10640.33,1.14,10357.03
2026-04-15 20:38:00,1.13,10249.94,1.15,10549.35,1.13,10261.12
2026-04-15 20:39:00,1.14,10396.93,1.13,10315.66,1.14,10387.26
2026-04-15 20:40:00,1.14,10392.63,1.15,10553.41,1.13,10329.09
2026-04-15 20:41:00,1.14,10452.14,1.16,10659.97,1.13,10300.4
2026-04-15 20:42:00,1.13,10235.13,1.15,10494.08,1.12,10158.62
2026-04-15 20:43:00,1.14,10462.73,1.14,10455.29,1.12,10135.42
2026-04-15 20:44:00,1.13,10255.1,1.14,10354.43,1.12,10194.79
2026-04-15 20:45:00,1.13,10235.69,1.15,10572.88,1.11,10089.84
2026-04-15 20:46:00,1.12,10217.51,1.13,10314.31,1.13,10346.49
2026-04-15 20:47:00,1.14,10388.46,1.15,10505.04,1.13,10300.03
2026-04-15 20:48:00,1.14,10392.6,1.16,10639.7,1.13,10336.33
2026-04-15 20:49:00,1.12,10150.05,1.14,10460.86,1.12,10170.33
2026-04-15 20:50:00,1.14,10419.56,1.14,10395.89,1.13,10353.95
2026-04-15 20:51:00,1.12,10217.45,1.16,10632.22,1.12,10220.39
2026-04-15 20:52:00,1.13,10263.86,1.16,10634.96,1.13,10347.14
2026-04-15 20:53:00,1.14,10355.16,1.15,10575.73,1.14,10374.11
2026-04-15 20:54:00,1.13,10288.82,1.14,10433.43,1.12,10164.21
2026-04-15 20:55:00,1.12,10195.2,1.14,10394.55,1.11,10083.39
2026-04-15 20:56:00,1.12,10189.87,1.16,10636.27,1.13,10341.49
2026-04-15 20:57:00,1.13,10326.39,1.14,10383.25,1.13,10282.73
2026-04-15 20:58:00,1.13,10270.22,1.15,10513.59,1.13,10306.16
2026-04-15 20:59:00,1.12,10218.32,1.15,10547.69,1.13,10307.26
2026-04-15 21:00:00,1.14,10373.1,1.15,10502.26,1.12,10147.06
2026-04-15 21:01:00,1.14,10470.17,1.16,10612.46,1.12,10220.91
2026-04-15 21:02:00,1.14,10423.51,1.16,10705.57,1.13,10267.81
2026-04-15 21:03:00,1.13,10295.88,1.16,10621.6,1.13,10345.21
2026-04-15 21:04:00,1.13,10294.3,1.14,10370.3,1.13,10298.64
2026-04-15 21:05:00,1.13,10303.62,1.14,10427.29,1.11,10100.21
2026-04-15 21:06:00,1.12,10225.51,1.13,10340.48,1.12,10136.97
2026-04-15 21:07:00,1.14,10382.08,1.14,10408.65,1.13,10287.27
2026-04-15 21:08:00,1.14,10477.21,1.14,10380.99,1.13,10290.0
2026-04-15 21:09:00,1.14,10420.21,1.16,10691.99,1.14,10363.79
2026-04-15 21:10:00,1.13,10352.52,1.14,10371.24,1.13,10311.66
2026-04-15 21:11:00,1.15,10502.31,1.16,10609.51,1.13,10342.57
2026-04-15 21:12:00,1.14,10406.82,1.15,10573.49,1.13,10231.13
2026-04-15 21:13:00,1.14,10362.27,1.15,10557.04,1.12,10207.51
2026-04-15 21:14:00,1.14,10466.16,1.14,10460.49,1.12,10223.42
2026-04-15 21:15:00,1.13,10276.87,1.16,10625.08,1.12,10149.62
2026-04-15 21:16:00,1.14,10368.01,1.15,10589.24,1.13,10313.94
2026-04-15 21:17:00,1.12,10214.73,1.15,10554.78,1.14,10377.04
2026-04-15 21:18:00,1.15,10508.11,1.14,10431.59,1.13,10266.22
2026-04-15 21:19:00,1.13,10279.53,1.14,10456.05,1.12,10136.4
2026-04-15 21:20:00,1.13,10265.54,1.15,10574.74,1.12,10167.52
2026-04-15 21:21:00,1.14,10391.69,1.14,10470.96,1.13,10276.72
2026-04-15 21:22:00,1.15,10513.86,1.15,10562.17,1.13,10234.94
2026-04-15 21:23:00,1.14,10469.16,1.14,10428.0,1.12,10216.67
2026-04-15 21:24:00,1.14,10387.92,1.15,10543.24,1.13,10334.9
2026-04-15 21:25:00,1.13,10328.78,1.15,10496.35,1.13,10333.76
2026-04-15 21:26:00,1.13,10329.08,1.15,10547.21,1.14,10433.0
2026-04-15 21:27:00,1.15,10489.72,1.15,10554.95,1.12,10142.65
2026-04-15 21:28:00,1.14,10371.59,1.14,10432.08,1.14,10370.29
2026-04-15 21:29:00,1.13,10277.13,1.14,10440.98,1.14,10467.5
2026-04-15 21:30:00,1.14,10432.28,1.16,10625.46,1.13,10292.46
2026-04-15 21:31:00,1.14,10442.99,1.14,10410.59,1.13,10323.17
2026-04-15 21:32:00,1.14,10427.94,1.16,10617.27,1.13,10312.58
2026-04-15 21:33:00,1.13,10343.59,1.16,10703.1,1.12,10150.1
2026-04-15 21:34:00,1.14,10419.21,1.16,10690.61,1.12,10226.94
2026-04-15 21:35:00,1.13,10333.74,1.16,10711.08,1.13,10346.17
2026-04-15 21:36:00,1.15,10517.55,1.17,10726.18,1.12,10201.64
2026-04-15 21:37:00,1.15,10485.71,1.16,10695.57,1.12,10175.23
2026-04-15 21:38:00,1.14,10373.55,1.15,10548.5,1.13,10273.6
2026-04-15 21:39:00,1.14,10423.97,1.14,10446.35,1.14,10474.57
2026-04-15 21:40:00,1.14,10371.72,1.15,10571.86,1.12,10205.62
2026-04-15 21:41:00,1.15,10517.41,1.16,10694.89,1.14,10441.54
2026-04-15 21:42:00,1.13,10316.13,1.15,10548.46,1.13,10294.56
2026-04-15 21:43:00,1.14,10356.36,1.15,10534.03,1.13,10246.48
2026-04-15 21:44:00,1.14,10357.29,1.16,10604.63,1.14,10383.55
2026-04-15 21:45:00,1.16,10614.09,1.16,10666.3,1.12,10191.57
2026-04-15 21:46:00,1.15,10560.48,1.15,10495.92,1.14,10396.4
2026-04-15 21:47:00,1.14,10400.02,1.16,10722.72,1.13,10259.94
2026-04-15 21:48:00,1.13,10315.8,1.16,10685.93,1.13,10230.82
2026-04-15 21:49:00,1.14,10476.45,1.14,10477.94,1.13,10294.78
2026-04-15 21:50:00,1.13,10320.72,1.16,10672.39,1.14,10404.53
2026-04-15 21:51:00,1.14,10359.22,1.15,10556.91,1.14,10407.62
2026-04-15 21:52:00,1.16,10608.84,1.16,10725.88,1.14,10366.3
2026-04-15 21:53:00,1.14,10427.09,1.15,10584.77,1.14,10433.03
2026-04-15 21:54:00,1.13,10336.71,1.17,10792.46,1.13,10262.98
2026-04-15 21:55:00,1.15,10539.52,1.16,10613.51,1.12,10221.73
2026-04-15 21:56:00,1.14,10399.88,1.15,10586.43,1.14,10431.54
2026-04-15 21:57:00,1.15,10581.47,1.15,10547.18,1.13,10236.21
2026-04-15 21:58:00,1.15,10488.97,1.17,10764.88,1.14,10453.3
2026-04-15 21:59:00,1.14,10459.36,1.15,10594.23,1.15,10493.3
2026-04-15 22:00:00,1.14,10387.42,1.15,10574.84,1.13,10239.96
2026-04-15 22:01:00,1.14,10402.05,1.15,10500.19,1.12,10172.98
2026-04-15 22:02:00,1.15,10561.85,1.16,10697.19,1.13,10259.96
2026-04-15 22:03:00,1.16,10642.43,1.16,10688.71,1.13,10230.75
2026-04-15 22:04:00,1.14,10465.74,1.17,10834.35,1.14,10413.63
2026-04-15 22:05:00,1.15,10483.7,1.17,10784.25,1.15,10518.05
2026-04-15 22:06:00,1.14,10447.56,1.16,10705.33,1.12,10226.78
2026-04-15 22:07:00,1.15,10540.98,1.15,10592.7,1.13,10238.66
2026-04-15 22:08:00,1.14,10449.46,1.15,10559.93,1.14,10387.57
2026-04-15 22:09:00,1.15,10553.74,1.17,10738.48,1.13,10289.66
2026-04-15 22:10:00,1.13,10344.37,1.16,10634.95,1.13,10351.91
2026-04-15 22:11:00,1.14,10419.83,1.17,10799.8,1.14,10380.37
2026-04-15 22:12:00,1.14,10457.89,1.16,10636.45,1.15,10493.71
2026-04-15 22:13:00,1.15,10515.97,1.16,10627.59,1.14,10442.72
2026-04-15 22:14:00,1.15,10548.77,1.15,10584.83,1.13,10266.9
2026-04-15 22:15:00,1.14,10443.92,1.16,10645.87,1.15,10569.27
2026-04-15 22:16:00,1.15,10529.43,1.14,10473.75,1.14,10440.33
2026-04-15 22:17:00,1.16,10675.62,1.15,10594.1,1.13,10252.77
2026-04-15 22:18:00,1.16,10622.94,1.15,10488.59,1.15,10547.34
2026-04-15 22:19:00,1.14,10405.2,1.17,10766.41,1.13,10280.65
2026-04-15 22:20:00,1.16,10658.17,1.17,10749.88,1.14,10354.38
2026-04-15 22:21:00,1.16,10629.92,1.16,10650.14,1.13,10297.64
2026-04-15 22:22:00,1.15,10537.31,1.16,10674.66,1.14,10461.59
2026-04-15 22:23:00,1.15,10534.54,1.16,10692.3,1.14,10405.77
2026-04-15 22:24:00,1.15,10551.12,1.17,10746.96,1.12,10223.39
2026-04-15 22:25:00,1.16,10614.2,1.16,10666.21,1.14,10467.02
2026-04-15 22:26:00,1.14,10386.61,1.16,10602.36,1.13,10331.11
2026-04-15 22:27:00,1.15,10598.9,1.17,10804.66,1.14,10466.9
2026-04-15 22:28:00,1.14,10384.14,1.17,10840.07,1.13,10301.65
2026-04-15 22:29:00,1.16,10646.04,1.15,10525.27,1.14,10385.0
2026-04-15 22:30:00,1.15,10522.66,1.16,10668.66,1.15,10497.09
2026-04-15 22:31:00,1.14,10402.82,1.17,10748.74,1.13,10308.81
2026-04-15 22:32:00,1.16,10650.57,1.16,10629.98,1.15,10492.4
2026-04-15 22:33:00,1.15,10488.94,1.16,10620.68,1.14,10378.51
2026-04-15 22:34:00,1.15,10558.62,1.18,10857.32,1.14,10372.99
2026-04-15 22:35:00,1.14,10434.81,1.17,10783.93,1.14,10359.6
2026-04-15 22:36:00,1.16,10635.41,1.17,10749.85,1.15,10499.56
2026-04-15 22:37:00,1.16,10645.26,1.17,10826.61,1.13,10302.13
2026-04-15 22:38:00,1.14,10403.19,1.18,10877.88,1.14,10448.38
2026-04-15 22:39:00,1.15,10511.72,1.16,10621.34,1.14,10391.83
2026-04-15 22:40:00,1.14,10454.71,1.16,10672.35,1.14,10475.97
2026-04-15 22:41:00,1.14,10429.26,1.18,10882.16,1.14,10356.98
2026-04-15 22:42:00,1.16,10602.22,1.15,10584.51,1.14,10448.2
2026-04-15 22:43:00,1.16,10725.28,1.16,10668.78,1.13,10288.37
2026-04-15 22:44:00,1.16,10602.97,1.17,10816.77,1.15,10514.15
2026-04-15 22:45:00,1.16,10634.75,1.17,10800.34,1.15,10503.09
2026-04-15 22:46:00,1.14,10425.87,1.18,10863.95,1.14,10393.61
2026-04-15 22:47:00,1.16,10617.86,1.16,10711.65,1.13,10259.97
2026-04-15 22:48:00,1.15,10530.57,1.16,10610.92,1.14,10395.01
2026-04-15 22:49:00,1.16,10686.75,1.17,10753.16,1.14,10455.39
2026-04-15 22:50:00,1.15,10540.69,1.16,10616.47,1.14,10454.66
2026-04-15 22:51:00,1.16,10636.98,1.16,10662.14,1.14,10426.72
2026-04-15 22:52:00,1.16,10655.01,1.18,10850.08,1.15,10552.66
2026-04-15 22:53:00,1.14,10464.77,1.18,10860.44,1.14,10370.42
2026-04-15 22:54:00,1.16,10611.84,1.16,10609.77,1.14,10422.84
2026-04-15 22:55:00,1.15,10592.56,1.16,10629.99,1.14,10448.48
2026-04-15 22:56:00,1.16,10700.12,1.16,10719.57,1.15,10561.12
2026-04-15 22:57:00,1.16,10672.28,1.17,10739.38,1.14,10402.44
2026-04-15 22:58:00,1.14,10437.58,1.16,10647.26,1.16,10674.64
2026-04-15 22:59:00,1.17,10760.49,1.17,10748.94,1.15,10601.87
2026-04-15 23:00:00,1.15,10550.73,1.18,10854.18,1.15,10575.64
2026-04-15 23:01:00,1.14,10436.73,1.16,10688.13,1.14,10437.28
2026-04-15 23:02:00,1.14,10442.05,1.17,10772.99,1.14,10426.11
2026-04-15 23:03:00,1.14,10475.84,1.18,10865.19,1.14,10477.24
2026-04-15 23:04:00,1.16,10648.27,1.17,10770.9,1.15,10572.19
2026-04-15 23:05:00,1.16,10675.83,1.15,10584.22,1.14,10387.14
2026-04-15 23:06:00,1.16,10706.96,1.18,10865.86,1.14,10412.57
2026-04-15 23:07:00,1.17,10768.01,1.16,10635.31,1.13,10336.97
2026-04-15 23:08:00,1.16,10667.19,1.16,10706.81,1.16,10646.87
2026-04-15 23:09:00,1.14,10447.97,1.15,10560.01,1.14,10371.92
2026-04-15 23:10:00,1.15,10585.03,1.17,10823.43,1.13,10322.06
2026-04-15 23:11:00,1.16,10621.97,1.18,10860.17,1.13,10345.9
2026-04-15 23:12:00,1.16,10657.15,1.18,10937.87,1.15,10566.28
2026-04-15 23:13:00,1.15,10557.69,1.17,10762.12,1.14,10477.98
2026-04-15 23:14:00,1.16,10646.94,1.18,10873.33,1.15,10496.53
2026-04-15 23:15:00,1.17,10783.0,1.17,10790.55,1.13,10329.2
2026-04-15 23:16:00,1.16,10663.45,1.16,10607.62,1.16,10663.24
2026-04-15 23:17:00,1.17,10805.94,1.16,10640.11,1.15,10484.04
2026-04-15 23:18:00,1.16,10626.19,1.18,10896.01,1.15,10532.74
2026-04-15 23:19:00,1.16,10672.29,1.17,10809.33,1.16,10687.61
2026-04-15 23:20:00,1.17,10774.96,1.18,10861.31,1.16,10645.77
2026-04-15 23:21:00,1.16,10694.1,1.17,10752.65,1.14,10391.38
2026-04-15 23:22:00,1.14,10457.66,1.18,10945.8,1.15,10557.66
2026-04-15 23:23:00,1.15,10600.96,1.18,10957.19,1.14,10386.16
2026-04-15 23:24:00,1.16,10709.8,1.16,10664.66,1.14,10439.07
2026-04-15 23:25:00,1.15,10588.35,1.18,10910.52,1.15,10582.96
2026-04-15 23:26:00,1.15,10587.4,1.18,10934.22,1.14,10390.14
2026-04-15 23:27:00,1.16,10633.43,1.18,10877.16,1.14,10446.18
2026-04-15 23:28:00,1.16,10725.97,1.16,10633.52,1.14,10468.1
2026-04-15 23:29:00,1.17,10748.47,1.16,10678.61,1.14,10388.84
2026-04-15 23:30:00,1.15,10599.21,1.17,10835.2,1.16,10606.83
2026-04-15 23:31:00,1.17,10727.41,1.17,10836.72,1.14,10430.66
2026-04-15 23:32:00,1.16,10651.26,1.16,10712.52,1.16,10626.26
2026-04-15 23:33:00,1.17,10793.88,1.16,10692.37,1.16,10626.81
2026-04-15 23:34:00,1.15,10600.2,1.17,10737.27,1.15,10491.32
2026-04-15 23:35:00,1.18,10853.33,1.17,10825.87,1.16,10707.11
2026-04-15 23:36:00,1.17,10815.89,1.18,10968.52,1.14,10425.43
2026-04-15 23:37:00,1.16,10690.82,1.16,10665.24,1.16,10665.98
2026-04-15 23:38:00,1.17,10763.48,1.18,10955.5,1.14,10424.02
2026-04-15 23:39:00,1.16,10636.87,1.17,10806.47,1.14,10411.59
2026-04-15 23:40:00,1.15,10509.19,1.16,10676.02,1.14,10468.85
2026-04-15 23:41:00,1.16,10660.79,1.17,10849.93,1.14,10458.98
2026-04-15 23:42:00,1.16,10717.79,1.17,10821.58,1.16,10651.15
2026-04-15 23:43:00,1.17,10834.02,1.18,10897.54,1.15,10566.71
2026-04-15 23:44:00,1.16,10654.55,1.17,10795.64,1.14,10438.66
2026-04-15 23:45:00,1.16,10649.39,1.18,10893.27,1.15,10588.45
2026-04-15 23:46:00,1.16,10658.77,1.17,10739.43,1.15,10489.18
2026-04-15 23:47:00,1.17,10730.4,1.17,10843.72,1.15,10570.95
2026-04-15 23:48:00,1.17,10833.14,1.18,10906.89,1.16,10644.26
2026-04-15 23:49:00,1.17,10821.44,1.16,10656.66,1.15,10543.55
2026-04-15 23:50:00,1.17,10742.05,1.16,10704.32,1.16,10614.47
2026-04-15 23:51:00,1.17,10770.36,1.17,10774.24,1.14,10442.18
2026-04-15 23:52:00,1.16,10625.57,1.17,10747.41,1.15,10486.32
2026-04-15 23:53:00,1.16,10669.22,1.18,10870.04,1.15,10546.03
2026-04-15 23:54:00,1.15,10555.75,1.17,10743.38,1.14,10381.26
2026-04-15 23:55:00,1.15,10565.48,1.19,11016.15,1.14,10458.12
2026-04-15 23:56:00,1.17,10775.69,1.18,10933.08,1.16,10679.93
2026-04-15 23:57:00,1.17,10732.32,1.18,10911.44,1.14,10442.63
2026-04-15 23:58:00,1.15,10539.98,1.17,10779.69,1.16,10677.83
2026-04-15 23:59:00,1.17,10779.42,1.18,10964.79,1.15,10586.67
2026-04-16 00:00:00,1.15,10588.0,1.16,10701.31,1.14,10408.7
2026-04-16 00:01:00,1.17,10739.27,1.19,11009.71,1.16,10670.12
2026-04-16 00:02:00,1.16,10689.73,1.18,10951.59,1.16,10680.39
2026-04-16 00:03:00,1.16,10626.19,1.17,10827.24,1.16,10709.13
2026-04-16 00:04:00,1.15,10571.47,1.17,10768.65,1.16,10668.26
2026-04-16 00:05:00,1.15,10600.01,1.18,10861.11,1.16,10609.11
2026-04-16 00:06:00,1.18,10869.99,1.19,11005.03,1.16,10725.68
2026-04-16 00:07:00,1.16,10710.47,1.19,10976.72,1.15,10601.27
2026-04-16 00:08:00,1.16,10665.8,1.17,10836.78,1.15,10547.55
2026-04-16 00:09:00,1.16,10706.14,1.19,11057.08,1.16,10614.17
2026-04-16 00:10:00,1.16,10637.02,1.17,10738.23,1.15,10570.15
2026-04-16 00:11:00,1.15,10583.52,1.17,10804.87,1.14,10473.69
2026-04-16 00:12:00,1.15,10595.83,1.17,10822.6,1.16,10707.02
2026-04-16 00:13:00,1.17,10809.27,1.17,10778.8,1.16,10712.03
2026-04-16 00:14:00,1.17,10831.31,1.18,10902.26,1.17,10821.92
2026-04-16 00:15:00,1.17,10805.83,1.19,10999.28,1.15,10522.18
2026-04-16 00:16:00,1.17,10807.72,1.18,10947.1,1.15,10520.65
2026-04-16 00:17:00,1.16,10669.84,1.17,10824.77,1.17,10828.6
2026-04-16 00:18:00,1.18,10871.41,1.17,10811.67,1.16,10612.43
2026-04-16 00:19:00,1.16,10644.89,1.19,11035.83,1.15,10507.06
2026-04-16 00:20:00,1.18,10896.55,1.18,10903.87,1.16,10615.45
2026-04-16 00:21:00,1.16,10710.48,1.19,11021.93,1.16,10632.99
2026-04-16 00:22:00,1.16,10698.54,1.19,10975.69,1.16,10709.55
2026-04-16 00:23:00,1.18,10887.75,1.19,10998.89,1.15,10569.23
2026-04-16 00:24:00,1.16,10717.23,1.19,11018.0,1.17,10788.88
2026-04-16 00:25:00,1.17,10810.86,1.17,10741.71,1.15,10531.51
2026-04-16 00:26:00,1.16,10702.09,1.18,10968.17,1.16,10711.46
2026-04-16 00:27:00,1.18,10950.53,1.17,10813.03,1.16,10623.18
2026-04-16 00:28:00,1.17,10783.0,1.19,11071.38,1.16,10651.23
2026-04-16 00:29:00,1.16,10704.16,1.17,10831.65,1.17,10768.99
2026-04-16 00:30:00,1.17,10752.71,1.19,11059.92,1.16,10660.15
2026-04-16 00:31:00,1.17,10756.2,1.19,11089.4,1.16,10657.12
2026-04-16 00:32:00,1.18,10950.16,1.19,11011.51,1.15,10579.92
2026-04-16 00:33:00,1.17,10805.82,1.18,10923.43,1.16,10718.65
2026-04-16 00:34:00,1.18,10948.78,1.17,10776.96,1.16,10683.36
2026-04-16 00:35:00,1.18,10958.16,1.19,11035.46,1.15,10528.92
2026-04-16 00:36:00,1.17,10760.64,1.19,11055.54,1.15,10541.9
2026-04-16 00:37:00,1.18,10917.41,1.19,11060.86,1.17,10827.17
2026-04-16 00:38:00,1.17,10746.18,1.19,11006.78,1.15,10524.76
2026-04-16 00:39:00,1.17,10804.1,1.19,11021.71,1.15,10522.44
2026-04-16 00:40:00,1.18,10927.07,1.19,11020.92,1.16,10651.08
2026-04-16 00:41:00,1.17,10810.54,1.18,10856.49,1.16,10626.38
2026-04-16 00:42:00,1.18,10945.17,1.17,10824.88,1.17,10773.14
2026-04-16 00:43:00,1.18,10944.31,1.17,10848.61,1.16,10651.9
2026-04-16 00:44:00,1.17,10807.28,1.17,10760.67,1.17,10763.43
2026-04-16 00:45:00,1.16,10663.77,1.18,10910.45,1.17,10788.14
2026-04-16 00:46:00,1.16,10632.01,1.2,11128.33,1.16,10606.52
2026-04-16 00:47:00,1.18,10895.58,1.18,10957.99,1.18,10886.43
2026-04-16 00:48:00,1.16,10681.39,1.19,10984.72,1.16,10606.02
2026-04-16 00:49:00,1.17,10728.35,1.18,10963.19,1.17,10799.51
2026-04-16 00:50:00,1.18,10889.89,1.19,11082.04,1.16,10685.26
2026-04-16 00:51:00,1.17,10838.31,1.17,10844.92,1.17,10767.3
2026-04-16 00:52:00,1.17,10818.63,1.18,10867.56,1.16,10682.07
2026-04-16 00:53:00,1.17,10772.37,1.19,11072.4,1.17,10833.9
2026-04-16 00:54:00,1.16,10704.82,1.18,10947.91,1.17,10849.75
2026-04-16 00:55:00,1.16,10645.55,1.19,11084.54,1.16,10613.6
2026-04-16 00:56:00,1.18,10880.81,1.18,10942.94,1.17,10806.89
2026-04-16 00:57:00,1.16,10696.0,1.17,10823.9,1.17,10798.94
2026-04-16 00:58:00,1.18,10957.52,1.2,11149.39,1.16,10719.93
2026-04-16 00:59:00,1.17,10733.75,1.19,11070.12,1.16,10710.96
2026-04-16 01:00:00,1.17,10791.82,1.19,11073.06,1.16,10682.08
2026-04-16 01:01:00,1.16,10686.2,1.2,11111.67,1.17,10741.78
2026-04-16 01:02:00,1.19,11026.14,1.19,11003.36,1.17,10778.12
2026-04-16 01:03:00,1.19,10985.38,1.2,11186.59,1.17,10762.1
2026-04-16 01:04:00,1.18,10913.3,1.19,11077.75,1.18,10859.03
2026-04-16 01:05:00,1.17,10835.19,1.19,11081.28,1.16,10645.75
2026-04-16 01:06:00,1.18,10949.51,1.2,11155.09,1.17,10748.12
2026-04-16 01:07:00,1.16,10720.82,1.19,10984.62,1.17,10785.34
2026-04-16 01:08:00,1.16,10693.96,1.19,10975.8,1.18,10888.85
2026-04-16 01:09:00,1.18,10954.94,1.18,10894.28,1.17,10754.5
2026-04-16 01:10:00,1.17,10805.81,1.18,10885.34,1.17,10758.72
2026-04-16 01:11:00,1.18,10959.21,1.18,10916.87,1.17,10838.29
2026-04-16 01:12:00,1.16,10690.63,1.19,11059.58,1.18,10893.63
2026-04-16 01:13:00,1.17,10808.86,1.19,11038.94,1.17,10802.12
2026-04-16 01:14:00,1.17,10802.36,1.18,10894.69,1.16,10631.34
2026-04-16 01:15:00,1.18,10864.19,1.18,10958.51,1.16,10665.56
2026-04-16 01:16:00,1.17,10807.51,1.18,10870.35,1.16,10689.65
2026-04-16 01:17:00,1.16,10721.02,1.19,11026.75,1.17,10779.69
2026-04-16 01:18:00,1.18,10850.18,1.19,11067.72,1.17,10770.96
2026-04-16 01:19:00,1.17,10842.6,1.19,11060.15,1.17,10774.59
2026-04-16 01:20:00,1.17,10746.58,1.19,11018.1,1.16,10627.52
2026-04-16 01:21:00,1.18,10926.26,1.19,11092.6,1.16,10648.55
2026-04-16 01:22:00,1.19,10986.97,1.19,11035.82,1.17,10756.47
2026-04-16 01:23:00,1.19,11033.57,1.2,11193.1,1.18,10907.76
2026-04-16 01:24:00,1.17,10779.88,1.18,10922.66,1.16,10674.35
2026-04-16 01:25:00,1.19,11048.13,1.2,11140.99,1.16,10622.45
2026-04-16 01:26:00,1.16,10698.49,1.18,10926.36,1.18,10852.05
2026-04-16 01:27:00,1.18,10896.25,1.19,11053.21,1.18,10900.92
2026-04-16 01:28:00,1.18,10907.74,1.19,11018.63,1.16,10715.92
2026-04-16 01:29:00,1.18,10938.25,1.19,11015.11,1.17,10843.11
2026-04-16 01:30:00,1.19,10977.33,1.2,11136.0,1.17,10742.48
2026-04-16 01:31:00,1.17,10778.07,1.18,10880.61,1.17,10747.05
2026-04-16 01:32:00,1.17,10840.69,1.2,11173.39,1.17,10809.32
2026-04-16 01:33:00,1.19,11044.11,1.18,10932.83,1.17,10790.89
2026-04-16 01:34:00,1.18,10936.97,1.18,10972.58,1.17,10832.78
2026-04-16 01:35:00,1.17,10782.66,1.18,10906.47,1.16,10725.26
2026-04-16 01:36:00,1.18,10887.8,1.2,11183.17,1.18,10931.3
2026-04-16 01:37:00,1.18,10933.05,1.19,10991.31,1.18,10914.71
2026-04-16 01:38:00,1.18,10867.01,1.19,10978.46,1.18,10960.71
2026-04-16 01:39:00,1.18,10971.57,1.18,10937.33,1.18,10930.15
2026-04-16 01:40:00,1.18,10921.11,1.2,11117.38,1.17,10729.7
2026-04-16 01:41:00,1.19,11009.21,1.19,11020.84,1.18,10955.56
2026-04-16 01:42:00,1.17,10841.71,1.2,11140.66,1.17,10780.97
2026-04-16 01:43:00,1.17,10753.15,1.19,11052.49,1.17,10834.54
2026-04-16 01:44:00,1.19,11097.33,1.2,11108.52,1.17,10843.52
2026-04-16 01:45:00,1.17,10821.86,1.18,10891.56,1.18,10937.29
2026-04-16 01:46:00,1.17,10821.99,1.18,10944.43,1.16,10639.09
2026-04-16 01:47:00,1.19,11059.13,1.19,10987.32,1.18,10885.65
2026-04-16 01:48:00,1.18,10927.97,1.2,11160.31,1.16,10679.81
2026-04-16 01:49:00,1.18,10850.9,1.19,11058.24,1.16,10707.43
2026-04-16 01:50:00,1.19,10986.48,1.19,10986.87,1.17,10729.21
2026-04-16 01:51:00,1.17,10831.36,1.2,11107.37,1.18,10935.41
2026-04-16 01:52:00,1.18,10936.49,1.2,11126.51,1.18,10972.9
2026-04-16 01:53:00,1.18,10949.5,1.21,11232.42,1.18,10898.28
2026-04-16 01:54:00,1.17,10847.93,1.19,10999.13,1.17,10753.0
2026-04-16 01:55:00,1.17,10778.21,1.19,11093.36,1.18,10926.94
2026-04-16 01:56:00,1.18,10873.24,1.19,10997.36,1.17,10741.77
2026-04-16 01:57:00,1.17,10841.8,1.19,10981.41,1.17,10828.79
2026-04-16 01:58:00,1.18,10855.27,1.2,11125.12,1.18,10921.07
2026-04-16 01:59:00,1.18,10948.28,1.2,11163.76,1.18,10973.76
2026-04-16 02:00:00,1.19,11022.92,1.21,11241.39,1.17,10786.21
2026-04-16 02:01:00,1.19,11070.4,1.2,11164.65,1.18,10885.77
2026-04-16 02:02:00,1.19,11040.55,1.19,11076.71,1.17,10805.97
2026-04-16 02:03:00,1.17,10785.82,1.21,11239.57,1.18,10949.9
2026-04-16 02:04:00,1.19,11074.67,1.19,11025.99,1.17,10761.6
2026-04-16 02:05:00,1.19,11063.08,1.2,11168.27,1.17,10772.29
2026-04-16 02:06:00,1.19,10978.13,1.18,10956.27,1.18,10861.13
2026-04-16 02:07:00,1.18,10910.27,1.19,10997.89,1.17,10762.76
2026-04-16 02:08:00,1.17,10845.05,1.2,11167.65,1.18,10877.12
2026-04-16 02:09:00,1.17,10844.61,1.19,10998.45,1.18,10910.93
2026-04-16 02:10:00,1.18,10951.06,1.18,10951.9,1.17,10765.37
2026-04-16 02:11:00,1.19,11086.69,1.19,11042.36,1.18,10973.4
2026-04-16 02:12:00,1.17,10820.44,1.19,11091.3,1.18,10905.89
2026-04-16 02:13:00,1.19,10987.06,1.21,11307.01,1.19,10988.51
2026-04-16 02:14:00,1.19,11069.05,1.19,11080.98,1.17,10780.01
2026-04-16 02:15:00,1.18,10951.75,1.19,11015.93,1.19,10975.99
2026-04-16 02:16:00,1.18,10942.81,1.2,11149.05,1.17,10775.82
2026-04-16 02:17:00,1.19,11051.88,1.19,11052.2,1.17,10766.1
2026-04-16 02:18:00,1.19,11057.33,1.21,11235.13,1.17,10826.34
2026-04-16 02:19:00,1.19,11044.07,1.19,11042.04,1.18,10895.87
2026-04-16 02:20:00,1.19,11071.01,1.19,11036.61,1.19,10979.07
2026-04-16 02:21:00,1.19,11044.41,1.2,11208.36,1.17,10794.55
2026-04-16 02:22:00,1.2,11119.55,1.2,11153.69,1.18,10886.91
2026-04-16 02:23:00,1.17,10826.66,1.19,10982.67,1.17,10733.13
2026-04-16 02:24:00,1.2,11107.78,1.21,11263.91,1.18,10927.77
2026-04-16 02:25:00,1.19,11036.9,1.21,11338.67,1.17,10778.2
2026-04-16 02:26:00,1.2,11122.06,1.21,11248.34,1.19,11034.82
2026-04-16 02:27:00,1.18,10965.83,1.2,11170.9,1.17,10848.2
2026-04-16 02:28:00,1.2,11125.15,1.19,10987.19,1.17,10822.28
2026-04-16 02:29:00,1.2,11181.66,1.19,11081.7,1.17,10737.91
2026-04-16 02:30:00,1.19,11094.65,1.19,10999.73,1.18,10968.74
2026-04-16 02:31:00,1.18,10972.52,1.2,11170.15,1.19,11051.28
2026-04-16 02:32:00,1.18,10854.89,1.2,11111.29,1.17,10822.76
2026-04-16 02:33:00,1.2,11103.32,1.2,11170.25,1.18,10908.47
2026-04-16 02:34:00,1.18,10940.73,1.19,10975.69,1.19,11028.8
2026-04-16 02:35:00,1.19,10981.87,1.2,11132.34,1.19,10993.2
2026-04-16 02:36:00,1.19,11083.43,1.21,11255.52,1.18,10883.46
2026-04-16 02:37:00,1.19,10974.17,1.2,11190.01,1.17,10786.79
2026-04-16 02:38:00,1.2,11164.36,1.21,11242.43,1.17,10826.69
2026-04-16 02:39:00,1.19,11041.12,1.19,11087.38,1.19,10974.24
2026-04-16 02:40:00,1.19,11089.82,1.21,11290.02,1.17,10798.57
2026-04-16 02:41:00,1.2,11219.39,1.21,11245.48,1.17,10781.24
2026-04-16 02:42:00,1.2,11140.85,1.2,11146.29,1.18,10925.5
2026-04-16 02:43:00,1.18,10913.84,1.21,11319.4,1.19,11016.63
2026-04-16 02:44:00,1.18,10875.74,1.2,11110.08,1.18,10938.81
2026-04-16 02:45:00,1.19,11018.14,1.19,11053.03,1.19,10998.17
2026-04-16 02:46:00,1.18,10868.45,1.21,11240.1,1.18,10956.12
2026-04-16 02:47:00,1.2,11109.48,1.21,11272.58,1.19,11061.42
2026-04-16 02:48:00,1.19,10984.63,1.21,11290.42,1.19,11000.49
2026-04-16 02:49:00,1.2,11176.3,1.21,11260.56,1.17,10813.99
2026-04-16 02:50:00,1.2,11099.74,1.2,11148.77,1.17,10767.52
2026-04-16 02:51:00,1.18,10952.25,1.21,11266.66,1.19,10997.76
2026-04-16 02:52:00,1.21,11238.87,1.2,11218.44,1.18,10962.12
2026-04-16 02:53:00,1.19,11091.82,1.22,11375.69,1.18,10902.74
2026-04-16 02:54:00,1.2,11169.41,1.19,11074.64,1.17,10797.28
2026-04-16 02:55:00,1.18,10966.26,1.21,11277.17,1.17,10782.23
2026-04-16 02:56:00,1.18,10938.64,1.19,11045.03,1.19,10983.15
2026-04-16 02:57:00,1.2,11124.75,1.21,11337.34,1.19,11089.04
2026-04-16 02:58:00,1.21,11223.98,1.2,11115.56,1.18,10962.22
2026-04-16 02:59:00,1.19,11049.04,1.22,11357.47,1.18,10971.51
2026-04-16 03:00:00,1.19,10978.41,1.19,11095.18,1.17,10843.2
2026-04-16 03:01:00,1.19,10999.46,1.21,11253.37,1.17,10740.14
2026-04-16 03:02:00,1.21,11244.93,1.2,11207.74,1.18,10958.31
2026-04-16 03:03:00,1.18,10925.47,1.2,11136.72,1.18,10876.05
2026-04-16 03:04:00,1.19,11012.03,1.22,11381.11,1.17,10839.76
2026-04-16 03:05:00,1.2,11151.38,1.22,11351.65,1.17,10812.36
2026-04-16 03:06:00,1.19,11087.63,1.22,11367.47,1.2,11141.49
2026-04-16 03:07:00,1.19,10983.37,1.22,11404.6,1.19,11004.92
2026-04-16 03:08:00,1.2,11182.96,1.2,11168.7,1.18,10961.35
2026-04-16 03:09:00,1.2,11104.45,1.22,11414.64,1.2,11130.0
2026-04-16 03:10:00,1.2,11147.91,1.2,11200.62,1.19,11034.73
2026-04-16 03:11:00,1.19,11010.12,1.2,11154.81,1.19,11038.98
2026-04-16 03:12:00,1.19,11014.57,1.2,11113.85,1.19,11024.77
2026-04-16 03:13:00,1.19,11015.53,1.22,11349.86,1.17,10830.88
2026-04-16 03:14:00,1.2,11194.75,1.22,11349.78,1.2,11126.31
2026-04-16 03:15:00,1.19,11077.95,1.21,11237.72,1.18,10946.42
2026-04-16 03:16:00,1.19,10978.38,1.21,11225.9,1.19,11010.4
2026-04-16 03:17:00,1.2,11207.11,1.21,11238.28,1.18,10951.26
2026-04-16 03:18:00,1.19,11069.04,1.22,11407.52,1.2,11117.67
2026-04-16 03:19:00,1.2,11102.47,1.21,11281.02,1.19,11095.85
2026-04-16 03:20:00,1.2,11183.26,1.2,11210.86,1.2,11130.29
2026-04-16 03:21:00,1.19,11041.44,1.22,11395.32,1.17,10841.41
2026-04-16 03:22:00,1.19,11027.88,1.21,11335.46,1.18,10866.15
2026-04-16 03:23:00,1.2,11168.09,1.21,11261.1,1.18,10958.26
2026-04-16 03:24:00,1.19,11033.74,1.19,11084.2,1.19,11017.12
2026-04-16 03:25:00,1.2,11100.48,1.22,11395.15,1.19,10992.18
2026-04-16 03:26:00,1.2,11123.84,1.21,11300.33,1.18,10957.05
2026-04-16 03:27:00,1.19,11028.17,1.21,11321.72,1.18,10931.15
2026-04-16 03:28:00,1.2,11160.06,1.22,11413.62,1.18,10875.02
2026-04-16 03:29:00,1.19,11054.12,1.22,11413.22,1.19,10983.43
2026-04-16 03:30:00,1.2,11194.4,1.21,11268.03,1.19,10998.38
2026-04-16 03:31:00,1.2,11100.5,1.2,11183.88,1.2,11151.46
2026-04-16 03:32:00,1.19,11043.88,1.22,11447.0,1.18,10867.63
2026-04-16 03:33:00,1.2,11112.54,1.21,11225.71,1.18,10905.64
2026-04-16 03:34:00,1.19,11034.91,1.2,11206.91,1.19,11058.02
2026-04-16 03:35:00,1.21,11274.05,1.2,11202.2,1.18,10867.19
2026-04-16 03:36:00,1.2,11202.46,1.2,11213.02,1.19,11047.28
2026-04-16 03:37:00,1.2,11186.63,1.21,11291.41,1.18,10902.42
2026-04-16 03:38:00,1.21,11329.29,1.22,11392.03,1.18,10949.57
2026-04-16 03:39:00,1.21,11248.21,1.21,11275.02,1.2,11160.46
2026-04-16 03:40:00,1.2,11150.81,1.22,11445.05,1.18,10967.79
2026-04-16 03:41:00,1.2,11211.12,1.21,11285.75,1.2,11195.68
2026-04-16 03:42:00,1.2,11138.72,1.21,11303.42,1.19,11059.64
2026-04-16 03:43:00,1.19,11025.98,1.21,11291.77,1.17,10843.83
2026-04-16 03:44:00,1.21,11235.0,1.22,11402.61,1.19,10991.29
2026-04-16 03:45:00,1.2,11141.42,1.2,11194.98,1.18,10887.6
2026-04-16 03:46:00,1.21,11263.28,1.22,11375.27,1.2,11135.4
2026-04-16 03:47:00,1.19,11051.62,1.2,11220.66,1.18,10958.51
2026-04-16 03:48:00,1.2,11197.33,1.21,11290.4,1.19,10989.56
2026-04-16 03:49:00,1.21,11283.57,1.21,11338.6,1.18,10967.62
2026-04-16 03:50:00,1.2,11217.95,1.2,11160.47,1.19,11032.78
2026-04-16 03:51:00,1.2,11204.66,1.21,11272.9,1.19,11068.43
2026-04-16 03:52:00,1.19,11071.47,1.2,11205.76,1.18,10923.62
2026-04-16 03:53:00,1.21,11312.5,1.22,11375.86,1.19,10978.53
2026-04-16 03:54:00,1.21,11267.93,1.22,11399.69,1.2,11155.54
2026-04-16 03:55:00,1.21,11281.52,1.22,11401.35,1.2,11214.73
2026-04-16 03:56:00,1.21,11223.36,1.21,11242.95,1.19,11078.83
2026-04-16 03:57:00,1.19,11083.84,1.21,11290.93,1.19,11049.36
2026-04-16 03:58:00,1.2,11195.14,1.22,11382.55,1.2,11118.18
2026-04-16 03:59:00,1.2,11204.48,1.21,11266.47,1.18,10886.79
2026-04-16 04:00:00,1.19,11090.4,1.22,11414.6,1.18,10965.92
2026-04-16 04:01:00,1.2,11155.57,1.22,11359.03,1.2,11103.93
2026-04-16 04:02:00,1.19,11067.53,1.22,11378.38,1.2,11112.58
2026-04-16 04:03:00,1.21,11289.54,1.21,11277.34,1.2,11184.9
2026-04-16 04:04:00,1.19,11076.14,1.22,11455.11,1.19,11021.63
2026-04-16 04:05:00,1.2,11183.91,1.2,11194.18,1.18,10970.34
2026-04-16 04:06:00,1.21,11239.41,1.22,11443.13,1.21,11234.57
2026-04-16 04:07:00,1.19,11046.09,1.21,11333.54,1.2,11178.49
2026-04-16 04:08:00,1.21,11303.07,1.21,11298.63,1.2,11188.41
2026-04-16 04:09:00,1.2,11102.47,1.21,11244.1,1.19,11006.14
2026-04-16 04:10:00,1.21,11306.84,1.22,11436.36,1.2,11192.99
2026-04-16 04:11:00,1.19,11084.48,1.2,11220.72,1.19,11064.11
2026-04-16 04:12:00,1.21,11337.96,1.22,11438.5,1.19,11020.0
2026-04-16 04:13:00,1.21,11328.91,1.2,11198.84,1.19,10989.06
2026-04-16 04:14:00,1.21,11255.07,1.23,11513.47,1.2,11121.88
2026-04-16 04:15:00,1.2,11177.59,1.22,11424.65,1.2,11124.31
2026-04-16 04:16:00,1.21,11238.25,1.22,11372.79,1.19,11085.8
2026-04-16 04:17:00,1.22,11390.02,1.21,11279.65,1.2,11108.35
2026-04-16 04:18:00,1.21,11273.84,1.21,11242.87,1.19,11075.41
2026-04-16 04:19:00,1.21,11300.81,1.23,11503.73,1.2,11187.0
2026-04-16 04:20:00,1.21,11251.62,1.22,11438.44,1.21,11256.85
2026-04-16 04:21:00,1.2,11195.14,1.21,11332.17,1.21,11284.58
2026-04-16 04:22:00,1.21,11304.47,1.21,11256.23,1.2,11164.94
2026-04-16 04:23:00,1.21,11312.39,1.23,11537.82,1.2,11202.5
2026-04-16 04:24:00,1.21,11265.41,1.23,11522.18,1.18,10929.85
2026-04-16 04:25:00,1.2,11189.95,1.22,11367.78,1.21,11292.84
2026-04-16 04:26:00,1.22,11369.07,1.21,11291.01,1.21,11248.86
2026-04-16 04:27:00,1.2,11209.44,1.21,11273.87,1.2,11140.91
2026-04-16 04:28:00,1.21,11271.92,1.23,11476.48,1.18,10960.81
2026-04-16 04:29:00,1.22,11410.95,1.22,11388.53,1.21,11274.43
2026-04-16 04:30:00,1.21,11332.8,1.23,11516.28,1.21,11286.48
2026-04-16 04:31:00,1.21,11310.92,1.23,11510.3,1.2,11144.52
2026-04-16 04:32:00,1.2,11170.96,1.23,11557.5,1.19,11069.46
2026-04-16 04:33:00,1.2,11149.97,1.21,11342.2,1.21,11244.96
2026-04-16 04:34:00,1.21,11270.66,1.23,11516.57,1.19,11053.16
2026-04-16 04:35:00,1.2,11121.96,1.21,11254.35,1.2,11118.95
2026-04-16 04:36:00,1.22,11419.83,1.23,11580.92,1.19,11091.9
2026-04-16 04:37:00,1.2,11163.3,1.22,11444.39,1.19,10999.34
2026-04-16 04:38:00,1.22,11405.68,1.23,11559.11,1.19,10975.49
2026-04-16 04:39:00,1.22,11375.76,1.22,11461.78,1.19,10988.02
2026-04-16 04:40:00,1.22,11364.95,1.22,11406.19,1.2,11158.33
2026-04-16 04:41:00,1.2,11148.19,1.22,11434.84,1.2,11145.34
2026-04-16 04:42:00,1.2,11198.16,1.23,11506.24,1.2,11216.01
2026-04-16 04:43:00,1.23,11470.9,1.22,11388.29,1.21,11303.06
2026-04-16 04:44:00,1.2,11206.76,1.23,11583.25,1.19,11069.03
2026-04-16 04:45:00,1.2,11157.9,1.23,11518.98,1.19,11078.55
2026-04-16 04:46:00,1.21,11296.28,1.21,11306.79,1.19,11073.04
2026-04-16 04:47:00,1.21,11304.42,1.22,11440.99,1.21,11240.28
2026-04-16 04:48:00,1.2,11159.17,1.22,11367.25,1.2,11099.98
2026-04-16 04:49:00,1.2,11161.87,1.22,11360.81,1.19,11084.97
2026-04-16 04:50:00,1.21,11321.38,1.22,11456.09,1.2,11213.1
2026-04-16 04:51:00,1.22,11424.32,1.22,11408.48,1.21,11280.44
2026-04-16 04:52:00,1.22,11355.43,1.22,11366.23,1.18,10972.84
2026-04-16 04:53:00,1.21,11260.39,1.24,11595.18,1.19,11055.47
2026-04-16 04:54:00,1.22,11352.48,1.22,11465.17,1.21,11237.63
2026-04-16 04:55:00,1.22,11451.47,1.22,11429.64,1.2,11153.78
2026-04-16 04:56:00,1.22,11429.92,1.23,11587.76,1.2,11196.11
2026-04-16 04:57:00,1.2,11193.23,1.23,11521.68,1.2,11216.88
2026-04-16 04:58:00,1.2,11209.15,1.23,11574.88,1.21,11287.84
2026-04-16 04:59:00,1.22,11401.59,1.23,11555.85,1.2,11179.6
2026-04-16 05:00:00,1.22,11393.12,1.24,11650.7,1.22,11392.14
2026-04-16 05:01:00,1.22,11435.01,1.24,11609.93,1.21,11310.36
2026-04-16 05:02:00,1.2,11135.96,1.22,11363.29,1.2,11157.36
2026-04-16 05:03:00,1.21,11317.82,1.23,11470.41,1.21,11322.56
2026-04-16 05:04:00,1.2,11217.37,1.23,11551.93,1.21,11267.28
2026-04-16 05:05:00,1.22,11403.53,1.23,11472.67,1.21,11320.18
2026-04-16 05:06:00,1.22,11469.19,1.24,11601.3,1.19,11039.39
2026-04-16 05:07:00,1.2,11209.84,1.21,11290.85,1.21,11222.35
2026-04-16 05:08:00,1.23,11490.25,1.23,11535.83,1.2,11152.94
2026-04-16 05:09:00,1.2,11185.49,1.21,11283.44,1.21,11289.99
2026-04-16 05:10:00,1.22,11421.48,1.22,11467.45,1.2,11193.88
2026-04-16 05:11:00,1.22,11461.05,1.21,11327.63,1.2,11210.02
2026-04-16 05:12:00,1.21,11343.17,1.23,11573.81,1.2,11210.24
2026-04-16 05:13:00,1.22,11412.56,1.24,11617.56,1.21,11345.47
2026-04-16 05:14:00,1.2,11204.34,1.21,11341.25,1.2,11113.66
2026-04-16 05:15:00,1.21,11243.95,1.24,11638.03,1.2,11114.68
2026-04-16 05:16:00,1.21,11240.44,1.21,11305.67,1.2,11174.63
2026-04-16 05:17:00,1.22,11378.32,1.22,11449.26,1.2,11208.55
2026-04-16 05:18:00,1.21,11276.02,1.21,11328.29,1.21,11284.75
2026-04-16 05:19:00,1.21,11296.56,1.22,11430.88,1.2,11220.61
2026-04-16 05:20:00,1.23,11513.36,1.21,11326.38,1.2,11217.28
2026-04-16 05:21:00,1.2,11187.61,1.23,11473.28,1.21,11340.43
2026-04-16 05:22:00,1.22,11351.29,1.22,11386.5,1.19,11071.22
2026-04-16 05:23:00,1.2,11200.07,1.23,11506.95,1.19,11081.2
2026-04-16 05:24:00,1.23,11503.42,1.23,11473.92,1.2,11109.09
2026-04-16 05:25:00,1.21,11338.43,1.24,11627.62,1.22,11387.3
2026-04-16 05:26:00,1.2,11194.96,1.24,11663.55,1.2,11182.69
2026-04-16 05:27:00,1.21,11254.42,1.22,11406.55,1.22,11378.42
2026-04-16 05:28:00,1.21,11322.93,1.24,11622.18,1.2,11139.58
2026-04-16 05:29:00,1.2,11185.77,1.22,11426.98,1.21,11297.13
2026-04-16 05:30:00,1.23,11491.75,1.24,11606.73,1.2,11215.33
2026-04-16 05:31:00,1.22,11469.8,1.22,11421.96,1.2,11120.55
2026-04-16 05:32:00,1.22,11406.35,1.22,11424.82,1.2,11200.61
2026-04-16 05:33:00,1.22,11394.83,1.23,11553.27,1.22,11377.04
2026-04-16 05:34:00,1.23,11562.33,1.23,11481.99,1.19,11079.37
2026-04-16 05:35:00,1.21,11251.61,1.22,11439.47,1.21,11313.42
2026-04-16 05:36:00,1.21,11271.55,1.23,11535.14,1.21,11326.2
2026-04-16 05:37:00,1.22,11422.66,1.23,11500.67,1.21,11276.2
2026-04-16 05:38:00,1.23,11566.26,1.22,11401.9,1.23,11474.1
2026-04-16 05:39:00,1.22,11363.62,1.23,11473.83,1.21,11344.69
2026-04-16 05:40:00,1.23,11490.01,1.24,11664.59,1.19,11089.74
2026-04-16 05:41:00,1.23,11472.02,1.23,11473.21,1.21,11261.72
2026-04-16 05:42:00,1.23,11526.17,1.24,11679.8,1.2,11182.46
2026-04-16 05:43:00,1.22,11436.09,1.22,11422.36,1.2,11187.43
2026-04-16 05:44:00,1.22,11376.96,1.24,11654.44,1.2,11133.15
2026-04-16 05:45:00,1.23,11548.72,1.22,11439.09,1.21,11302.05
2026-04-16 05:46:00,1.2,11218.7,1.24,11634.05,1.22,11393.85
2026-04-16 05:47:00,1.21,11276.7,1.22,11350.54,1.2,11143.08
2026-04-16 05:48:00,1.21,11241.53,1.22,11446.53,1.22,11347.37
2026-04-16 05:49:00,1.21,11278.37,1.22,11386.41,1.21,11338.57
2026-04-16 05:50:00,1.23,11541.46,1.22,11456.21,1.2,11172.45
2026-04-16 05:51:00,1.23,11518.83,1.24,11660.94,1.22,11362.84
2026-04-16 05:52:00,1.22,11453.91,1.24,11654.61,1.21,11330.57
2026-04-16 05:53:00,1.23,11516.05,1.24,11594.08,1.21,11331.86
2026-04-16 05:54:00,1.22,11396.85,1.25,11767.14,1.22,11425.38
2026-04-16 05:55:00,1.22,11387.33,1.22,11434.92,1.23,11472.78
2026-04-16 05:56:00,1.23,11583.72,1.24,11609.23,1.2,11130.78
2026-04-16 05:57:00,1.23,11582.45,1.22,11387.0,1.22,11413.82
2026-04-16 05:58:00,1.23,11485.42,1.23,11504.88,1.21,11330.66
2026-04-16 05:59:00,1.23,11565.87,1.24,11709.4,1.21,11259.61
2026-04-16 06:00:00,1.21,11247.29,1.23,11491.05,1.21,11231.73
2026-04-16 06:01:00,1.22,11413.46,1.23,11592.55,1.22,11358.5
2026-04-16 06:02:00,1.23,11550.02,1.22,11415.41,1.2,11126.24
2026-04-16 06:03:00,1.23,11587.11,1.24,11712.64,1.21,11286.66
2026-04-16 06:04:00,1.23,11480.69,1.24,11640.6,1.22,11375.67
2026-04-16 06:05:00,1.23,11563.78,1.24,11688.1,1.21,11328.77
2026-04-16 06:06:00,1.21,11268.83,1.23,11492.85,1.21,11268.89
2026-04-16 06:07:00,1.22,11458.52,1.23,11571.75,1.21,11277.41
2026-04-16 06:08:00,1.21,11257.93,1.22,11435.18,1.22,11461.46
2026-04-16 06:09:00,1.22,11447.08,1.24,11631.83,1.23,11487.89
2026-04-16 06:10:00,1.23,11593.91,1.23,11496.31,1.22,11423.61
2026-04-16 06:11:00,1.21,11270.83,1.23,11555.09,1.2,11171.63
2026-04-16 06:12:00,1.21,11246.92,1.24,11625.75,1.21,11270.87
2026-04-16 06:13:00,1.23,11555.41,1.23,11539.57,1.21,11230.8
2026-04-16 06:14:00,1.24,11594.92,1.23,11516.64,1.22,11365.17
2026-04-16 06:15:00,1.22,11456.59,1.24,11600.2,1.22,11396.0
2026-04-16 06:16:00,1.24,11607.41,1.25,11779.42,1.21,11298.63
2026-04-16 06:17:00,1.24,11604.39,1.22,11464.17,1.22,11370.29
2026-04-16 06:18:00,1.23,11565.08,1.24,11679.82,1.22,11368.81
2026-04-16 06:19:00,1.21,11296.26,1.24,11713.43,1.21,11268.74
2026-04-16 06:20:00,1.22,11430.04,1.23,11531.39,1.21,11320.47
2026-04-16 06:21:00,1.22,11405.83,1.25,11799.08,1.22,11397.5
2026-04-16 06:22:00,1.23,11503.04,1.24,11633.74,1.22,11389.86
2026-04-16 06:23:00,1.23,11532.73,1.23,11591.86,1.21,11285.18
2026-04-16 06:24:00,1.22,11396.88,1.25,11797.21,1.22,11385.89
2026-04-16 06:25:00,1.23,11593.39,1.25,11729.11,1.22,11397.31
2026-04-16 06:26:00,1.24,11609.71,1.24,11671.05,1.21,11266.35
2026-04-16 06:27:00,1.24,11606.34,1.24,11635.49,1.21,11336.31
2026-04-16 06:28:00,1.21,11335.25,1.25,11792.07,1.21,11278.96
2026-04-16 06:29:00,1.23,11481.89,1.23,11558.6,1.2,11191.68
2026-04-16 06:30:00,1.23,11581.24,1.23,11575.31,1.21,11304.48
2026-04-16 06:31:00,1.23,11482.78,1.25,11819.86,1.21,11271.82
2026-04-16 06:32:00,1.24,11628.16,1.23,11523.47,1.21,11338.95
2026-04-16 06:33:00,1.23,11514.26,1.23,11581.29,1.22,11404.66
2026-04-16 06:34:00,1.22,11418.73,1.25,11746.73,1.23,11530.58
2026-04-16 06:35:00,1.23,11577.81,1.24,11600.01,1.22,11439.6
2026-04-16 06:36:00,1.23,11503.6,1.23,11516.02,1.23,11537.07
2026-04-16 06:37:00,1.22,11357.97,1.25,11764.97,1.22,11413.02
2026-04-16 06:38:00,1.23,11576.59,1.25,11742.49,1.21,11331.11
2026-04-16 06:39:00,1.23,11592.65,1.23,11526.88,1.21,11344.56
2026-04-16 06:40:00,1.24,11624.26,1.24,11666.18,1.21,11242.29
2026-04-16 06:41:00,1.23,11538.79,1.24,11673.79,1.23,11472.85
2026-04-16 06:42:00,1.21,11314.97,1.24,11627.08,1.21,11334.34
2026-04-16 06:43:00,1.22,11466.57,1.23,11545.04,1.23,11487.17
2026-04-16 06:44:00,1.23,11519.27,1.24,11663.87,1.21,11273.55
2026-04-16 06:45:00,1.23,11521.57,1.25,11802.75,1.23,11472.06
2026-04-16 06:46:00,1.23,11561.46,1.24,11631.95,1.23,11484.7
2026-04-16 06:47:00,1.24,11600.72,1.24,11597.99,1.2,11195.77
2026-04-16 06:48:00,1.22,11415.63,1.23,11579.67,1.22,11426.3
2026-04-16 06:49:00,1.24,11677.43,1.25,11770.85,1.22,11363.56
2026-04-16 06:50:00,1.22,11398.94,1.25,11790.22,1.22,11441.05
2026-04-16 06:51:00,1.21,11345.85,1.24,11707.23,1.23,11496.61
2026-04-16 06:52:00,1.22,11451.34,1.25,11781.33,1.23,11490.38
2026-04-16 06:53:00,1.22,11446.42,1.23,11520.24,1.21,11330.91
2026-04-16 06:54:00,1.23,11509.13,1.26,11852.73,1.21,11276.39
2026-04-16 06:55:00,1.23,11571.04,1.25,11749.87,1.22,11403.38
2026-04-16 06:56:00,1.23,11491.02,1.25,11759.36,1.22,11378.36
2026-04-16 06:57:00,1.22,11452.6,1.25,11820.33,1.23,11521.53
2026-04-16 06:58:00,1.22,11432.7,1.25,11755.63,1.23,11475.68
2026-04-16 06:59:00,1.23,11478.69,1.23,11556.97,1.23,11473.44
2026-04-16 07:00:00,1.23,11544.47,1.24,11643.11,1.23,11555.84
2026-04-16 07:01:00,1.24,11673.16,1.23,11555.84,1.23,11544.02
2026-04-16 07:02:00,1.25,11720.38,1.24,11612.54,1.23,11549.73
2026-04-16 07:03:00,1.23,11554.04,1.26,11877.88,1.23,11564.07
2026-04-16 07:04:00,1.23,11471.04,1.25,11795.95,1.23,11512.98
2026-04-16 07:05:00,1.23,11563.09,1.25,11832.35,1.21,11292.31
2026-04-16 07:06:00,1.25,11726.25,1.25,11775.53,1.23,11528.62
2026-04-16 07:07:00,1.22,11431.81,1.24,11622.05,1.22,11419.52
2026-04-16 07:08:00,1.24,11674.87,1.24,11652.95,1.23,11490.78
2026-04-16 07:09:00,1.24,11666.94,1.25,11815.83,1.22,11421.66
2026-04-16 07:10:00,1.23,11538.73,1.25,11828.5,1.22,11422.65
2026-04-16 07:11:00,1.25,11739.51,1.25,11840.25,1.22,11469.11
2026-04-16 07:12:00,1.23,11483.33,1.24,11688.23,1.23,11554.59
2026-04-16 07:13:00,1.23,11546.71,1.24,11704.44,1.23,11522.04
2026-04-16 07:14:00,1.24,11633.63,1.24,11684.14,1.22,11373.23
2026-04-16 07:15:00,1.24,11713.99,1.26,11850.6,1.22,11416.66
2026-04-16 07:16:00,1.23,11503.88,1.25,11823.47,1.23,11589.99
2026-04-16 07:17:00,1.24,11667.72,1.24,11682.0,1.22,11406.4
2026-04-16 07:18:00,1.22,11389.12,1.26,11844.47,1.22,11445.99
2026-04-16 07:19:00,1.24,11671.59,1.26,11934.5,1.23,11480.78
2026-04-16 07:20:00,1.23,11487.11,1.24,11641.82,1.21,11269.04
2026-04-16 07:21:00,1.24,11601.04,1.26,11859.22,1.22,11404.42
2026-04-16 07:22:00,1.22,11435.03,1.25,11746.24,1.23,11553.51
2026-04-16 07:23:00,1.24,11650.83,1.26,11850.16,1.22,11458.53
2026-04-16 07:24:00,1.22,11428.55,1.24,11608.1,1.23,11515.21
2026-04-16 07:25:00,1.23,11492.75,1.24,11628.0,1.22,11359.68
2026-04-16 07:26:00,1.25,11724.44,1.24,11705.71,1.22,11364.73
2026-04-16 07:27:00,1.23,11505.59,1.26,11862.73,1.23,11508.5
2026-04-16 07:28:00,1.24,11615.68,1.24,11711.23,1.23,11480.22
2026-04-16 07:29:00,1.24,11634.94,1.26,11851.24,1.23,11556.39
2026-04-16 07:30:00,1.23,11506.03,1.25,11799.0,1.23,11577.98
2026-04-16 07:31:00,1.24,11660.09,1.26,11902.75,1.24,11603.64
2026-04-16 07:32:00,1.23,11477.16,1.24,11667.69,1.22,11424.34
2026-04-16 07:33:00,1.24,11695.27,1.26,11897.5,1.22,11412.73
2026-04-16 07:34:00,1.23,11550.27,1.25,11789.68,1.24,11611.66
2026-04-16 07:35:00,1.22,11461.87,1.24,11654.63,1.24,11608.62
2026-04-16 07:36:00,1.23,11472.29,1.24,11698.72,1.21,11337.36
2026-04-16 07:37:00,1.25,11745.49,1.26,11902.41,1.23,11507.97
2026-04-16 07:38:00,1.25,11746.78,1.24,11682.1,1.22,11422.84
2026-04-16 07:39:00,1.23,11558.91,1.26,11884.18,1.23,11476.36
2026-04-16 07:40:00,1.23,11473.91,1.25,11757.96,1.22,11441.28
2026-04-16 07:41:00,1.22,11469.68,1.24,11656.95,1.24,11674.7
2026-04-16 07:42:00,1.24,11607.5,1.26,11926.63,1.23,11549.17
2026-04-16 07:43:00,1.24,11703.42,1.25,11835.83,1.23,11533.89
2026-04-16 07:44:00,1.25,11767.32,1.26,11850.89,1.24,11655.57
2026-04-16 07:45:00,1.25,11772.63,1.26,11896.22,1.22,11414.27
2026-04-16 07:46:00,1.23,11562.0,1.25,11718.32,1.22,11448.35
2026-04-16 07:47:00,1.23,11536.28,1.24,11648.11,1.23,11548.94
2026-04-16 07:48:00,1.25,11738.32,1.24,11700.56,1.24,11631.61
2026-04-16 07:49:00,1.23,11539.5,1.26,11940.89,1.24,11612.16
2026-04-16 07:50:00,1.24,11605.26,1.24,11707.52,1.22,11417.66
2026-04-16 07:51:00,1.25,11819.49,1.25,11771.66,1.24,11626.81
2026-04-16 07:52:00,1.24,11595.99,1.24,11687.86,1.23,11545.25
2026-04-16 07:53:00,1.23,11514.56,1.25,11763.56,1.22,11441.19
2026-04-16 07:54:00,1.25,11786.65,1.25,11782.65,1.23,11541.4
2026-04-16 07:55:00,1.25,11752.1,1.24,11659.88,1.23,11542.99
2026-04-16 07:56:00,1.23,11539.2,1.26,11945.69,1.24,11660.81
2026-04-16 07:57:00,1.22,11447.53,1.24,11658.34,1.22,11449.02
2026-04-16 07:58:00,1.25,11792.38,1.25,11721.14,1.24,11709.96
2026-04-16 07:59:00,1.26,11858.1,1.24,11674.82,1.22,11468.14
2026-04-16 08:00:00,1.23,11475.96,1.26,11942.54,1.22,11410.42
2026-04-16 08:01:00,1.22,11462.37,1.25,11721.87,1.24,11696.16
2026-04-16 08:02:00,1.25,11761.62,1.26,11949.53,1.24,11656.24
2026-04-16 08:03:00,1.24,11598.29,1.26,11939.32,1.22,11447.82
2026-04-16 08:04:00,1.24,11681.21,1.26,11865.16,1.22,11422.47
2026-04-16 08:05:00,1.25,11742.12,1.25,11741.39,1.23,11485.86
2026-04-16 08:06:00,1.24,11603.3,1.25,11826.19,1.24,11647.59
2026-04-16 08:07:00,1.24,11693.31,1.27,11976.79,1.24,11606.89
2026-04-16 08:08:00,1.25,11771.03,1.26,11956.76,1.23,11565.79
2026-04-16 08:09:00,1.25,11734.83,1.26,11956.23,1.23,11474.57
2026-04-16 08:10:00,1.23,11578.44,1.25,11755.52,1.23,11488.86
2026-04-16 08:11:00,1.24,11656.99,1.27,11982.57,1.24,11631.35
2026-04-16 08:12:00,1.24,11683.29,1.24,11660.51,1.23,11491.48
2026-04-16 08:13:00,1.24,11595.25,1.25,11737.03,1.25,11761.81
2026-04-16 08:14:00,1.24,11596.69,1.26,11904.59,1.24,11694.37
2026-04-16 08:15:00,1.24,11597.32,1.26,11956.63,1.23,11545.15
2026-04-16 08:16:00,1.25,11744.23,1.25,11839.17,1.24,11665.37
2026-04-16 08:17:00,1.24,11656.28,1.25,11737.57,1.24,11607.61
2026-04-16 08:18:00,1.25,11805.13,1.25,11782.13,1.23,11524.42
2026-04-16 08:19:00,1.23,11585.66,1.24,11687.35,1.24,11704.38
2026-04-16 08:20:00,1.25,11727.24,1.25,11806.1,1.24,11621.62
2026-04-16 08:21:00,1.24,11687.99,1.26,11951.38,1.22,11451.18
2026-04-16 08:22:00,1.25,11758.55,1.26,11948.1,1.25,11769.22
2026-04-16 08:23:00,1.25,11767.42,1.27,12009.15,1.24,11606.08
2026-04-16 08:24:00,1.24,11703.25,1.26,11951.05,1.22,11466.16
2026-04-16 08:25:00,1.24,11608.95,1.26,11872.07,1.23,11558.27
2026-04-16 08:26:00,1.23,11546.26,1.26,11961.51,1.25,11735.47
2026-04-16 08:27:00,1.25,11838.06,1.26,11899.56,1.24,11684.8
2026-04-16 08:28:00,1.25,11841.91,1.27,12022.28,1.24,11609.41
2026-04-16 08:29:00,1.24,11624.33,1.24,11702.95,1.23,11530.85
2026-04-16 08:30:00,1.25,11722.4,1.25,11778.09,1.25,11740.87
2026-04-16 08:31:00,1.25,11769.27,1.26,11875.21,1.22,11457.45
2026-04-16 08:32:00,1.24,11702.65,1.26,11876.94,1.25,11756.23
2026-04-16 08:33:00,1.25,11724.31,1.27,12050.77,1.24,11598.95
2026-04-16 08:34:00,1.26,11863.55,1.26,11894.94,1.25,11798.38
2026-04-16 08:35:00,1.24,11623.58,1.25,11817.32,1.24,11677.33
2026-04-16 08:36:00,1.25,11790.4,1.26,11883.24,1.23,11561.45
2026-04-16 08:37:00,1.24,11680.21,1.27,11992.08,1.25,11784.24
2026-04-16 08:38:00,1.24,11662.28,1.25,11770.75,1.24,11624.85
2026-04-16 08:39:00,1.24,11606.63,1.26,11936.82,1.23,11513.0
2026-04-16 08:40:00,1.24,11652.17,1.25,11745.02,1.23,11571.7
2026-04-16 08:41:00,1.25,11768.28,1.24,11675.95,1.25,11833.08
2026-04-16 08:42:00,1.24,11622.6,1.25,11724.46,1.24,11637.19
2026-04-16 08:43:00,1.26,11872.29,1.25,11790.27,1.25,11749.94
2026-04-16 08:44:00,1.24,11656.89,1.27,12011.56,1.24,11631.73
2026-04-16 08:45:00,1.24,11617.58,1.25,11791.83,1.25,11726.85
2026-04-16 08:46:00,1.25,11789.27,1.27,12008.63,1.23,11557.53
2026-04-16 08:47:00,1.26,11925.41,1.25,11791.39,1.23,11580.69
2026-04-16 08:48:00,1.24,11615.63,1.26,11897.57,1.24,11608.95
2026-04-16 08:49:00,1.24,11624.34,1.26,11942.24,1.24,11649.36
2026-04-16 08:50:00,1.25,11779.22,1.25,11783.96,1.23,11518.76
2026-04-16 08:51:00,1.24,11706.55,1.25,11732.58,1.23,11579.49
2026-04-16 08:52:00,1.24,11692.7,1.26,11917.77,1.26,11857.12
2026-04-16 08:53:00,1.25,11781.05,1.25,11790.15,1.23,11578.8
2026-04-16 08:54:00,1.24,11670.15,1.26,11881.8,1.23,11505.46
2026-04-16 08:55:00,1.24,11660.72,1.27,12055.55,1.24,11644.65
2026-04-16 08:56:00,1.24,11698.07,1.27,12071.97,1.25,11815.54
2026-04-16 08:57:00,1.24,11705.91,1.27,12015.51,1.24,11634.33
2026-04-16 08:58:00,1.25,11815.21,1.26,11960.41,1.24,11594.89
2026-04-16 08:59:00,1.26,11903.11,1.26,11875.79,1.24,11644.98
2026-04-16 09:00:00,1.25,11823.25,1.25,11807.85,1.23,11569.98
2026-04-16 09:01:00,1.25,11770.76,1.27,12052.25,1.23,11572.83
2026-04-16 09:02:00,1.24,11697.83,1.26,11904.02,1.25,11740.32
2026-04-16 09:03:00,1.24,11713.86,1.28,12106.99,1.23,11588.51
2026-04-16 09:04:00,1.25,11744.08,1.26,11953.56,1.25,11762.07
2026-04-16 09:05:00,1.26,11904.84,1.26,11911.23,1.25,11726.89
2026-04-16 09:06:00,1.24,11708.41,1.28,12104.53,1.23,11541.53
2026-04-16 09:07:00,1.26,11893.27,1.26,11905.39,1.24,11670.77
2026-04-16 09:08:00,1.24,11640.66,1.27,12070.12,1.25,11752.58
2026-04-16 09:09:00,1.25,11792.69,1.27,12039.02,1.25,11790.05
2026-04-16 09:10:00,1.24,11704.46,1.26,11961.83,1.23,11561.52
2026-04-16 09:11:00,1.24,11685.59,1.26,11866.08,1.24,11661.53
2026-04-16 09:12:00,1.25,11786.91,1.27,11970.9,1.24,11675.77
2026-04-16 09:13:00,1.26,11910.53,1.27,12084.83,1.23,11571.14
2026-04-16 09:14:00,1.27,11980.99,1.27,12041.84,1.25,11760.34
2026-04-16 09:15:00,1.25,11812.85,1.26,11912.12,1.25,11803.93
2026-04-16 09:16:00,1.26,11881.08,1.26,11927.11,1.24,11647.64
2026-04-16 09:17:00,1.26,11949.77,1.27,12075.44,1.24,11698.54
2026-04-16 09:18:00,1.25,11809.72,1.26,11954.02,1.23,11591.0
2026-04-16 09:19:00,1.26,11863.88,1.26,11875.88,1.25,11727.19
2026-04-16 09:20:00,1.26,11883.61,1.28,12096.72,1.24,11711.0
2026-04-16 09:21:00,1.26,11859.21,1.26,11906.44,1.23,11509.87
2026-04-16 09:22:00,1.26,11930.12,1.28,12184.72,1.23,11507.74
2026-04-16 09:23:00,1.26,11949.0,1.27,12077.75,1.25,11768.93
2026-04-16 09:24:00,1.26,11860.28,1.25,11822.65,1.24,11611.6
2026-04-16 09:25:00,1.27,12027.27,1.27,12056.31,1.24,11594.76
2026-04-16 09:26:00,1.27,11990.2,1.27,12083.65,1.24,11623.94
2026-04-16 09:27:00,1.25,11718.04,1.27,12076.45,1.25,11801.13
2026-04-16 09:28:00,1.27,11967.45,1.28,12134.18,1.24,11700.41
2026-04-16 09:29:00,1.25,11830.88,1.26,11942.06,1.25,11753.6
2026-04-16 09:30:00,1.24,11664.75,1.26,11891.28,1.25,11831.18
2026-04-16 09:31:00,1.24,11645.7,1.27,12001.7,1.26,11875.72
2026-04-16 09:32:00,1.27,12019.7,1.26,11947.54,1.26,11858.26
2026-04-16 09:33:00,1.27,11970.74,1.27,12074.29,1.25,11771.05
2026-04-16 09:34:00,1.26,11878.66,1.25,11838.17,1.26,11869.66
2026-04-16 09:35:00,1.24,11717.24,1.28,12145.5,1.26,11888.69
2026-04-16 09:36:00,1.27,11966.87,1.27,12036.24,1.26,11874.78
2026-04-16 09:37:00,1.26,11955.15,1.27,12023.57,1.24,11607.14
2026-04-16 09:38:00,1.26,11919.93,1.26,11860.09,1.24,11632.68
2026-04-16 09:39:00,1.25,11737.9,1.26,11907.22,1.25,11758.37
2026-04-16 09:40:00,1.27,12052.56,1.25,11824.06,1.23,11588.03
2026-04-16 09:41:00,1.27,12030.45,1.28,12098.27,1.26,11898.26
2026-04-16 09:42:00,1.26,11851.46,1.27,12028.47,1.24,11625.13
2026-04-16 09:43:00,1.26,11882.84,1.27,12058.24,1.24,11716.56
2026-04-16 09:44:00,1.25,11725.34,1.27,12004.1,1.24,11625.94
2026-04-16 09:45:00,1.27,12050.96,1.26,11903.34,1.24,11668.06
2026-04-16 09:46:00,1.24,11673.6,1.26,11864.74,1.25,11754.75
2026-04-16 09:47:00,1.27,12036.52,1.27,12017.44,1.26,11871.54
2026-04-16 09:48:00,1.25,11810.5,1.27,12002.9,1.25,11794.05
2026-04-16 09:49:00,1.26,11922.51,1.27,11977.57,1.24,11672.74
2026-04-16 09:50:00,1.25,11827.73,1.27,12071.32,1.25,11807.57
2026-04-16 09:51:00,1.25,11805.51,1.26,11931.09,1.26,11923.64
2026-04-16 09:52:00,1.25,11767.13,1.28,12193.38,1.25,11766.63
2026-04-16 09:53:00,1.26,11938.33,1.27,12022.07,1.24,11636.04
2026-04-16 09:54:00,1.25,11806.4,1.26,11936.36,1.25,11793.68
2026-04-16 09:55:00,1.26,11862.51,1.27,12017.45,1.24,11629.09
2026-04-16 09:56:00,1.26,11861.62,1.29,12224.02,1.27,11980.18
2026-04-16 09:57:00,1.27,11992.38,1.28,12185.77,1.24,11638.88
2026-04-16 09:58:00,1.27,11973.01,1.27,12051.62,1.25,11722.64
2026-04-16 09:59:00,1.26,11920.56,1.28,12192.07,1.24,11609.57
2026-04-16 10:00:00,1.26,11918.93,1.29,12215.18,1.25,11777.47
2026-04-16 10:01:00,1.26,11942.16,1.28,12091.93,1.26,11963.88
2026-04-16 10:02:00,1.25,11732.96,1.27,11980.77,1.24,11714.95
2026-04-16 10:03:00,1.26,11890.42,1.26,11875.13,1.24,11634.55
2026-04-16 10:04:00,1.27,12074.83,1.27,11984.66,1.25,11797.31
2026-04-16 10:05:00,1.28,12105.17,1.27,12086.66,1.26,11951.39
2026-04-16 10:06:00,1.27,12082.45,1.27,11988.39,1.26,11915.89
2026-04-16 10:07:00,1.26,11883.92,1.28,12139.43,1.25,11729.22
2026-04-16 10:08:00,1.26,11876.7,1.27,11981.18,1.24,11685.3
2026-04-16 10:09:00,1.27,12071.73,1.28,12145.19,1.24,11698.85
2026-04-16 10:10:00,1.25,11839.62,1.27,11972.87,1.25,11722.61
2026-04-16 10:11:00,1.27,12047.13,1.26,11960.94,1.26,11919.47
2026-04-16 10:12:00,1.25,11813.49,1.28,12124.42,1.26,11935.89
2026-04-16 10:13:00,1.27,12023.2,1.29,12237.63,1.25,11804.63
2026-04-16 10:14:00,1.25,11765.9,1.28,12194.64,1.24,11702.5
2026-04-16 10:15:00,1.26,11912.97,1.28,12121.3,1.26,11898.61
2026-04-16 10:16:00,1.26,11860.47,1.29,12233.77,1.25,11727.75
2026-04-16 10:17:00,1.26,11924.01,1.28,12097.69,1.24,11689.27
2026-04-16 10:18:00,1.26,11851.16,1.27,12077.12,1.26,11888.65
2026-04-16 10:19:00,1.26,11962.02,1.29,12229.33,1.27,11976.23
2026-04-16 10:20:00,1.28,12142.57,1.29,12294.78,1.24,11707.51
2026-04-16 10:21:00,1.26,11902.85,1.28,12192.21,1.26,11857.01
2026-04-16 10:22:00,1.28,12098.89,1.27,12024.86,1.26,11844.5
2026-04-16 10:23:00,1.27,12086.72,1.29,12237.55,1.26,11907.51
2026-04-16 10:24:00,1.27,12028.01,1.27,12054.4,1.25,11790.76
2026-04-16 10:25:00,1.25,11805.8,1.26,11918.17,1.26,11872.52
2026-04-16 10:26:00,1.26,11873.05,1.28,12104.16,1.26,11843.84
2026-04-16 10:27:00,1.28,12118.89,1.27,11966.94,1.26,11881.11
2026-04-16 10:28:00,1.28,12091.79,1.27,12061.65,1.27,11968.97
2026-04-16 10:29:00,1.25,11777.78,1.27,12077.19,1.24,11658.43
2026-04-16 10:30:00,1.25,11829.81,1.29,12271.77,1.25,11830.61
2026-04-16 10:31:00,1.25,11763.51,1.27,12085.28,1.27,12000.51
2026-04-16 10:32:00,1.25,11807.09,1.29,12337.0,1.27,12003.83
2026-04-16 10:33:00,1.26,11941.36,1.29,12231.53,1.26,11964.66
2026-04-16 10:34:00,1.28,12162.11,1.29,12297.82,1.25,11725.5
2026-04-16 10:35:00,1.28,12106.06,1.28,12122.42,1.25,11759.66
2026-04-16 10:36:00,1.28,12098.93,1.29,12245.83,1.25,11754.02
2026-04-16 10:37:00,1.26,11946.75,1.29,12241.84,1.25,11827.61
2026-04-16 10:38:00,1.26,11915.55,1.28,12190.03,1.25,11787.06
2026-04-16 10:39:00,1.27,12088.06,1.28,12126.08,1.24,11652.95
2026-04-16 10:40:00,1.26,11925.24,1.26,11937.46,1.26,11965.25
2026-04-16 10:41:00,1.26,11857.11,1.29,12241.21,1.27,11972.99
2026-04-16 10:42:00,1.26,11902.4,1.26,11935.32,1.26,11852.8
2026-04-16 10:43:00,1.28,12109.63,1.27,11973.49,1.27,12021.98
2026-04-16 10:44:00,1.27,12000.3,1.28,12207.75,1.24,11695.57
2026-04-16 10:45:00,1.27,11973.37,1.27,12089.5,1.26,11863.01
2026-04-16 10:46:00,1.27,11972.42,1.28,12192.56,1.25,11743.75
2026-04-16 10:47:00,1.27,12040.32,1.26,11954.61,1.27,12030.6
2026-04-16 10:48:00,1.28,12125.91,1.28,12107.58,1.27,11968.53
2026-04-16 10:49:00,1.26,11858.87,1.28,12188.2,1.27,12058.35
2026-04-16 10:50:00,1.26,11856.24,1.27,12034.03,1.25,11772.26
2026-04-16 10:51:00,1.28,12134.56,1.3,12366.82,1.24,11705.36
2026-04-16 10:52:00,1.28,12100.36,1.27,12077.37,1.25,11806.36
2026-04-16 10:53:00,1.26,11906.04,1.27,12026.52,1.25,11739.62
2026-04-16 10:54:00,1.27,12035.7,1.27,12082.29,1.27,12005.83
2026-04-16 10:55:00,1.26,11867.52,1.28,12197.24,1.24,11715.33
2026-04-16 10:56:00,1.26,11954.63,1.28,12113.76,1.27,12014.79
2026-04-16 10:57:00,1.27,12068.1,1.29,12308.8,1.27,11996.57
2026-04-16 10:58:00,1.27,12088.77,1.29,12291.5,1.26,11948.16
2026-04-16 10:59:00,1.27,12041.16,1.29,12308.68,1.27,12042.38
2026-04-16 11:00:00,1.26,11964.84,1.29,12255.21,1.27,12040.74
2026-04-16 11:01:00,1.28,12160.98,1.28,12157.14,1.25,11797.36
2026-04-16 11:02:00,1.27,12027.93,1.28,12130.14,1.26,11857.59
2026-04-16 11:03:00,1.27,11999.5,1.28,12094.55,1.26,11865.53
2026-04-16 11:04:00,1.25,11808.29,1.29,12304.44,1.25,11777.35
2026-04-16 11:05:00,1.26,11899.64,1.28,12161.85,1.27,12050.5
2026-04-16 11:06:00,1.28,12117.5,1.27,12048.06,1.26,11929.34
2026-04-16 11:07:00,1.26,11916.41,1.28,12147.27,1.27,12008.9
2026-04-16 11:08:00,1.27,11989.44,1.28,12198.04,1.25,11795.5
2026-04-16 11:09:00,1.26,11917.32,1.27,12048.17,1.26,11859.67
2026-04-16 11:10:00,1.28,12196.85,1.29,12307.67,1.25,11832.18
2026-04-16 11:11:00,1.28,12205.87,1.28,12192.06,1.26,11885.2
2026-04-16 11:12:00,1.28,12192.57,1.28,12101.59,1.26,11894.58
2026-04-16 11:13:00,1.26,11880.45,1.29,12288.63,1.26,11859.79
2026-04-16 11:14:00,1.27,11985.46,1.3,12353.77,1.26,11885.33
2026-04-16 11:15:00,1.28,12195.56,1.29,12236.13,1.26,11930.27
2026-04-16 11:16:00,1.27,11978.94,1.27,12073.44,1.26,11933.43
2026-04-16 11:17:00,1.28,12161.2,1.28,12173.72,1.26,11900.56
2026-04-16 11:18:00,1.26,11926.19,1.29,12315.1,1.26,11860.47
2026-04-16 11:19:00,1.26,11903.33,1.27,12025.33,1.25,11783.72
2026-04-16 11:20:00,1.27,12059.75,1.29,12221.49,1.26,11901.41
2026-04-16 11:21:00,1.27,12021.97,1.28,12149.27,1.25,11787.66
2026-04-16 11:22:00,1.26,11887.74,1.28,12147.65,1.26,11883.91
2026-04-16 11:23:00,1.29,12261.9,1.28,12129.39,1.27,12080.19
2026-04-16 11:24:00,1.29,12244.31,1.27,12079.92,1.26,11859.24
2026-04-16 11:25:00,1.26,11935.16,1.29,12239.62,1.26,11962.81
2026-04-16 11:26:00,1.29,12267.95,1.28,12161.48,1.26,11932.56
2026-04-16 11:27:00,1.27,12065.91,1.28,12172.5,1.26,11889.31
2026-04-16 11:28:00,1.27,12069.15,1.27,12066.72,1.25,11765.78
2026-04-16 11:29:00,1.27,12012.36,1.29,12220.36,1.27,12048.04
2026-04-16 11:30:00,1.26,11940.85,1.29,12291.54,1.26,11852.66
2026-04-16 11:31:00,1.27,12034.61,1.28,12152.73,1.27,12043.54
2026-04-16 11:32:00,1.28,12107.9,1.28,12108.8,1.27,12075.26
2026-04-16 11:33:00,1.26,11958.87,1.3,12375.87,1.28,12094.88
2026-04-16 11:34:00,1.29,12288.13,1.29,12237.96,1.27,11973.2
2026-04-16 11:35:00,1.27,11968.76,1.28,12189.46,1.26,11872.61
2026-04-16 11:36:00,1.29,12243.32,1.27,12052.14,1.26,11868.23
2026-04-16 11:37:00,1.27,12055.73,1.28,12098.76,1.26,11908.89
2026-04-16 11:38:00,1.27,12084.02,1.28,12122.8,1.27,12046.69
2026-04-16 11:39:00,1.28,12148.89,1.27,12087.62,1.26,11902.28
2026-04-16 11:40:00,1.27,11986.02,1.29,12285.29,1.27,11984.34
2026-04-16 11:41:00,1.27,12077.52,1.29,12336.72,1.26,11923.44
2026-04-16 11:42:00,1.26,11920.65,1.3,12407.78,1.28,12132.36
2026-04-16 11:43:00,1.27,12010.63,1.29,12246.42,1.28,12130.44
2026-04-16 11:44:00,1.28,12104.8,1.28,12201.01,1.27,11982.41
2026-04-16 11:45:00,1.28,12138.67,1.29,12268.16,1.27,12028.29
2026-04-16 11:46:00,1.28,12175.0,1.29,12241.42,1.26,11904.37
2026-04-16 11:47:00,1.28,12125.16,1.29,12248.32,1.27,12001.97
2026-04-16 11:48:00,1.29,12250.48,1.3,12355.51,1.26,11877.74
2026-04-16 11:49:00,1.27,12054.61,1.3,12403.6,1.28,12094.35
2026-04-16 11:50:00,1.27,12088.44,1.29,12267.79,1.28,12118.66
2026-04-16 11:51:00,1.27,12035.15,1.28,12171.2,1.28,12130.6
2026-04-16 11:52:00,1.28,12109.17,1.3,12380.93,1.28,12146.76
2026-04-16 11:53:00,1.27,12053.48,1.29,12282.41,1.27,12057.34
2026-04-16 11:54:00,1.27,12026.85,1.28,12185.19,1.28,12125.78
2026-04-16 11:55:00,1.29,12256.84,1.3,12393.39,1.27,12005.62
2026-04-16 11:56:00,1.28,12191.05,1.29,12266.61,1.27,12039.32
2026-04-16 11:57:00,1.28,12105.28,1.3,12352.35,1.26,11943.4
2026-04-16 11:58:00,1.29,12232.28,1.28,12147.12,1.26,11927.43
2026-04-16 11:59:00,1.29,12243.79,1.28,12165.13,1.28,12094.81
2026-04-16 12:00:00,1.28,12169.78,1.3,12392.65,1.26,11939.78
2026-04-16 12:01:00,1.29,12274.89,1.28,12135.98,1.26,11904.91
2026-04-16 12:02:00,1.29,12283.1,1.3,12398.73,1.26,11924.83
2026-04-16 12:03:00,1.28,12201.24,1.3,12440.38,1.28,12189.19
2026-04-16 12:04:00,1.27,12016.79,1.29,12286.41,1.27,12062.09
2026-04-16 12:05:00,1.29,12255.0,1.3,12416.17,1.27,12028.69
2026-04-16 12:06:00,1.28,12164.42,1.3,12409.64,1.26,11947.35
2026-04-16 12:07:00,1.27,12011.77,1.3,12456.27,1.28,12124.51
2026-04-16 12:08:00,1.28,12091.5,1.3,12407.22,1.27,12088.46
2026-04-16 12:09:00,1.27,12029.2,1.3,12378.09,1.28,12120.07
2026-04-16 12:10:00,1.29,12216.52,1.29,12216.62,1.26,11899.23
2026-04-16 12:11:00,1.29,12250.2,1.28,12175.99,1.26,11940.64
2026-04-16 12:12:00,1.27,12043.41,1.29,12274.05,1.26,11873.29
2026-04-16 12:13:00,1.28,12143.56,1.3,12422.56,1.27,11992.15
2026-04-16 12:14:00,1.28,12212.61,1.31,12467.67,1.28,12127.01
2026-04-16 12:15:00,1.28,12129.81,1.31,12469.95,1.27,11977.79
2026-04-16 12:16:00,1.27,12013.04,1.29,12292.81,1.27,12026.5
2026-04-16 12:17:00,1.27,12060.35,1.29,12264.9,1.27,11985.46
2026-04-16 12:18:00,1.28,12090.87,1.3,12437.86,1.28,12164.62
2026-04-16 12:19:00,1.28,12149.61,1.29,12233.13,1.26,11955.13
2026-04-16 12:20:00,1.3,12382.54,1.28,12180.96,1.29,12215.93
2026-04-16 12:21:00,1.3,12341.35,1.3,12362.39,1.27,11985.42
2026-04-16 12:22:00,1.29,12261.74,1.29,12291.76,1.27,12061.79
2026-04-16 12:23:00,1.28,12098.35,1.29,12231.01,1.28,12111.88
2026-04-16 12:24:00,1.27,12029.17,1.31,12502.66,1.27,11982.76
2026-04-16 12:25:00,1.27,12040.59,1.3,12425.47,1.27,12061.68
2026-04-16 12:26:00,1.3,12352.21,1.3,12370.79,1.28,12181.08
2026-04-16 12:27:00,1.27,12045.85,1.29,12227.41,1.26,11944.09
2026-04-16 12:28:00,1.27,12085.51,1.29,12263.91,1.27,12052.77
2026-04-16 12:29:00,1.28,12127.39,1.31,12536.46,1.28,12093.24
2026-04-16 12:30:00,1.27,12075.58,1.28,12157.32,1.29,12227.09
2026-04-16 12:31:00,1.27,12053.18,1.29,12295.65,1.28,12103.36
2026-04-16 12:32:00,1.29,12291.96,1.28,12160.32,1.27,11978.39
2026-04-16 12:33:00,1.29,12270.96,1.29,12273.69,1.28,12163.5
2026-04-16 12:34:00,1.27,12077.98,1.28,12149.27,1.28,12194.91
2026-04-16 12:35:00,1.28,12204.55,1.3,12358.09,1.29,12218.52
2026-04-16 12:36:00,1.28,12145.12,1.29,12312.89,1.29,12244.52
2026-04-16 12:37:00,1.27,12041.22,1.3,12396.37,1.28,12200.88
2026-04-16 12:38:00,1.29,12307.01,1.31,12471.25,1.27,12023.73
2026-04-16 12:39:00,1.28,12109.52,1.29,12312.91,1.28,12097.84
2026-04-16 12:40:00,1.28,12175.53,1.31,12477.78,1.27,11972.42
2026-04-16 12:41:00,1.29,12259.44,1.29,12300.96,1.28,12103.21
2026-04-16 12:42:00,1.28,12151.36,1.3,12425.01,1.28,12175.54
2026-04-16 12:43:00,1.29,12228.77,1.3,12428.08,1.28,12200.63
2026-04-16 12:44:00,1.28,12209.44,1.29,12236.64,1.27,12043.5
2026-04-16 12:45:00,1.28,12175.15,1.3,12368.85,1.27,12048.05
2026-04-16 12:46:00,1.28,12121.67,1.29,12277.06,1.28,12095.88
2026-04-16 12:47:00,1.29,12312.83,1.31,12501.11,1.28,12188.16
2026-04-16 12:48:00,1.28,12098.52,1.31,12478.19,1.29,12272.69
2026-04-16 12:49:00,1.29,12331.15,1.3,12387.42,1.28,12169.6
2026-04-16 12:50:00,1.3,12427.61,1.3,12424.24,1.29,12219.53
2026-04-16 12:51:00,1.28,12145.52,1.3,12451.71,1.29,12265.74
2026-04-16 12:52:00,1.29,12245.23,1.3,12348.91,1.28,12116.02
2026-04-16 12:53:00,1.27,12087.07,1.29,12241.31,1.28,12128.88
2026-04-16 12:54:00,1.3,12358.59,1.29,12308.6,1.27,12000.42
2026-04-16 12:55:00,1.29,12246.95,1.3,12447.01,1.29,12317.29
2026-04-16 12:56:00,1.28,12181.33,1.3,12456.5,1.27,12060.75
2026-04-16 12:57:00,1.3,12371.05,1.3,12438.01,1.27,12023.43
2026-04-16 12:58:00,1.29,12240.17,1.3,12461.36,1.28,12134.55
2026-04-16 12:59:00,1.3,12342.96,1.3,12376.85,1.29,12266.68
2026-04-16 13:00:00,1.29,12298.75,1.3,12395.8,1.29,12264.75
2026-04-16 13:01:00,1.28,12118.52,1.29,12274.48,1.27,12020.22
2026-04-16 13:02:00,1.29,12234.74,1.29,12292.71,1.29,12236.91
2026-04-16 13:03:00,1.3,12412.18,1.3,12452.85,1.27,12003.42
2026-04-16 13:04:00,1.28,12100.71,1.3,12415.99,1.29,12309.72
2026-04-16 13:05:00,1.3,12455.41,1.29,12291.66,1.28,12161.76
2026-04-16 13:06:00,1.29,12276.07,1.31,12556.46,1.29,12249.02
2026-04-16 13:07:00,1.28,12111.02,1.31,12492.72,1.29,12246.93
2026-04-16 13:08:00,1.3,12412.26,1.31,12483.38,1.29,12217.86
2026-04-16 13:09:00,1.3,12369.06,1.31,12485.96,1.27,11979.99
2026-04-16 13:10:00,1.29,12255.57,1.32,12588.4,1.27,12089.79
2026-04-16 13:11:00,1.28,12159.94,1.29,12250.21,1.27,12078.41
2026-04-16 13:12:00,1.28,12174.84,1.3,12447.22,1.27,12037.1
2026-04-16 13:13:00,1.29,12291.44,1.3,12407.32,1.27,12012.3
2026-04-16 13:14:00,1.3,12423.74,1.3,12374.57,1.29,12282.07
2026-04-16 13:15:00,1.31,12496.24,1.31,12474.54,1.28,12152.07
2026-04-16 13:16:00,1.31,12476.31,1.3,12407.58,1.3,12383.96
2026-04-16 13:17:00,1.29,12302.49,1.32,12646.04,1.27,11988.59
2026-04-16 13:18:00,1.28,12144.33,1.3,12341.95,1.29,12273.17
2026-04-16 13:19:00,1.29,12290.16,1.3,12419.76,1.28,12095.98
2026-04-16 13:20:00,1.3,12379.88,1.3,12352.49,1.3,12377.26
2026-04-16 13:21:00,1.28,12149.25,1.3,12436.24,1.29,12246.93
2026-04-16 13:22:00,1.3,12379.11,1.32,12613.08,1.27,12025.36
2026-04-16 13:23:00,1.3,12461.62,1.29,12280.69,1.29,12278.17
2026-04-16 13:24:00,1.3,12369.45,1.29,12277.79,1.27,12061.19
2026-04-16 13:25:00,1.29,12265.41,1.29,12336.98,1.27,12077.22
2026-04-16 13:26:00,1.3,12344.21,1.31,12561.38,1.28,12212.37
2026-04-16 13:27:00,1.31,12482.4,1.3,12431.05,1.28,12180.09
2026-04-16 13:28:00,1.3,12421.59,1.31,12518.93,1.29,12230.51
2026-04-16 13:29:00,1.31,12521.75,1.3,12347.71,1.28,12103.08
2026-04-16 13:30:00,1.29,12333.3,1.29,12314.89,1.29,12287.44
2026-04-16 13:31:00,1.29,12313.06,1.3,12345.14,1.29,12258.34
2026-04-16 13:32:00,1.28,12176.92,1.32,12586.16,1.3,12404.49
2026-04-16 13:33:00,1.28,12117.77,1.32,12663.19,1.3,12403.67
2026-04-16 13:34:00,1.3,12371.27,1.31,12467.57,1.28,12107.53
2026-04-16 13:35:00,1.29,12294.91,1.3,12364.39,1.3,12381.75
2026-04-16 13:36:00,1.3,12450.45,1.32,12693.79,1.3,12342.8
2026-04-16 13:37:00,1.31,12492.22,1.3,12382.83,1.28,12096.54
2026-04-16 13:38:00,1.31,12490.92,1.31,12473.9,1.29,12334.18
2026-04-16 13:39:00,1.29,12308.1,1.3,12376.27,1.28,12190.83
2026-04-16 13:40:00,1.29,12226.84,1.31,12516.36,1.29,12248.15
2026-04-16 13:41:00,1.29,12284.53,1.29,12281.9,1.28,12165.23
2026-04-16 13:42:00,1.28,12163.21,1.3,12441.63,1.29,12328.76
2026-04-16 13:43:00,1.31,12492.56,1.3,12338.93,1.28,12185.77
2026-04-16 13:44:00,1.29,12251.1,1.32,12590.26,1.3,12365.31
2026-04-16 13:45:00,1.3,12375.83,1.31,12497.51,1.28,12132.83
2026-04-16 13:46:00,1.3,12344.69,1.32,12599.55,1.27,12037.35
2026-04-16 13:47:00,1.31,12516.78,1.32,12604.95,1.3,12432.52
2026-04-16 13:48:00,1.29,12251.68,1.31,12560.8,1.3,12443.87
2026-04-16 13:49:00,1.31,12504.81,1.3,12421.96,1.28,12199.78
2026-04-16 13:50:00,1.31,12485.77,1.29,12320.16,1.28,12118.95
2026-04-16 13:51:00,1.29,12257.02,1.31,12490.71,1.28,12108.39
2026-04-16 13:52:00,1.29,12320.55,1.3,12342.04,1.28,12184.87
2026-04-16 13:53:00,1.3,12352.71,1.31,12531.93,1.28,12123.72
2026-04-16 13:54:00,1.28,12137.44,1.3,12426.2,1.29,12240.48
2026-04-16 13:55:00,1.28,12189.6,1.32,12625.51,1.28,12207.29
2026-04-16 13:56:00,1.3,12458.94,1.32,12655.82,1.28,12102.95
2026-04-16 13:57:00,1.28,12179.59,1.3,12420.78,1.29,12235.51
2026-04-16 13:58:00,1.31,12493.32,1.32,12596.42,1.28,12194.9
2026-04-16 13:59:00,1.3,12455.22,1.3,12440.99,1.28,12191.63
2026-04-16 14:00:00,1.29,12228.64,1.31,12537.73,1.3,12426.46
2026-04-16 14:01:00,1.3,12415.05,1.32,12605.71,1.3,12393.0
2026-04-16 14:02:00,1.3,12425.97,1.29,12327.4,1.28,12146.32
2026-04-16 14:03:00,1.3,12344.59,1.32,12635.96,1.3,12369.17
2026-04-16 14:04:00,1.3,12357.0,1.3,12437.69,1.28,12148.48
2026-04-16 14:05:00,1.28,12205.58,1.3,12347.59,1.28,12204.46
2026-04-16 14:06:00,1.3,12368.97,1.33,12714.34,1.3,12387.59
2026-04-16 14:07:00,1.3,12447.74,1.3,12370.92,1.28,12153.12
2026-04-16 14:08:00,1.3,12344.45,1.3,12423.75,1.28,12097.36
2026-04-16 14:09:00,1.3,12415.55,1.32,12621.18,1.27,12068.78
2026-04-16 14:10:00,1.31,12471.96,1.3,12449.91,1.28,12106.11
2026-04-16 14:11:00,1.29,12249.27,1.31,12553.96,1.3,12357.42
2026-04-16 14:12:00,1.31,12466.38,1.32,12670.65,1.28,12167.05
2026-04-16 14:13:00,1.29,12333.48,1.31,12510.74,1.29,12319.41
2026-04-16 14:14:00,1.28,12200.35,1.31,12555.71,1.29,12227.13
2026-04-16 14:15:00,1.31,12504.08,1.31,12499.93,1.29,12290.21
2026-04-16 14:16:00,1.31,12495.5,1.31,12481.36,1.29,12323.22
2026-04-16 14:17:00,1.29,12291.22,1.3,12453.68,1.3,12378.87
2026-04-16 14:18:00,1.29,12284.45,1.33,12726.62,1.29,12269.11
2026-04-16 14:19:00,1.3,12357.96,1.31,12492.5,1.3,12441.49
2026-04-16 14:20:00,1.3,12436.17,1.31,12518.7,1.29,12242.3
2026-04-16 14:21:00,1.3,12348.41,1.33,12723.56,1.29,12214.19
2026-04-16 14:22:00,1.31,12572.43,1.33,12723.37,1.3,12401.9
2026-04-16 14:23:00,1.3,12371.85,1.32,12671.05,1.29,12298.22
2026-04-16 14:24:00,1.31,12577.68,1.33,12749.37,1.28,12150.62
2026-04-16 14:25:00,1.32,12608.75,1.31,12580.28,1.28,12141.41
2026-04-16 14:26:00,1.3,12388.33,1.31,12580.56,1.31,12517.45
2026-04-16 14:27:00,1.31,12530.11,1.3,12457.22,1.3,12455.31
2026-04-16 14:28:00,1.3,12454.15,1.31,12576.15,1.28,12169.42
2026-04-16 14:29:00,1.3,12402.03,1.31,12508.02,1.3,12380.93
2026-04-16 14:30:00,1.31,12559.95,1.32,12656.23,1.28,12206.78
2026-04-16 14:31:00,1.31,12506.86,1.31,12481.13,1.29,12297.29
2026-04-16 14:32:00,1.3,12382.66,1.3,12444.42,1.29,12302.29
2026-04-16 14:33:00,1.3,12401.91,1.32,12671.08,1.28,12179.96
2026-04-16 14:34:00,1.3,12417.59,1.32,12639.45,1.29,12312.6
2026-04-16 14:35:00,1.31,12543.91,1.31,12503.37,1.31,12496.93
2026-04-16 14:36:00,1.3,12365.32,1.32,12703.08,1.29,12229.21
2026-04-16 14:37:00,1.32,12605.15,1.33,12803.0,1.29,12312.91
2026-04-16 14:38:00,1.3,12388.29,1.33,12732.74,1.28,12154.99
2026-04-16 14:39:00,1.32,12654.88,1.32,12681.29,1.28,12146.52
2026-04-16 14:40:00,1.31,12487.55,1.33,12721.57,1.28,12209.59
2026-04-16 14:41:00,1.31,12525.85,1.31,12529.18,1.3,12381.55
2026-04-16 14:42:00,1.31,12519.36,1.33,12733.42,1.29,12290.34
2026-04-16 14:43:00,1.29,12336.67,1.3,12452.19,1.3,12399.77
2026-04-16 14:44:00,1.3,12452.7,1.32,12620.59,1.3,12405.43
2026-04-16 14:45:00,1.29,12285.76,1.31,12510.68,1.3,12357.53
2026-04-16 14:46:00,1.32,12612.09,1.31,12528.64,1.29,12324.17
2026-04-16 14:47:00,1.29,12310.0,1.33,12712.77,1.31,12483.85
2026-04-16 14:48:00,1.32,12611.66,1.31,12475.71,1.29,12267.86
2026-04-16 14:49:00,1.29,12280.39,1.31,12560.89,1.3,12406.93
2026-04-16 14:50:00,1.31,12536.13,1.32,12598.16,1.29,12275.35
2026-04-16 14:51:00,1.3,12356.97,1.33,12811.61,1.31,12509.98
2026-04-16 14:52:00,1.3,12453.52,1.34,12847.42,1.3,12376.19
2026-04-16 14:53:00,1.3,12397.89,1.33,12713.63,1.31,12555.72
2026-04-16 14:54:00,1.3,12389.67,1.31,12463.14,1.29,12258.0
2026-04-16 14:55:00,1.29,12323.04,1.33,12782.87,1.31,12537.58
2026-04-16 14:56:00,1.3,12383.63,1.31,12554.86,1.3,12438.05
2026-04-16 14:57:00,1.31,12527.86,1.32,12612.17,1.29,12258.69
2026-04-16 14:58:00,1.31,12507.58,1.33,12729.02,1.29,12280.77
2026-04-16 14:59:00,1.31,12511.31,1.33,12828.17,1.3,12448.86
2026-04-16 15:00:00,1.29,12309.76,1.32,12697.37,1.29,12268.55
2026-04-16 15:01:00,1.31,12515.42,1.33,12765.71,1.31,12553.61
2026-04-16 15:02:00,1.31,12506.33,1.31,12568.35,1.3,12396.43
2026-04-16 15:03:00,1.31,12571.7,1.33,12814.07,1.3,12389.18
2026-04-16 15:04:00,1.32,12651.96,1.32,12665.53,1.29,12259.52
2026-04-16 15:05:00,1.31,12490.21,1.31,12472.19,1.31,12517.34
2026-04-16 15:06:00,1.3,12352.7,1.32,12652.27,1.3,12340.62
2026-04-16 15:07:00,1.3,12405.2,1.31,12519.28,1.31,12488.87
2026-04-16 15:08:00,1.3,12402.25,1.31,12514.51,1.3,12421.24
2026-04-16 15:09:00,1.32,12677.07,1.32,12704.1,1.29,12316.58
2026-04-16 15:10:00,1.32,12665.85,1.32,12709.73,1.32,12588.41
2026-04-16 15:11:00,1.32,12655.13,1.31,12570.57,1.3,12460.08
2026-04-16 15:12:00,1.31,12548.96,1.33,12802.67,1.3,12353.21
2026-04-16 15:13:00,1.32,12705.7,1.31,12569.03,1.29,12216.98
2026-04-16 15:14:00,1.31,12517.31,1.32,12611.34,1.3,12354.96
2026-04-16 15:15:00,1.31,12536.72,1.31,12556.54,1.3,12444.0
2026-04-16 15:16:00,1.32,12609.13,1.33,12803.3,1.31,12573.02
2026-04-16 15:17:00,1.3,12366.97,1.33,12754.0,1.31,12565.63
2026-04-16 15:18:00,1.3,12362.29,1.33,12795.14,1.31,12469.5
2026-04-16 15:19:00,1.33,12751.26,1.31,12498.61,1.29,12280.52
2026-04-16 15:20:00,1.3,12414.62,1.31,12526.33,1.31,12494.38
2026-04-16 15:21:00,1.3,12444.56,1.31,12575.3,1.3,12344.24
2026-04-16 15:22:00,1.31,12568.88,1.32,12688.84,1.31,12472.2
2026-04-16 15:23:00,1.3,12346.27,1.31,12544.69,1.3,12349.17
2026-04-16 15:24:00,1.3,12389.8,1.33,12824.89,1.31,12574.36
2026-04-16 15:25:00,1.3,12407.34,1.33,12773.02,1.32,12647.66
2026-04-16 15:26:00,1.32,12678.57,1.33,12764.82,1.31,12539.79
2026-04-16 15:27:00,1.32,12693.73,1.33,12799.85,1.3,12379.55
2026-04-16 15:28:00,1.33,12745.92,1.32,12665.49,1.29,12300.17
2026-04-16 15:29:00,1.32,12641.81,1.32,12643.03,1.32,12611.25
2026-04-16 15:30:00,1.31,12474.87,1.33,12789.35,1.29,12325.75
2026-04-16 15:31:00,1.32,12618.89,1.33,12749.19,1.31,12491.76
2026-04-16 15:32:00,1.31,12521.4,1.31,12525.08,1.29,12289.06
2026-04-16 15:33:00,1.32,12596.9,1.31,12505.05,1.3,12434.99
2026-04-16 15:34:00,1.32,12610.32,1.31,12585.25,1.3,12442.27
2026-04-16 15:35:00,1.3,12388.5,1.32,12628.89,1.31,12554.98
2026-04-16 15:36:00,1.31,12518.62,1.32,12643.57,1.3,12438.24
2026-04-16 15:37:00,1.32,12696.71,1.34,12939.14,1.31,12568.32
2026-04-16 15:38:00,1.31,12528.53,1.33,12719.78,1.31,12506.9
2026-04-16 15:39:00,1.33,12713.2,1.33,12713.87,1.31,12513.6
2026-04-16 15:40:00,1.3,12458.76,1.32,12696.83,1.29,12251.74
2026-04-16 15:41:00,1.31,12513.23,1.32,12654.68,1.3,12452.07
2026-04-16 15:42:00,1.3,12407.24,1.32,12670.81,1.3,12375.52
2026-04-16 15:43:00,1.3,12430.9,1.33,12718.61,1.29,12312.13
2026-04-16 15:44:00,1.31,12501.74,1.32,12709.37,1.31,12554.09
2026-04-16 15:45:00,1.31,12491.76,1.34,12843.32,1.32,12604.22
2026-04-16 15:46:00,1.32,12683.86,1.32,12625.84,1.32,12602.11
2026-04-16 15:47:00,1.3,12449.77,1.31,12506.61,1.29,12336.53
2026-04-16 15:48:00,1.31,12544.12,1.33,12728.54,1.3,12397.47
2026-04-16 15:49:00,1.32,12591.3,1.32,12708.93,1.32,12625.38
2026-04-16 15:50:00,1.33,12731.27,1.32,12668.56,1.3,12348.32
2026-04-16 15:51:00,1.31,12528.36,1.32,12608.63,1.32,12608.63
2026-04-16 15:52:00,1.31,12491.81,1.32,12604.65,1.31,12577.26
2026-04-16 15:53:00,1.3,12456.93,1.31,12532.98,1.32,12618.05
2026-04-16 15:54:00,1.32,12606.38,1.34,12839.4,1.3,12425.05
2026-04-16 15:55:00,1.31,12496.95,1.31,12583.47,1.3,12405.16
2026-04-16 15:56:00,1.32,12653.23,1.34,12901.61,1.3,12361.05
2026-04-16 15:57:00,1.32,12587.46,1.33,12801.99,1.29,12279.17
2026-04-16 15:58:00,1.3,12458.59,1.31,12557.28,1.32,12630.26
2026-04-16 15:59:00,1.32,12596.79,1.34,12906.0,1.29,12277.06
2026-04-16 16:00:00,1.32,12604.62,1.32,12603.31,1.31,12523.3
2026-04-16 16:01:00,1.32,12664.5,1.33,12775.98,1.29,12328.39
2026-04-16 16:02:00,1.31,12510.93,1.32,12671.74,1.3,12403.97
2026-04-16 16:03:00,1.32,12599.52,1.32,12689.68,1.31,12496.62
2026-04-16 16:04:00,1.33,12785.34,1.34,12871.44,1.32,12591.95
2026-04-16 16:05:00,1.31,12503.54,1.34,12908.34,1.32,12651.27
2026-04-16 16:06:00,1.31,12576.0,1.34,12835.15,1.32,12670.02
2026-04-16 16:07:00,1.3,12454.67,1.33,12725.13,1.32,12633.63
2026-04-16 16:08:00,1.32,12703.25,1.33,12731.73,1.3,12411.62
2026-04-16 16:09:00,1.34,12834.73,1.34,12899.02,1.31,12481.38
2026-04-16 16:10:00,1.31,12566.91,1.32,12661.46,1.32,12659.01
2026-04-16 16:11:00,1.31,12526.52,1.32,12618.58,1.31,12577.69
2026-04-16 16:12:00,1.32,12651.0,1.32,12651.05,1.29,12320.19
2026-04-16 16:13:00,1.3,12442.3,1.33,12790.75,1.32,12637.29
2026-04-16 16:14:00,1.32,12693.1,1.33,12752.02,1.3,12359.16
2026-04-16 16:15:00,1.32,12646.99,1.33,12788.37,1.3,12424.12
2026-04-16 16:16:00,1.32,12635.09,1.33,12796.52,1.32,12643.37
2026-04-16 16:17:00,1.31,12536.27,1.32,12682.03,1.3,12379.78
2026-04-16 16:18:00,1.32,12620.26,1.35,12968.06,1.32,12589.26
2026-04-16 16:19:00,1.31,12497.08,1.34,12852.73,1.3,12430.28
2026-04-16 16:20:00,1.33,12718.69,1.33,12773.39,1.3,12395.7
2026-04-16 16:21:00,1.34,12857.94,1.32,12673.63,1.3,12446.26
2026-04-16 16:22:00,1.32,12636.03,1.34,12943.22,1.3,12435.54
2026-04-16 16:23:00,1.3,12449.69,1.33,12764.65,1.32,12692.9
2026-04-16 16:24:00,1.31,12531.13,1.33,12729.59,1.33,12721.5
2026-04-16 16:25:00,1.33,12796.18,1.34,12934.37,1.33,12715.46
2026-04-16 16:26:00,1.32,12657.57,1.35,12976.53,1.32,12693.28
2026-04-16 16:27:00,1.32,12626.52,1.34,12913.52,1.3,12455.91
2026-04-16 16:28:00,1.32,12588.14,1.33,12726.48,1.32,12604.17
2026-04-16 16:29:00,1.33,12753.89,1.33,12754.0,1.3,12361.23
2026-04-16 16:30:00,1.31,12543.91,1.33,12764.84,1.3,12456.41
2026-04-16 16:31:00,1.33,12756.57,1.33,12762.52,1.31,12531.95
2026-04-16 16:32:00,1.32,12688.76,1.33,12710.57,1.3,12375.87
2026-04-16 16:33:00,1.33,12765.37,1.35,13015.92,1.3,12410.58
2026-04-16 16:34:00,1.32,12647.16,1.34,12936.43,1.31,12476.36
2026-04-16 16:35:00,1.32,12608.39,1.34,12892.95,1.33,12751.86
2026-04-16 16:36:00,1.33,12728.09,1.35,13045.39,1.32,12650.41
2026-04-16 16:37:00,1.33,12822.91,1.35,12961.29,1.32,12626.44
2026-04-16 16:38:00,1.32,12596.01,1.33,12814.71,1.31,12574.16
2026-04-16 16:39:00,1.34,12914.58,1.32,12683.0,1.31,12578.14
2026-04-16 16:40:00,1.31,12522.46,1.34,12894.16,1.31,12530.47
2026-04-16 16:41:00,1.32,12649.76,1.34,12889.64,1.31,12478.57
2026-04-16 16:42:00,1.33,12801.83,1.35,12992.07,1.31,12504.47
2026-04-16 16:43:00,1.31,12502.77,1.34,12932.26,1.33,12739.37
2026-04-16 16:44:00,1.34,12876.98,1.34,12863.09,1.31,12487.14
2026-04-16 16:45:00,1.32,12660.14,1.34,12844.89,1.32,12675.52
2026-04-16 16:46:00,1.32,12698.85,1.32,12704.73,1.31,12511.5
2026-04-16 16:47:00,1.33,12717.66,1.35,12961.92,1.32,12654.41
2026-04-16 16:48:00,1.34,12861.94,1.33,12810.23,1.33,12779.01
2026-04-16 16:49:00,1.32,12706.05,1.36,13094.79,1.31,12534.09
2026-04-16 16:50:00,1.31,12583.49,1.33,12743.05,1.32,12656.69
2026-04-16 16:51:00,1.33,12715.6,1.33,12711.23,1.32,12697.2
2026-04-16 16:52:00,1.31,12555.36,1.33,12827.3,1.33,12713.27
2026-04-16 16:53:00,1.33,12817.39,1.33,12741.51,1.31,12498.95
2026-04-16 16:54:00,1.33,12743.19,1.34,12917.38,1.31,12469.91
2026-04-16 16:55:00,1.32,12621.53,1.32,12699.71,1.33,12740.5
2026-04-16 16:56:00,1.34,12834.43,1.33,12773.62,1.3,12460.95
2026-04-16 16:57:00,1.32,12604.63,1.33,12812.5,1.31,12509.44
2026-04-16 16:58:00,1.32,12589.39,1.34,12871.66,1.31,12492.02
2026-04-16 16:59:00,1.34,12860.85,1.33,12752.78,1.33,12730.94
2026-04-16 17:00:00,1.34,12915.06,1.34,12938.75,1.32,12677.18
2026-04-16 17:01:00,1.33,12765.69,1.35,12961.13,1.31,12472.23
2026-04-16 17:02:00,1.33,12747.28,1.34,12890.47,1.31,12471.58
2026-04-16 17:03:00,1.34,12856.9,1.34,12861.48,1.32,12647.97
2026-04-16 17:04:00,1.31,12571.98,1.35,13060.48,1.33,12746.95
2026-04-16 17:05:00,1.34,12901.4,1.33,12763.02,1.32,12651.09
2026-04-16 17:06:00,1.33,12713.58,1.33,12750.95,1.31,12552.15
2026-04-16 17:07:00,1.32,12670.44,1.35,13007.03,1.31,12537.72
2026-04-16 17:08:00,1.33,12773.85,1.35,13080.4,1.31,12525.27
2026-04-16 17:09:00,1.33,12828.73,1.33,12807.99,1.32,12664.09
2026-04-16 17:10:00,1.32,12677.12,1.35,12965.05,1.33,12730.93
2026-04-16 17:11:00,1.32,12660.87,1.33,12810.36,1.32,12618.84
2026-04-16 17:12:00,1.33,12793.27,1.33,12731.75,1.32,12687.98
2026-04-16 17:13:00,1.33,12731.87,1.34,12843.2,1.31,12467.94
2026-04-16 17:14:00,1.34,12878.37,1.34,12836.91,1.32,12665.09
2026-04-16 17:15:00,1.33,12795.14,1.35,13063.87,1.33,12720.43
2026-04-16 17:16:00,1.34,12943.58,1.36,13123.08,1.32,12679.56
2026-04-16 17:17:00,1.34,12905.33,1.35,13068.24,1.31,12477.54
2026-04-16 17:18:00,1.34,12877.59,1.35,13056.53,1.33,12715.78
2026-04-16 17:19:00,1.33,12711.53,1.33,12792.47,1.33,12715.23
2026-04-16 17:20:00,1.32,12677.23,1.35,12961.75,1.33,12818.41
2026-04-16 17:21:00,1.34,12874.9,1.35,12998.28,1.32,12673.42
2026-04-16 17:22:00,1.34,12937.71,1.36,13131.11,1.33,12737.0
2026-04-16 17:23:00,1.33,12761.1,1.35,13008.02,1.33,12756.72
2026-04-16 17:24:00,1.33,12747.6,1.35,12999.12,1.32,12654.13
2026-04-16 17:25:00,1.32,12697.95,1.33,12760.82,1.31,12582.61
2026-04-16 17:26:00,1.34,12891.64,1.33,12816.21,1.33,12724.81
2026-04-16 17:27:00,1.34,12911.1,1.36,13086.83,1.33,12807.46
2026-04-16 17:28:00,1.34,12867.36,1.34,12942.48,1.31,12510.4
2026-04-16 17:29:00,1.33,12761.05,1.33,12731.75,1.32,12686.41
2026-04-16 17:30:00,1.32,12689.77,1.34,12905.07,1.31,12480.41
2026-04-16 17:31:00,1.34,12920.18,1.34,12870.67,1.31,12491.43
2026-04-16 17:32:00,1.34,12846.05,1.35,13051.32,1.34,12846.69
2026-04-16 17:33:00,1.35,12984.49,1.33,12819.58,1.32,12707.28
2026-04-16 17:34:00,1.33,12789.95,1.34,12954.69,1.32,12709.01
2026-04-16 17:35:00,1.32,12625.16,1.34,12896.5,1.32,12680.33
2026-04-16 17:36:00,1.34,12895.6,1.35,13002.47,1.32,12595.58
2026-04-16 17:37:00,1.32,12703.48,1.34,12922.82,1.33,12743.2
2026-04-16 17:38:00,1.32,12678.8,1.34,12893.06,1.32,12641.91
2026-04-16 17:39:00,1.35,13018.17,1.34,12927.01,1.31,12536.57
2026-04-16 17:40:00,1.34,12913.11,1.35,12980.37,1.32,12610.39
2026-04-16 17:41:00,1.33,12768.21,1.35,13063.64,1.33,12738.82
2026-04-16 17:42:00,1.33,12729.37,1.34,12869.78,1.32,12678.18
2026-04-16 17:43:00,1.34,12949.1,1.35,13018.97,1.32,12641.52
2026-04-16 17:44:00,1.35,12998.53,1.34,12949.94,1.33,12801.68
2026-04-16 17:45:00,1.32,12680.07,1.33,12758.07,1.31,12568.27
2026-04-16 17:46:00,1.33,12819.51,1.34,12918.14,1.31,12563.57
2026-04-16 17:47:00,1.35,12970.06,1.33,12806.21,1.34,12867.8
2026-04-16 17:48:00,1.34,12887.25,1.34,12956.62,1.33,12718.93
2026-04-16 17:49:00,1.34,12917.35,1.34,12921.97,1.33,12806.77
2026-04-16 17:50:00,1.33,12763.68,1.35,13081.44,1.33,12743.89
2026-04-16 17:51:00,1.34,12874.36,1.33,12812.28,1.33,12772.29
2026-04-16 17:52:00,1.33,12830.87,1.35,13072.74,1.33,12724.74
2026-04-16 17:53:00,1.33,12744.64,1.33,12784.0,1.33,12763.18
2026-04-16 17:54:00,1.35,13020.93,1.33,12798.8,1.33,12714.38
2026-04-16 17:55:00,1.34,12928.92,1.36,13131.07,1.34,12901.24
2026-04-16 17:56:00,1.34,12873.43,1.34,12863.83,1.34,12939.47
2026-04-16 17:57:00,1.32,12704.03,1.34,12946.27,1.33,12805.38
2026-04-16 17:58:00,1.32,12693.76,1.35,12964.34,1.33,12761.24
2026-04-16 17:59:00,1.34,12855.96,1.36,13111.36,1.33,12777.39
2026-04-16 18:00:00,1.33,12790.0,1.35,12982.81,1.33,12785.3
2026-04-16 18:01:00,1.33,12715.01,1.36,13184.73,1.32,12651.61
2026-04-16 18:02:00,1.32,12699.84,1.35,12974.81,1.33,12765.28
2026-04-16 18:03:00,1.32,12693.83,1.34,12907.71,1.31,12573.63
2026-04-16 18:04:00,1.34,12953.76,1.35,13048.23,1.33,12833.2
2026-04-16 18:05:00,1.35,12996.99,1.34,12943.42,1.34,12870.99
2026-04-16 18:06:00,1.32,12698.78,1.35,13064.34,1.32,12597.76
2026-04-16 18:07:00,1.34,12909.93,1.34,12945.83,1.32,12636.8
2026-04-16 18:08:00,1.35,13053.14,1.35,12993.41,1.34,12956.65
2026-04-16 18:09:00,1.33,12820.99,1.34,12916.51,1.32,12709.68
2026-04-16 18:10:00,1.34,12915.53,1.36,13167.5,1.35,12967.7
2026-04-16 18:11:00,1.35,13005.43,1.34,12872.53,1.31,12559.16
2026-04-16 18:12:00,1.35,13067.25,1.34,12887.62,1.32,12661.55
2026-04-16 18:13:00,1.34,12935.13,1.35,12962.75,1.32,12684.99
2026-04-16 18:14:00,1.34,12946.89,1.35,12971.83,1.31,12565.24
2026-04-16 18:15:00,1.32,12663.6,1.34,12879.85,1.33,12819.82
2026-04-16 18:16:00,1.34,12896.36,1.35,13074.68,1.31,12568.15
2026-04-16 18:17:00,1.35,12964.9,1.35,13016.07,1.33,12760.32
2026-04-16 18:18:00,1.33,12796.67,1.35,12977.39,1.32,12632.4
2026-04-16 18:19:00,1.34,12888.2,1.34,12899.16,1.33,12779.49
2026-04-16 18:20:00,1.33,12731.63,1.34,12906.66,1.33,12820.85
2026-04-16 18:21:00,1.35,12983.72,1.35,12991.75,1.34,12903.9
2026-04-16 18:22:00,1.36,13111.18,1.35,13020.75,1.34,12883.88
2026-04-16 18:23:00,1.35,12984.36,1.37,13272.95,1.33,12722.18
2026-04-16 18:24:00,1.35,13011.01,1.34,12865.87,1.35,12967.72
2026-04-16 18:25:00,1.33,12833.08,1.36,13200.29,1.32,12677.63
2026-04-16 18:26:00,1.34,12854.91,1.35,13080.98,1.34,12897.35
2026-04-16 18:27:00,1.35,13024.85,1.36,13133.89,1.32,12654.04
2026-04-16 18:28:00,1.35,12978.49,1.37,13219.77,1.33,12803.06
2026-04-16 18:29:00,1.33,12774.03,1.35,13055.37,1.33,12732.48
2026-04-16 18:30:00,1.33,12809.12,1.37,13238.6,1.33,12788.08
2026-04-16 18:31:00,1.33,12726.86,1.36,13085.15,1.34,12917.98
2026-04-16 18:32:00,1.35,13036.27,1.35,12992.56,1.32,12679.14
2026-04-16 18:33:00,1.36,13099.39,1.36,13093.82,1.33,12801.3
2026-04-16 18:34:00,1.35,13055.09,1.35,12959.03,1.34,12947.16
2026-04-16 18:35:00,1.33,12776.84,1.36,13084.96,1.32,12612.85
2026-04-16 18:36:00,1.34,12884.58,1.36,13205.12,1.34,12853.48
2026-04-16 18:37:00,1.34,12950.82,1.35,13040.24,1.35,12972.87
2026-04-16 18:38:00,1.35,13026.51,1.36,13194.43,1.32,12627.84
2026-04-16 18:39:00,1.33,12743.19,1.35,13068.48,1.32,12617.84
2026-04-16 18:40:00,1.33,12813.08,1.34,12940.79,1.32,12601.09
2026-04-16 18:41:00,1.34,12943.26,1.35,13064.9,1.32,12675.59
2026-04-16 18:42:00,1.34,12866.97,1.36,13130.82,1.33,12712.81
2026-04-16 18:43:00,1.36,13106.89,1.35,12999.12,1.34,12868.43
2026-04-16 18:44:00,1.33,12820.61,1.36,13101.23,1.34,12955.9
2026-04-16 18:45:00,1.33,12819.44,1.35,13008.33,1.34,12944.88
2026-04-16 18:46:00,1.34,12841.54,1.34,12900.09,1.33,12747.63
2026-04-16 18:47:00,1.34,12851.81,1.35,13020.15,1.35,12980.72
2026-04-16 18:48:00,1.36,13099.17,1.37,13251.37,1.34,12888.68
2026-04-16 18:49:00,1.34,12843.29,1.37,13211.17,1.33,12759.47
2026-04-16 18:50:00,1.35,13027.17,1.35,13040.7,1.34,12901.32
2026-04-16 18:51:00,1.34,12870.39,1.35,13044.58,1.33,12804.03
2026-04-16 18:52:00,1.36,13117.26,1.34,12928.99,1.34,12876.67
2026-04-16 18:53:00,1.35,13073.17,1.37,13235.04,1.32,12708.37
2026-04-16 18:54:00,1.35,13015.06,1.35,12980.16,1.35,13042.49
2026-04-16 18:55:00,1.34,12875.18,1.36,13119.38,1.33,12831.43
2026-04-16 18:56:00,1.35,13070.97,1.36,13205.31,1.34,12876.92
2026-04-16 18:57:00,1.33,12828.27,1.37,13274.3,1.32,12652.42
2026-04-16 18:58:00,1.35,13025.61,1.35,13013.12,1.35,13031.78
2026-04-16 18:59:00,1.34,12914.75,1.37,13288.0,1.35,12999.54
2026-04-16 19:00:00,1.36,13118.01,1.36,13143.41,1.35,13012.81
2026-04-16 19:01:00,1.35,12960.48,1.36,13204.66,1.32,12673.7
2026-04-16 19:02:00,1.36,13092.65,1.36,13112.79,1.32,12690.08
2026-04-16 19:03:00,1.35,13028.85,1.35,13032.31,1.35,12958.77
2026-04-16 19:04:00,1.35,12981.14,1.35,12983.55,1.33,12736.0
2026-04-16 19:05:00,1.34,12877.73,1.37,13293.42,1.35,12960.19
2026-04-16 19:06:00,1.34,12927.89,1.36,13128.79,1.32,12660.94
2026-04-16 19:07:00,1.35,13014.85,1.37,13327.59,1.33,12736.52
2026-04-16 19:08:00,1.34,12912.38,1.36,13175.21,1.34,12935.09
2026-04-16 19:09:00,1.34,12888.18,1.38,13355.7,1.35,13003.04
2026-04-16 19:10:00,1.33,12824.71,1.36,13135.32,1.32,12669.87
2026-04-16 19:11:00,1.35,12971.61,1.36,13159.85,1.34,12888.23
2026-04-16 19:12:00,1.35,12983.16,1.35,13051.07,1.34,12891.94
2026-04-16 19:13:00,1.33,12803.48,1.35,13009.51,1.33,12812.63
2026-04-16 19:14:00,1.35,13043.96,1.36,13202.67,1.35,12959.19
2026-04-16 19:15:00,1.34,12862.37,1.35,13034.48,1.35,13024.65
2026-04-16 19:16:00,1.36,13102.81,1.37,13252.88,1.34,12896.45
2026-04-16 19:17:00,1.36,13184.86,1.35,13068.81,1.33,12726.8
2026-04-16 19:18:00,1.35,13007.73,1.36,13094.25,1.35,12976.47
2026-04-16 19:19:00,1.35,13076.0,1.35,13037.88,1.35,12984.63
2026-04-16 19:20:00,1.34,12893.12,1.37,13213.22,1.35,13011.17
2026-04-16 19:21:00,1.33,12817.14,1.35,13070.91,1.33,12722.18
2026-04-16 19:22:00,1.34,12867.91,1.35,12985.71,1.33,12811.04
2026-04-16 19:23:00,1.34,12912.09,1.35,13016.13,1.34,12905.54
2026-04-16 19:24:00,1.34,12873.23,1.36,13162.73,1.35,13030.85
2026-04-16 19:25:00,1.36,13094.74,1.37,13277.31,1.33,12831.77
2026-04-16 19:26:00,1.34,12931.14,1.36,13202.01,1.35,13074.82
2026-04-16 19:27:00,1.34,12917.73,1.35,13011.37,1.34,12925.61
2026-04-16 19:28:00,1.35,13023.92,1.34,12953.99,1.33,12743.29
2026-04-16 19:29:00,1.36,13146.13,1.38,13408.96,1.34,12889.74
2026-04-16 19:30:00,1.34,12931.29,1.38,13330.95,1.35,13015.27
2026-04-16 19:31:00,1.34,12934.97,1.36,13173.69,1.33,12715.71
2026-04-16 19:32:00,1.36,13174.37,1.37,13267.29,1.33,12819.04
2026-04-16 19:33:00,1.35,12998.15,1.35,13038.84,1.34,12890.7
2026-04-16 19:34:00,1.35,13077.54,1.36,13166.09,1.34,12920.6
2026-04-16 19:35:00,1.34,12920.4,1.36,13186.96,1.33,12778.53
2026-04-16 19:36:00,1.35,13070.22,1.35,13042.47,1.36,13097.04
2026-04-16 19:37:00,1.35,12997.62,1.35,12997.36,1.33,12775.38
2026-04-16 19:38:00,1.36,13103.6,1.36,13170.85,1.36,13088.72
2026-04-16 19:39:00,1.34,12930.65,1.38,13398.48,1.34,12839.05
2026-04-16 19:40:00,1.34,12865.8,1.36,13149.88,1.34,12903.19
2026-04-16 19:41:00,1.34,12926.31,1.37,13235.4,1.34,12948.18
2026-04-16 19:42:00,1.36,13098.49,1.37,13264.11,1.33,12832.22
2026-04-16 19:43:00,1.36,13149.49,1.37,13275.59,1.35,13081.34
2026-04-16 19:44:00,1.34,12852.63,1.36,13142.7,1.35,12977.58
2026-04-16 19:45:00,1.37,13265.28,1.36,13107.57,1.35,13026.5
2026-04-16 19:46:00,1.34,12886.07,1.37,13221.8,1.35,12991.65
2026-04-16 19:47:00,1.35,12996.1,1.38,13331.79,1.34,12870.17
2026-04-16 19:48:00,1.36,13201.09,1.38,13359.88,1.35,13004.96
2026-04-16 19:49:00,1.34,12882.3,1.35,13069.38,1.35,13066.27
2026-04-16 19:50:00,1.36,13188.59,1.37,13214.32,1.34,12898.82
2026-04-16 19:51:00,1.34,12940.14,1.36,13186.19,1.35,12965.58
2026-04-16 19:52:00,1.36,13160.36,1.36,13144.6,1.35,13069.49
2026-04-16 19:53:00,1.35,13071.69,1.38,13368.58,1.35,13054.72
2026-04-16 19:54:00,1.35,13052.2,1.37,13290.52,1.33,12756.52
2026-04-16 19:55:00,1.36,13189.9,1.35,13063.42,1.36,13131.31
2026-04-16 19:56:00,1.37,13263.81,1.38,13336.39,1.34,12940.32
2026-04-16 19:57:00,1.37,13308.42,1.37,13211.18,1.35,13038.43
2026-04-16 19:58:00,1.37,13291.0,1.36,13177.79,1.36,13132.56
2026-04-16 19:59:00,1.34,12942.85,1.38,13420.41,1.34,12946.99
2026-04-16 20:00:00,1.37,13216.13,1.36,13096.69,1.35,12988.76
2026-04-16 20:01:00,1.37,13259.92,1.36,13117.06,1.34,12899.49
2026-04-16 20:02:00,1.36,13196.14,1.38,13357.78,1.35,13035.2
2026-04-16 20:03:00,1.36,13139.65,1.36,13166.5,1.35,12973.01
2026-04-16 20:04:00,1.35,13068.95,1.37,13292.59,1.35,12969.58
2026-04-16 20:05:00,1.36,13171.81,1.36,13137.41,1.33,12831.11
2026-04-16 20:06:00,1.36,13093.87,1.36,13107.03,1.34,12922.89
2026-04-16 20:07:00,1.34,12931.63,1.36,13110.32,1.34,12910.55
2026-04-16 20:08:00,1.35,13017.26,1.38,13378.38,1.36,13088.77
2026-04-16 20:09:00,1.36,13159.51,1.37,13327.69,1.35,12963.24
2026-04-16 20:10:00,1.37,13216.31,1.36,13167.9,1.36,13141.71
2026-04-16 20:11:00,1.35,12992.21,1.36,13105.22,1.35,13072.19
2026-04-16 20:12:00,1.37,13224.88,1.38,13411.73,1.36,13148.79
2026-04-16 20:13:00,1.36,13109.96,1.36,13186.32,1.36,13173.93
2026-04-16 20:14:00,1.36,13194.33,1.36,13107.79,1.35,12968.64
2026-04-16 20:15:00,1.35,13006.14,1.38,13426.06,1.35,13007.61
2026-04-16 20:16:00,1.34,12955.37,1.38,13396.59,1.34,12841.83
2026-04-16 20:17:00,1.36,13106.64,1.37,13326.43,1.36,13141.67
2026-04-16 20:18:00,1.36,13184.23,1.37,13241.17,1.35,13037.76
2026-04-16 20:19:00,1.37,13224.85,1.36,13144.4,1.36,13092.37
2026-04-16 20:20:00,1.37,13210.22,1.38,13377.72,1.35,12991.95
2026-04-16 20:21:00,1.37,13295.91,1.37,13246.21,1.34,12947.85
2026-04-16 20:22:00,1.36,13170.05,1.37,13267.28,1.34,12874.02
2026-04-16 20:23:00,1.35,13011.75,1.36,13137.35,1.35,12959.37
2026-04-16 20:24:00,1.37,13223.42,1.38,13429.12,1.36,13105.79
2026-04-16 20:25:00,1.37,13251.03,1.38,13408.78,1.36,13153.82
2026-04-16 20:26:00,1.35,13022.83,1.38,13415.88,1.35,13058.38
2026-04-16 20:27:00,1.35,13050.08,1.37,13264.21,1.36,13150.89
2026-04-16 20:28:00,1.37,13233.81,1.36,13141.39,1.36,13176.16
2026-04-16 20:29:00,1.35,12967.85,1.37,13263.0,1.36,13145.45
2026-04-16 20:30:00,1.37,13222.02,1.38,13414.93,1.35,12978.89
2026-04-16 20:31:00,1.37,13208.19,1.36,13147.16,1.34,12919.73
2026-04-16 20:32:00,1.37,13279.41,1.37,13277.1,1.36,13130.92
2026-04-16 20:33:00,1.38,13342.84,1.38,13396.06,1.35,13075.9
2026-04-16 20:34:00,1.35,13074.48,1.39,13500.53,1.33,12827.03
2026-04-16 20:35:00,1.36,13129.62,1.36,13194.52,1.36,13189.35
2026-04-16 20:36:00,1.37,13320.65,1.37,13257.15,1.36,13122.21
2026-04-16 20:37:00,1.36,13105.09,1.36,13170.02,1.34,12931.37
2026-04-16 20:38:00,1.36,13156.42,1.36,13178.62,1.36,13129.76
2026-04-16 20:39:00,1.37,13275.43,1.39,13467.45,1.34,12953.89
2026-04-16 20:40:00,1.36,13190.59,1.36,13117.45,1.34,12952.21
2026-04-16 20:41:00,1.35,13054.23,1.39,13465.72,1.35,13044.16
2026-04-16 20:42:00,1.35,13045.28,1.37,13320.23,1.36,13139.13
2026-04-16 20:43:00,1.37,13314.52,1.36,13138.35,1.37,13211.93
2026-04-16 20:44:00,1.35,13028.58,1.38,13345.08,1.35,13072.37
2026-04-16 20:45:00,1.35,13068.64,1.37,13225.48,1.36,13202.1
2026-04-16 20:46:00,1.36,13172.91,1.39,13490.28,1.37,13267.45
2026-04-16 20:47:00,1.38,13392.08,1.39,13531.68,1.37,13239.09
2026-04-16 20:48:00,1.36,13083.11,1.39,13539.0,1.35,13021.91
2026-04-16 20:49:00,1.35,13081.27,1.39,13477.15,1.34,12889.1
2026-04-16 20:50:00,1.37,13315.87,1.36,13171.66,1.36,13174.77
2026-04-16 20:51:00,1.35,13052.71,1.38,13371.36,1.37,13290.37
2026-04-16 20:52:00,1.37,13231.73,1.38,13344.92,1.35,13059.1
2026-04-16 20:53:00,1.37,13219.65,1.36,13176.16,1.36,13098.45
2026-04-16 20:54:00,1.37,13295.39,1.39,13491.88,1.34,12940.35
2026-04-16 20:55:00,1.37,13292.56,1.37,13232.12,1.35,12974.18
2026-04-16 20:56:00,1.38,13368.13,1.39,13523.74,1.35,13019.65
2026-04-16 20:57:00,1.36,13144.84,1.37,13303.14,1.34,12944.24
2026-04-16 20:58:00,1.36,13130.91,1.36,13196.86,1.35,13014.5
2026-04-16 20:59:00,1.37,13268.2,1.37,13245.86,1.37,13285.57
2026-04-16 21:00:00,1.37,13262.5,1.37,13322.37,1.37,13323.41
2026-04-16 21:01:00,1.36,13186.86,1.38,13452.21,1.35,13080.43
2026-04-16 21:02:00,1.37,13305.93,1.37,13259.27,1.37,13250.18
2026-04-16 21:03:00,1.36,13093.91,1.38,13351.27,1.37,13233.55
2026-04-16 21:04:00,1.35,13072.93,1.37,13329.86,1.34,12881.14
2026-04-16 21:05:00,1.36,13083.52,1.39,13521.59,1.37,13299.42
2026-04-16 21:06:00,1.36,13164.15,1.38,13359.04,1.36,13140.07
2026-04-16 21:07:00,1.37,13304.85,1.37,13291.63,1.36,13162.1
2026-04-16 21:08:00,1.36,13198.61,1.36,13188.14,1.35,13025.01
2026-04-16 21:09:00,1.35,13074.53,1.36,13147.45,1.37,13209.32
2026-04-16 21:10:00,1.37,13274.6,1.37,13247.13,1.36,13122.06
2026-04-16 21:11:00,1.36,13195.71,1.39,13494.63,1.37,13281.16
2026-04-16 21:12:00,1.37,13223.85,1.38,13446.34,1.35,12988.53
2026-04-16 21:13:00,1.36,13143.63,1.39,13460.35,1.35,13020.43
2026-04-16 21:14:00,1.37,13268.42,1.38,13404.67,1.37,13240.6
2026-04-16 21:15:00,1.36,13140.89,1.38,13428.47,1.35,13008.06
2026-04-16 21:16:00,1.37,13211.94,1.39,13573.12,1.35,13077.09
2026-04-16 21:17:00,1.36,13092.6,1.37,13294.65,1.36,13105.02
2026-04-16 21:18:00,1.38,13358.01,1.38,13398.7,1.36,13088.8
2026-04-16 21:19:00,1.35,13080.34,1.4,13607.45,1.36,13204.25
2026-04-16 21:20:00,1.36,13159.45,1.39,13500.68,1.35,13022.41
2026-04-16 21:21:00,1.36,13130.21,1.38,13389.71,1.36,13204.6
2026-04-16 21:22:00,1.37,13231.83,1.38,13340.82,1.35,12976.39
2026-04-16 21:23:00,1.36,13144.79,1.38,13374.57,1.35,12989.25
2026-04-16 21:24:00,1.36,13107.95,1.38,13365.04,1.35,13060.12
2026-04-16 21:25:00,1.36,13102.58,1.38,13336.75,1.35,13055.68
2026-04-16 21:26:00,1.36,13098.71,1.39,13545.77,1.35,13001.49
2026-04-16 21:27:00,1.38,13391.75,1.38,13351.63,1.36,13123.88
2026-04-16 21:28:00,1.36,13162.13,1.38,13364.51,1.37,13283.19
2026-04-16 21:29:00,1.37,13214.98,1.4,13645.28,1.37,13258.16
2026-04-16 21:30:00,1.37,13286.35,1.39,13517.57,1.36,13172.02
2026-04-16 21:31:00,1.38,13433.55,1.37,13285.36,1.36,13205.63
2026-04-16 21:32:00,1.38,13402.46,1.39,13486.67,1.36,13094.66
2026-04-16 21:33:00,1.36,13130.2,1.39,13475.3,1.37,13285.47
2026-04-16 21:34:00,1.38,13436.44,1.37,13309.32,1.36,13186.92
2026-04-16 21:35:00,1.37,13305.2,1.38,13351.15,1.37,13251.0
2026-04-16 21:36:00,1.37,13214.49,1.39,13507.42,1.36,13186.34
2026-04-16 21:37:00,1.36,13195.77,1.39,13460.71,1.37,13254.84
2026-04-16 21:38:00,1.37,13281.08,1.39,13474.53,1.36,13082.11
2026-04-16 21:39:00,1.37,13300.57,1.38,13427.43,1.36,13183.86
2026-04-16 21:40:00,1.38,13400.2,1.39,13470.65,1.35,13067.16
2026-04-16 21:41:00,1.38,13334.36,1.39,13569.87,1.37,13326.68
2026-04-16 21:42:00,1.38,13338.31,1.39,13570.93,1.34,12957.69
2026-04-16 21:43:00,1.38,13452.02,1.38,13379.78,1.36,13139.61
2026-04-16 21:44:00,1.36,13195.57,1.37,13280.98,1.37,13260.04
2026-04-16 21:45:00,1.36,13187.51,1.38,13336.0,1.35,13070.08
2026-04-16 21:46:00,1.36,13169.56,1.4,13652.6,1.35,13075.17
2026-04-16 21:47:00,1.38,13417.98,1.38,13331.86,1.35,13063.13
2026-04-16 21:48:00,1.38,13406.99,1.38,13402.03,1.38,13333.79
2026-04-16 21:49:00,1.36,13202.34,1.4,13692.26,1.35,13040.63
2026-04-16 21:50:00,1.36,13102.13,1.38,13388.65,1.38,13360.67
2026-04-16 21:51:00,1.37,13273.7,1.38,13449.01,1.38,13394.85
2026-04-16 21:52:00,1.37,13229.51,1.37,13317.88,1.36,13166.33
2026-04-16 21:53:00,1.38,13397.13,1.39,13480.39,1.38,13381.06
2026-04-16 21:54:00,1.36,13118.4,1.41,13719.92,1.36,13164.32
2026-04-16 21:55:00,1.39,13505.74,1.37,13311.43,1.37,13272.68
2026-04-16 21:56:00,1.38,13384.18,1.37,13283.9,1.37,13263.06
2026-04-16 21:57:00,1.36,13202.63,1.4,13607.26,1.38,13448.0
2026-04-16 21:58:00,1.36,13130.59,1.38,13408.18,1.38,13337.57
2026-04-16 21:59:00,1.37,13241.4,1.38,13330.87,1.36,13155.48
2026-04-16 22:00:00,1.39,13516.94,1.4,13657.06,1.37,13266.18
2026-04-16 22:01:00,1.36,13141.4,1.38,13442.72,1.35,13011.09
2026-04-16 22:02:00,1.38,13384.96,1.38,13368.5,1.37,13258.83
2026-04-16 22:03:00,1.39,13523.49,1.38,13369.97,1.35,13024.42
2026-04-16 22:04:00,1.36,13138.7,1.38,13345.06,1.38,13388.42
2026-04-16 22:05:00,1.39,13488.62,1.39,13519.0,1.37,13310.89
2026-04-16 22:06:00,1.38,13341.19,1.39,13492.04,1.36,13196.17
2026-04-16 22:07:00,1.37,13296.21,1.39,13562.91,1.37,13226.8
2026-04-16 22:08:00,1.39,13560.01,1.39,13522.33,1.35,13032.64
2026-04-16 22:09:00,1.36,13194.93,1.39,13555.49,1.36,13158.97
2026-04-16 22:10:00,1.38,13418.77,1.4,13578.51,1.35,13026.93
2026-04-16 22:11:00,1.39,13490.17,1.4,13589.1,1.36,13104.96
2026-04-16 22:12:00,1.37,13233.82,1.38,13431.91,1.38,13407.73
2026-04-16 22:13:00,1.36,13177.34,1.4,13619.89,1.37,13260.33
2026-04-16 22:14:00,1.39,13507.1,1.39,13526.34,1.36,13102.74
2026-04-16 22:15:00,1.38,13414.77,1.4,13654.73,1.37,13291.17
2026-04-16 22:16:00,1.38,13355.87,1.4,13649.23,1.38,13431.39
2026-04-16 22:17:00,1.38,13389.3,1.39,13532.77,1.37,13293.03
2026-04-16 22:18:00,1.37,13226.1,1.4,13624.96,1.36,13139.86
2026-04-16 22:19:00,1.38,13330.57,1.4,13649.74,1.38,13389.45
2026-04-16 22:20:00,1.37,13291.55,1.38,13416.79,1.36,13089.02
2026-04-16 22:21:00,1.38,13421.58,1.4,13602.8,1.36,13127.3
2026-04-16 22:22:00,1.38,13334.33,1.39,13456.46,1.36,13098.0
2026-04-16 22:23:00,1.39,13487.66,1.39,13481.08,1.36,13176.63
2026-04-16 22:24:00,1.38,13391.13,1.4,13619.15,1.37,13218.85
2026-04-16 22:25:00,1.37,13227.94,1.4,13634.09,1.37,13278.9
2026-04-16 22:26:00,1.38,13359.72,1.38,13373.53,1.37,13232.75
2026-04-16 22:27:00,1.38,13358.29,1.38,13428.64,1.37,13321.18
2026-04-16 22:28:00,1.38,13403.24,1.39,13496.04,1.38,13443.27
2026-04-16 22:29:00,1.39,13480.0,1.39,13541.15,1.36,13199.83
2026-04-16 22:30:00,1.4,13598.26,1.37,13307.22,1.36,13134.68
2026-04-16 22:31:00,1.37,13259.23,1.41,13713.87,1.37,13326.19
2026-04-16 22:32:00,1.38,13413.15,1.4,13660.77,1.36,13114.03
2026-04-16 22:33:00,1.38,13355.5,1.4,13677.41,1.37,13316.28
2026-04-16 22:34:00,1.39,13529.75,1.4,13619.63,1.37,13288.62
2026-04-16 22:35:00,1.39,13463.28,1.39,13485.25,1.38,13419.88
2026-04-16 22:36:00,1.37,13290.91,1.4,13587.65,1.39,13482.33
2026-04-16 22:37:00,1.38,13340.91,1.38,13382.06,1.38,13339.83
2026-04-16 22:38:00,1.39,13499.97,1.4,13658.84,1.37,13293.95
2026-04-16 22:39:00,1.39,13539.51,1.41,13703.43,1.37,13241.82
2026-04-16 22:40:00,1.37,13309.98,1.39,13524.48,1.38,13373.14
2026-04-16 22:41:00,1.39,13529.84,1.41,13750.99,1.39,13479.97
2026-04-16 22:42:00,1.37,13231.16,1.38,13433.36,1.37,13271.77
2026-04-16 22:43:00,1.38,13358.23,1.39,13529.97,1.37,13307.68
2026-04-16 22:44:00,1.39,13476.21,1.4,13604.98,1.37,13234.87
2026-04-16 22:45:00,1.38,13390.61,1.39,13465.2,1.37,13315.27
2026-04-16 22:46:00,1.37,13240.26,1.39,13495.79,1.37,13217.49
2026-04-16 22:47:00,1.39,13524.59,1.4,13670.62,1.38,13384.6
2026-04-16 22:48:00,1.38,13438.71,1.39,13533.52,1.36,13147.58
2026-04-16 22:49:00,1.4,13608.1,1.41,13780.52,1.37,13263.66
2026-04-16 22:50:00,1.37,13303.67,1.38,13437.84,1.37,13284.78
2026-04-16 22:51:00,1.38,13333.93,1.39,13506.82,1.38,13448.55
2026-04-16 22:52:00,1.38,13448.63,1.4,13625.28,1.37,13329.07
2026-04-16 22:53:00,1.39,13568.9,1.38,13449.84,1.37,13258.69
2026-04-16 22:54:00,1.38,13345.76,1.39,13516.56,1.36,13160.89
2026-04-16 22:55:00,1.38,13369.66,1.4,13615.83,1.36,13196.79
2026-04-16 22:56:00,1.38,13359.48,1.4,13674.24,1.38,13355.58
2026-04-16 22:57:00,1.38,13403.3,1.4,13625.35,1.37,13242.9
2026-04-16 22:58:00,1.37,13224.18,1.4,13652.91,1.36,13092.05
2026-04-16 22:59:00,1.38,13371.26,1.4,13578.75,1.39,13508.45
2026-04-16 23:00:00,1.38,13401.13,1.41,13724.58,1.37,13316.48
2026-04-16 23:01:00,1.37,13278.57,1.39,13497.91,1.36,13114.48
2026-04-16 23:02:00,1.37,13305.38,1.4,13646.36,1.39,13521.14
2026-04-16 23:03:00,1.4,13579.02,1.4,13689.08,1.36,13140.09
2026-04-16 23:04:00,1.38,13383.51,1.41,13733.47,1.37,13329.7
2026-04-16 23:05:00,1.39,13559.75,1.41,13727.6,1.38,13332.03
2026-04-16 23:06:00,1.39,13567.73,1.39,13512.48,1.39,13574.13
2026-04-16 23:07:00,1.4,13694.04,1.41,13741.5,1.38,13420.87
2026-04-16 23:08:00,1.39,13526.71,1.4,13683.87,1.39,13502.52
2026-04-16 23:09:00,1.37,13269.47,1.39,13465.76,1.39,13513.79
2026-04-16 23:10:00,1.39,13463.71,1.39,13524.67,1.38,13340.77
2026-04-16 23:11:00,1.4,13640.91,1.41,13716.66,1.39,13472.45
2026-04-16 23:12:00,1.39,13463.6,1.4,13623.1,1.37,13262.12
2026-04-16 23:13:00,1.39,13525.63,1.39,13574.63,1.38,13365.68
2026-04-16 23:14:00,1.37,13320.61,1.41,13812.23,1.37,13256.28
2026-04-16 23:15:00,1.4,13588.32,1.41,13706.67,1.38,13345.77
2026-04-16 23:16:00,1.38,13444.81,1.4,13599.29,1.38,13342.14
2026-04-16 23:17:00,1.38,13416.99,1.41,13717.05,1.38,13401.6
2026-04-16 23:18:00,1.4,13676.42,1.4,13624.69,1.37,13292.8
2026-04-16 23:19:00,1.39,13560.23,1.41,13764.83,1.37,13286.63
2026-04-16 23:20:00,1.4,13650.98,1.42,13843.53,1.37,13251.77
2026-04-16 23:21:00,1.38,13385.54,1.4,13679.1,1.38,13400.12
2026-04-16 23:22:00,1.4,13691.76,1.4,13665.8,1.39,13493.72
2026-04-16 23:23:00,1.38,13417.6,1.41,13793.7,1.38,13453.64
2026-04-16 23:24:00,1.38,13411.11,1.4,13636.37,1.37,13300.07
2026-04-16 23:25:00,1.38,13452.35,1.41,13744.76,1.37,13222.19
2026-04-16 23:26:00,1.4,13642.81,1.39,13552.64,1.37,13279.48
2026-04-16 23:27:00,1.39,13566.68,1.39,13545.37,1.39,13520.77
2026-04-16 23:28:00,1.4,13656.7,1.4,13661.27,1.39,13507.13
2026-04-16 23:29:00,1.39,13525.22,1.4,13584.78,1.39,13552.15
2026-04-16 23:30:00,1.4,13689.83,1.39,13473.81,1.37,13229.02
2026-04-16 23:31:00,1.4,13637.59,1.41,13714.19,1.37,13309.56
2026-04-16 23:32:00,1.38,13445.15,1.42,13863.41,1.39,13457.55
2026-04-16 23:33:00,1.41,13728.37,1.4,13693.64,1.39,13500.53
2026-04-16 23:34:00,1.38,13439.91,1.41,13763.94,1.4,13599.81
2026-04-16 23:35:00,1.38,13450.11,1.4,13645.64,1.37,13211.16
2026-04-16 23:36:00,1.38,13430.2,1.39,13467.13,1.38,13359.74
2026-04-16 23:37:00,1.39,13543.56,1.39,13537.95,1.4,13578.08
2026-04-16 23:38:00,1.4,13621.96,1.39,13489.94,1.39,13455.62
2026-04-16 23:39:00,1.39,13522.21,1.39,13554.42,1.37,13295.64
2026-04-16 23:40:00,1.39,13507.35,1.39,13577.8,1.39,13536.84
2026-04-16 23:41:00,1.39,13528.45,1.4,13592.45,1.38,13434.21
2026-04-16 23:42:00,1.39,13498.8,1.4,13628.63,1.38,13376.69
2026-04-16 23:43:00,1.39,13481.78,1.4,13679.74,1.37,13221.46
2026-04-16 23:44:00,1.4,13693.2,1.41,13804.2,1.37,13216.6
2026-04-16 23:45:00,1.4,13624.12,1.4,13612.12,1.38,13355.81
2026-04-16 23:46:00,1.39,13550.51,1.42,13848.02,1.39,13531.14
2026-04-16 23:47:00,1.39,13536.86,1.42,13897.94,1.38,13377.83
2026-04-16 23:48:00,1.38,13450.13,1.42,13908.19,1.39,13534.46
2026-04-16 23:49:00,1.4,13592.27,1.4,13655.98,1.39,13573.34
2026-04-16 23:50:00,1.38,13442.4,1.41,13753.93,1.38,13412.36
2026-04-16 23:51:00,1.4,13595.46,1.42,13828.17,1.4,13633.34
2026-04-16 23:52:00,1.4,13640.95,1.41,13733.91,1.38,13434.54
2026-04-16 23:53:00,1.38,13426.67,1.41,13823.34,1.39,13523.08
2026-04-16 23:54:00,1.39,13478.52,1.4,13601.63,1.38,13431.8
2026-04-16 23:55:00,1.4,13624.58,1.41,13760.55,1.37,13281.67
2026-04-16 23:56:00,1.4,13591.69,1.42,13934.78,1.38,13399.63
2026-04-16 23:57:00,1.4,13605.06,1.4,13633.7,1.38,13426.16
2026-04-16 23:58:00,1.39,13519.73,1.39,13515.76,1.39,13559.89
2026-04-16 23:59:00,1.41,13751.71,1.4,13625.34,1.4,13587.49
2026-04-17 00:00:00,1.41,13779.3,1.39,13544.94,1.4,13596.42
2026-04-17 00:01:00,1.38,13419.25,1.41,13745.0,1.38,13404.07
2026-04-17 00:02:00,1.38,13439.53,1.4,13633.54,1.37,13273.46
2026-04-17 00:03:00,1.38,13380.62,1.39,13567.63,1.37,13327.54
2026-04-17 00:04:00,1.38,13439.69,1.39,13531.31,1.37,13295.7
2026-04-17 00:05:00,1.39,13505.04,1.41,13771.84,1.38,13397.3
2026-04-17 00:06:00,1.41,13703.46,1.41,13811.83,1.39,13526.12
2026-04-17 00:07:00,1.38,13429.36,1.42,13835.83,1.39,13549.05
2026-04-17 00:08:00,1.4,13595.15,1.41,13771.06,1.39,13478.51
2026-04-17 00:09:00,1.39,13542.33,1.41,13791.92,1.38,13380.97
2026-04-17 00:10:00,1.39,13509.03,1.42,13842.19,1.38,13392.61
2026-04-17 00:11:00,1.39,13489.13,1.42,13835.75,1.38,13367.14
2026-04-17 00:12:00,1.39,13521.23,1.39,13526.41,1.4,13581.08
2026-04-17 00:13:00,1.39,13504.83,1.41,13741.03,1.4,13603.12
2026-04-17 00:14:00,1.41,13810.22,1.42,13866.4,1.38,13332.16
2026-04-17 00:15:00,1.41,13778.53,1.42,13844.72,1.39,13516.69
2026-04-17 00:16:00,1.39,13462.97,1.41,13736.64,1.38,13445.32
2026-04-17 00:17:00,1.4,13633.37,1.39,13530.29,1.37,13313.06
2026-04-17 00:18:00,1.39,13512.82,1.41,13803.01,1.38,13377.64
2026-04-17 00:19:00,1.41,13783.33,1.39,13520.88,1.39,13480.92
2026-04-17 00:20:00,1.41,13720.26,1.41,13751.22,1.38,13350.92
2026-04-17 00:21:00,1.41,13804.17,1.4,13678.95,1.38,13412.05
2026-04-17 00:22:00,1.4,13595.58,1.42,13851.85,1.37,13316.24
2026-04-17 00:23:00,1.4,13633.9,1.4,13653.04,1.39,13461.85
2026-04-17 00:24:00,1.39,13540.0,1.42,13831.43,1.37,13272.67
2026-04-17 00:25:00,1.38,13404.01,1.42,13856.31,1.4,13641.17
2026-04-17 00:26:00,1.38,13436.46,1.41,13791.23,1.4,13592.58
2026-04-17 00:27:00,1.38,13396.84,1.42,13937.79,1.39,13484.83
2026-04-17 00:28:00,1.4,13659.08,1.42,13827.83,1.38,13443.65
2026-04-17 00:29:00,1.42,13834.2,1.4,13659.96,1.4,13694.29
2026-04-17 00:30:00,1.38,13387.06,1.41,13739.73,1.38,13415.01
2026-04-17 00:31:00,1.4,13636.89,1.4,13662.84,1.38,13440.07
2026-04-17 00:32:00,1.4,13648.47,1.41,13803.19,1.38,13444.14
2026-04-17 00:33:00,1.39,13562.71,1.41,13759.05,1.4,13698.3
2026-04-17 00:34:00,1.41,13756.02,1.42,13878.22,1.4,13671.07
2026-04-17 00:35:00,1.4,13602.49,1.4,13645.18,1.39,13544.67
2026-04-17 00:36:00,1.41,13799.19,1.41,13748.66,1.39,13570.08
2026-04-17 00:37:00,1.42,13830.57,1.42,13889.99,1.38,13438.55
2026-04-17 00:38:00,1.38,13439.43,1.42,13944.46,1.4,13683.01
2026-04-17 00:39:00,1.41,13714.11,1.41,13786.96,1.4,13634.37
2026-04-17 00:40:00,1.39,13475.82,1.43,13983.53,1.39,13481.16
2026-04-17 00:41:00,1.42,13841.96,1.41,13727.99,1.38,13371.12
2026-04-17 00:42:00,1.42,13853.33,1.41,13718.93,1.39,13473.06
2026-04-17 00:43:00,1.4,13618.69,1.42,13839.9,1.38,13383.32
2026-04-17 00:44:00,1.4,13669.0,1.41,13785.16,1.4,13637.05
2026-04-17 00:45:00,1.41,13703.64,1.41,13728.18,1.39,13536.42
2026-04-17 00:46:00,1.4,13662.18,1.41,13770.82,1.4,13623.78
2026-04-17 00:47:00,1.42,13871.78,1.41,13747.56,1.38,13385.49
2026-04-17 00:48:00,1.4,13638.93,1.42,13921.1,1.39,13517.46
2026-04-17 00:49:00,1.41,13704.18,1.42,13894.91,1.4,13606.88
2026-04-17 00:50:00,1.39,13496.32,1.41,13775.19,1.4,13675.55
2026-04-17 00:51:00,1.4,13665.94,1.4,13694.6,1.41,13706.14
2026-04-17 00:52:00,1.39,13524.69,1.41,13759.2,1.4,13663.68
2026-04-17 00:53:00,1.42,13882.7,1.4,13658.29,1.39,13465.23
2026-04-17 00:54:00,1.41,13746.41,1.4,13691.46,1.41,13707.58
2026-04-17 00:55:00,1.4,13658.95,1.43,13999.22,1.41,13741.09
2026-04-17 00:56:00,1.4,13680.16,1.41,13704.29,1.41,13721.4
2026-04-17 00:57:00,1.4,13582.71,1.41,13771.58,1.39,13547.61
2026-04-17 00:58:00,1.4,13685.36,1.41,13812.44,1.4,13608.29
2026-04-17 00:59:00,1.42,13841.13,1.41,13743.26,1.4,13684.91
2026-04-17 01:00:00,1.41,13730.75,1.41,13734.24,1.41,13770.93
2026-04-17 01:01:00,1.41,13802.46,1.4,13604.84,1.39,13491.78
2026-04-17 01:02:00,1.39,13577.33,1.41,13818.05,1.4,13586.47
2026-04-17 01:03:00,1.42,13875.57,1.43,13968.56,1.41,13767.28
2026-04-17 01:04:00,1.41,13732.24,1.41,13815.19,1.4,13604.68
2026-04-17 01:05:00,1.42,13836.04,1.4,13686.95,1.38,13404.64
2026-04-17 01:06:00,1.42,13826.17,1.44,14086.82,1.4,13652.61
2026-04-17 01:07:00,1.42,13922.46,1.43,13984.38,1.4,13597.1
2026-04-17 01:08:00,1.41,13714.08,1.43,14032.0,1.39,13494.31
2026-04-17 01:09:00,1.39,13563.49,1.43,13991.36,1.4,13676.11
2026-04-17 01:10:00,1.42,13837.52,1.42,13918.05,1.39,13500.92
2026-04-17 01:11:00,1.4,13628.35,1.42,13879.64,1.39,13531.68
2026-04-17 01:12:00,1.39,13494.3,1.42,13856.02,1.4,13633.9
2026-04-17 01:13:00,1.39,13536.63,1.43,13977.07,1.38,13415.39
2026-04-17 01:14:00,1.4,13692.78,1.43,14010.2,1.39,13505.73
2026-04-17 01:15:00,1.4,13606.78,1.41,13726.65,1.39,13496.78
2026-04-17 01:16:00,1.42,13857.57,1.43,13999.23,1.39,13533.1
2026-04-17 01:17:00,1.41,13792.52,1.41,13812.66,1.39,13515.33
2026-04-17 01:18:00,1.39,13545.83,1.43,13965.82,1.4,13666.82
2026-04-17 01:19:00,1.39,13550.54,1.43,14072.87,1.4,13644.95
2026-04-17 01:20:00,1.41,13778.79,1.42,13908.37,1.4,13608.86
2026-04-17 01:21:00,1.42,13865.08,1.43,14045.73,1.39,13460.72
2026-04-17 01:22:00,1.4,13654.12,1.42,13838.04,1.4,13658.81
2026-04-17 01:23:00,1.39,13523.18,1.41,13714.82,1.4,13694.71
2026-04-17 01:24:00,1.4,13693.72,1.42,13921.31,1.4,13601.16
2026-04-17 01:25:00,1.42,13848.4,1.43,13967.88,1.39,13532.9
2026-04-17 01:26:00,1.42,13929.87,1.4,13661.37,1.4,13651.34
2026-04-17 01:27:00,1.41,13717.7,1.41,13793.17,1.4,13605.87
2026-04-17 01:28:00,1.41,13786.76,1.41,13783.87,1.39,13567.51
2026-04-17 01:29:00,1.41,13784.67,1.41,13773.04,1.39,13459.54
2026-04-17 01:30:00,1.41,13724.51,1.42,13852.9,1.42,13877.93
2026-04-17 01:31:00,1.42,13902.23,1.43,14063.48,1.4,13630.95
2026-04-17 01:32:00,1.4,13610.8,1.42,13914.9,1.4,13679.98
2026-04-17 01:33:00,1.42,13863.64,1.44,14141.86,1.4,13701.87
2026-04-17 01:34:00,1.42,13925.6,1.43,14025.93,1.41,13769.2
2026-04-17 01:35:00,1.4,13612.3,1.42,13947.54,1.4,13598.77
2026-04-17 01:36:00,1.41,13735.43,1.44,14096.81,1.4,13615.31
2026-04-17 01:37:00,1.41,13745.47,1.42,13872.17,1.41,13807.92
2026-04-17 01:38:00,1.42,13914.76,1.43,13971.2,1.39,13575.93
2026-04-17 01:39:00,1.42,13842.0,1.41,13757.78,1.42,13842.29
2026-04-17 01:40:00,1.42,13843.43,1.42,13898.27,1.39,13491.2
2026-04-17 01:41:00,1.41,13761.81,1.41,13803.38,1.4,13631.83
2026-04-17 01:42:00,1.43,14000.17,1.41,13742.96,1.39,13464.56
2026-04-17 01:43:00,1.41,13748.88,1.41,13764.37,1.41,13721.12
2026-04-17 01:44:00,1.43,13960.95,1.44,14117.19,1.39,13487.1
2026-04-17 01:45:00,1.42,13924.0,1.42,13944.3,1.4,13657.53
2026-04-17 01:46:00,1.41,13727.2,1.42,13866.37,1.41,13816.88
2026-04-17 01:47:00,1.42,13840.61,1.41,13787.63,1.4,13597.23
2026-04-17 01:48:00,1.42,13879.29,1.42,13870.13,1.39,13534.56
2026-04-17 01:49:00,1.42,13877.17,1.44,14145.19,1.4,13586.11
2026-04-17 01:50:00,1.41,13773.3,1.44,14088.88,1.39,13482.98
2026-04-17 01:51:00,1.42,13893.1,1.41,13795.52,1.42,13864.37
2026-04-17 01:52:00,1.41,13806.34,1.42,13853.25,1.41,13727.34
2026-04-17 01:53:00,1.42,13828.32,1.43,14043.49,1.4,13681.35
2026-04-17 01:54:00,1.41,13794.66,1.43,13987.61,1.4,13655.89
2026-04-17 01:55:00,1.43,13961.0,1.42,13888.59,1.39,13537.31
2026-04-17 01:56:00,1.4,13641.56,1.42,13908.48,1.39,13555.09
2026-04-17 01:57:00,1.4,13614.38,1.44,14172.47,1.4,13594.52
2026-04-17 01:58:00,1.42,13835.89,1.42,13849.72,1.4,13698.43
2026-04-17 01:59:00,1.43,13977.2,1.43,14065.25,1.41,13825.23
2026-04-17 02:00:00,1.4,13670.81,1.43,14023.4,1.4,13597.52
2026-04-17 02:01:00,1.42,13905.67,1.41,13796.0,1.4,13660.83
2026-04-17 02:02:00,1.41,13748.35,1.43,13992.85,1.42,13884.58
2026-04-17 02:03:00,1.4,13617.42,1.42,13875.61,1.4,13606.79
2026-04-17 02:04:00,1.41,13801.84,1.43,14066.06,1.39,13575.26
2026-04-17 02:05:00,1.41,13703.06,1.41,13754.2,1.39,13507.06
2026-04-17 02:06:00,1.4,13645.97,1.42,13900.0,1.41,13714.64
2026-04-17 02:07:00,1.43,13994.3,1.42,13924.65,1.39,13483.81
2026-04-17 02:08:00,1.43,14020.39,1.44,14092.67,1.4,13617.87
2026-04-17 02:09:00,1.42,13831.12,1.44,14143.45,1.39,13528.39
2026-04-17 02:10:00,1.42,13906.94,1.43,13974.55,1.41,13778.57
2026-04-17 02:11:00,1.43,13987.58,1.44,14182.79,1.4,13672.89
2026-04-17 02:12:00,1.42,13908.7,1.45,14219.1,1.42,13919.25
2026-04-17 02:13:00,1.43,13950.98,1.44,14100.94,1.4,13637.67
2026-04-17 02:14:00,1.41,13722.51,1.42,13931.16,1.42,13918.51
2026-04-17 02:15:00,1.4,13663.28,1.42,13915.93,1.41,13714.45
2026-04-17 02:16:00,1.41,13723.79,1.44,14099.68,1.41,13824.36
2026-04-17 02:17:00,1.42,13905.98,1.42,13875.17,1.39,13510.55
2026-04-17 02:18:00,1.4,13621.34,1.42,13830.58,1.41,13738.69
2026-04-17 02:19:00,1.43,13991.44,1.43,13957.41,1.42,13862.42
2026-04-17 02:20:00,1.42,13944.92,1.43,14007.16,1.41,13755.09
2026-04-17 02:21:00,1.42,13849.94,1.41,13801.9,1.42,13858.45
2026-04-17 02:22:00,1.43,14020.95,1.43,14042.93,1.41,13738.03
2026-04-17 02:23:00,1.4,13696.76,1.42,13840.32,1.42,13913.13
2026-04-17 02:24:00,1.41,13783.24,1.43,14006.8,1.41,13760.55
2026-04-17 02:25:00,1.42,13914.44,1.44,14127.02,1.41,13715.16
2026-04-17 02:26:00,1.44,14078.11,1.43,14066.12,1.43,13969.54
2026-04-17 02:27:00,1.42,13843.45,1.43,14005.74,1.4,13586.07
2026-04-17 02:28:00,1.42,13919.2,1.41,13818.67,1.41,13783.89
2026-04-17 02:29:00,1.43,14029.88,1.42,13840.26,1.4,13619.02
2026-04-17 02:30:00,1.4,13669.21,1.44,14134.99,1.39,13557.27
2026-04-17 02:31:00,1.4,13672.93,1.43,14034.9,1.42,13866.01
2026-04-17 02:32:00,1.43,14062.72,1.43,14066.45,1.4,13668.01
2026-04-17 02:33:00,1.42,13876.62,1.42,13921.42,1.41,13825.14
2026-04-17 02:34:00,1.42,13827.31,1.43,13978.9,1.42,13892.0
2026-04-17 02:35:00,1.42,13834.72,1.43,13982.06,1.4,13587.46
2026-04-17 02:36:00,1.43,14035.37,1.42,13887.31,1.42,13895.02
2026-04-17 02:37:00,1.41,13706.84,1.43,14015.29,1.4,13638.21
2026-04-17 02:38:00,1.41,13734.91,1.45,14221.22,1.42,13842.25
2026-04-17 02:39:00,1.43,14019.18,1.43,14002.79,1.41,13799.17
2026-04-17 02:40:00,1.42,13891.8,1.42,13901.41,1.42,13869.17
2026-04-17 02:41:00,1.41,13797.79,1.42,13929.44,1.4,13639.33
2026-04-17 02:42:00,1.41,13728.91,1.44,14159.77,1.39,13531.1
2026-04-17 02:43:00,1.42,13837.23,1.42,13895.96,1.42,13881.52
2026-04-17 02:44:00,1.42,13937.02,1.43,13958.0,1.41,13731.15
2026-04-17 02:45:00,1.42,13904.38,1.42,13927.64,1.4,13630.26
2026-04-17 02:46:00,1.43,14000.64,1.44,14088.28,1.39,13550.88
2026-04-17 02:47:00,1.4,13698.95,1.42,13888.29,1.43,14011.2
2026-04-17 02:48:00,1.42,13947.89,1.43,13954.14,1.42,13858.34
2026-04-17 02:49:00,1.42,13918.61,1.43,14008.16,1.41,13790.57
2026-04-17 02:50:00,1.41,13740.52,1.44,14090.26,1.4,13606.74
2026-04-17 02:51:00,1.43,14039.12,1.42,13839.12,1.4,13649.39
2026-04-17 02:52:00,1.43,14056.15,1.43,14032.39,1.41,13806.69
2026-04-17 02:53:00,1.43,14071.62,1.42,13873.09,1.41,13774.67
2026-04-17 02:54:00,1.42,13858.99,1.44,14180.53,1.43,13983.99
2026-04-17 02:55:00,1.4,13671.04,1.43,13981.08,1.41,13776.84
2026-04-17 02:56:00,1.41,13794.0,1.43,14070.03,1.42,13910.77
2026-04-17 02:57:00,1.43,13977.91,1.43,13991.23,1.4,13593.18
2026-04-17 02:58:00,1.42,13860.54,1.44,14126.83,1.42,13932.25
2026-04-17 02:59:00,1.41,13746.27,1.44,14178.12,1.41,13803.82
2026-04-17 03:00:00,1.42,13935.55,1.44,14146.9,1.41,13788.04
2026-04-17 03:01:00,1.41,13800.43,1.45,14300.66,1.43,14005.01
2026-04-17 03:02:00,1.4,13701.22,1.44,14170.52,1.43,13983.11
2026-04-17 03:03:00,1.43,14064.55,1.43,13984.87,1.39,13567.71
2026-04-17 03:04:00,1.42,13880.0,1.45,14244.74,1.42,13868.28
2026-04-17 03:05:00,1.44,14107.49,1.45,14227.85,1.42,13949.25
2026-04-17 03:06:00,1.42,13904.6,1.44,14170.48,1.42,13904.42
2026-04-17 03:07:00,1.43,13991.22,1.43,14049.55,1.4,13663.6
2026-04-17 03:08:00,1.41,13799.06,1.43,14061.37,1.43,14007.56
2026-04-17 03:09:00,1.43,13982.69,1.45,14269.59,1.4,13674.28
2026-04-17 03:10:00,1.41,13817.54,1.44,14083.06,1.4,13602.31
2026-04-17 03:11:00,1.41,13742.61,1.42,13913.17,1.43,13981.58
2026-04-17 03:12:00,1.44,14115.48,1.43,14047.0,1.41,13785.75
2026-04-17 03:13:00,1.41,13713.84,1.45,14219.82,1.43,13981.08
2026-04-17 03:14:00,1.43,13989.23,1.42,13941.31,1.43,14043.39
2026-04-17 03:15:00,1.44,14074.71,1.43,13981.49,1.43,14029.83
2026-04-17 03:16:00,1.42,13873.15,1.44,14185.76,1.41,13800.39
2026-04-17 03:17:00,1.44,14121.57,1.42,13917.82,1.43,13994.29
2026-04-17 03:18:00,1.42,13843.66,1.45,14214.91,1.4,13698.59
2026-04-17 03:19:00,1.41,13729.87,1.45,14220.28,1.4,13691.42
2026-04-17 03:20:00,1.43,13983.14,1.44,14157.56,1.41,13758.59
2026-04-17 03:21:00,1.41,13727.75,1.44,14124.37,1.41,13770.46
2026-04-17 03:22:00,1.41,13783.73,1.43,14066.29,1.41,13719.73
2026-04-17 03:23:00,1.43,13993.66,1.44,14090.99,1.43,13997.87
2026-04-17 03:24:00,1.43,14040.63,1.44,14110.54,1.41,13709.38
2026-04-17 03:25:00,1.41,13787.76,1.43,14047.89,1.44,14102.48
2026-04-17 03:26:00,1.43,13957.76,1.45,14231.27,1.43,14072.85
2026-04-17 03:27:00,1.42,13862.76,1.44,14143.76,1.41,13705.66
2026-04-17 03:28:00,1.44,14142.68,1.44,14106.18,1.43,14017.67
2026-04-17 03:29:00,1.43,14042.14,1.46,14325.43,1.41,13725.35
2026-04-17 03:30:00,1.44,14141.15,1.44,14094.29,1.43,13979.75
2026-04-17 03:31:00,1.43,14022.63,1.43,13997.0,1.42,13916.98
2026-04-17 03:32:00,1.43,14009.11,1.45,14210.92,1.43,14027.3
2026-04-17 03:33:00,1.44,14195.12,1.45,14251.35,1.43,13953.7
2026-04-17 03:34:00,1.45,14203.7,1.45,14235.46,1.43,13964.86
2026-04-17 03:35:00,1.42,13875.54,1.46,14322.36,1.41,13790.89
2026-04-17 03:36:00,1.44,14097.63,1.45,14263.44,1.43,14056.72
2026-04-17 03:37:00,1.43,14010.06,1.44,14161.74,1.41,13786.2
2026-04-17 03:38:00,1.44,14139.66,1.43,14048.75,1.42,13893.12
2026-04-17 03:39:00,1.43,14051.88,1.46,14328.99,1.43,13972.44
2026-04-17 03:40:00,1.43,14062.69,1.44,14096.52,1.43,14020.1
2026-04-17 03:41:00,1.44,14179.35,1.43,13994.45,1.43,14041.32
2026-04-17 03:42:00,1.43,14008.81,1.44,14118.07,1.42,13875.91
2026-04-17 03:43:00,1.45,14202.25,1.44,14109.69,1.43,14013.96
2026-04-17 03:44:00,1.41,13814.58,1.45,14257.74,1.43,13985.35
2026-04-17 03:45:00,1.42,13939.1,1.43,14053.87,1.43,13955.03
2026-04-17 03:46:00,1.43,13957.27,1.44,14130.03,1.42,13945.93
2026-04-17 03:47:00,1.42,13850.16,1.44,14186.97,1.43,13965.88
2026-04-17 03:48:00,1.44,14125.91,1.44,14179.95,1.44,14100.58
2026-04-17 03:49:00,1.42,13860.33,1.45,14254.58,1.4,13671.64
2026-04-17 03:50:00,1.44,14194.3,1.42,13941.9,1.41,13777.67
2026-04-17 03:51:00,1.44,14179.94,1.45,14243.55,1.41,13794.02
2026-04-17 03:52:00,1.42,13858.66,1.43,14025.92,1.42,13834.73
2026-04-17 03:53:00,1.44,14086.34,1.43,13988.23,1.41,13755.33
2026-04-17 03:54:00,1.44,14137.1,1.45,14220.25,1.44,14079.16
2026-04-17 03:55:00,1.43,13991.75,1.43,14013.93,1.44,14146.14
2026-04-17 03:56:00,1.45,14208.88,1.44,14149.2,1.43,14056.69
2026-04-17 03:57:00,1.42,13917.56,1.43,14048.78,1.44,14102.88
2026-04-17 03:58:00,1.44,14109.62,1.44,14195.77,1.42,13847.24
2026-04-17 03:59:00,1.43,14021.28,1.43,13992.93,1.44,14134.77
2026-04-17 04:00:00,1.44,14158.53,1.43,14032.87,1.43,14011.51
2026-04-17 04:01:00,1.43,13957.27,1.43,14025.67,1.44,14099.51
2026-04-17 04:02:00,1.41,13821.22,1.43,14060.93,1.43,13994.94
2026-04-17 04:03:00,1.43,13989.46,1.46,14389.71,1.41,13786.17
2026-04-17 04:04:00,1.43,13978.64,1.43,14068.11,1.42,13923.88
2026-04-17 04:05:00,1.43,14059.72,1.43,14054.54,1.43,14060.67
2026-04-17 04:06:00,1.45,14234.81,1.44,14162.5,1.41,13760.21
2026-04-17 04:07:00,1.44,14100.04,1.44,14142.97,1.43,14003.56
2026-04-17 04:08:00,1.42,13890.17,1.44,14089.86,1.43,14027.92
2026-04-17 04:09:00,1.44,14120.06,1.46,14441.58,1.43,14040.91
2026-04-17 04:10:00,1.44,14156.73,1.45,14256.97,1.43,14064.66
2026-04-17 04:11:00,1.44,14160.39,1.43,14000.86,1.43,13994.54
2026-04-17 04:12:00,1.43,13994.8,1.43,14027.04,1.43,14044.74
2026-04-17 04:13:00,1.44,14159.54,1.46,14379.18,1.43,14002.42
2026-04-17 04:14:00,1.43,14064.65,1.45,14238.59,1.42,13854.23
2026-04-17 04:15:00,1.43,13950.91,1.44,14115.9,1.41,13812.6
2026-04-17 04:16:00,1.44,14080.21,1.46,14417.26,1.41,13723.16
2026-04-17 04:17:00,1.43,13985.88,1.44,14196.23,1.43,13996.3
2026-04-17 04:18:00,1.44,14139.67,1.45,14255.08,1.44,14102.31
2026-04-17 04:19:00,1.44,14179.4,1.46,14423.34,1.44,14093.85
2026-04-17 04:20:00,1.43,14027.95,1.45,14262.38,1.43,14035.53
2026-04-17 04:21:00,1.42,13869.65,1.46,14362.16,1.44,14158.17
2026-04-17 04:22:00,1.43,13974.19,1.44,14075.77,1.44,14158.64
2026-04-17 04:23:00,1.43,14023.64,1.44,14190.22,1.43,14035.0
2026-04-17 04:24:00,1.43,14000.6,1.45,14248.96,1.44,14118.9
2026-04-17 04:25:00,1.45,14305.69,1.45,14246.37,1.42,13886.48
2026-04-17 04:26:00,1.42,13942.47,1.47,14479.53,1.41,13801.6
2026-04-17 04:27:00,1.45,14282.78,1.45,14229.92,1.42,13836.84
2026-04-17 04:28:00,1.45,14242.01,1.46,14343.65,1.42,13887.38
2026-04-17 04:29:00,1.43,14043.12,1.46,14338.94,1.43,13969.26
2026-04-17 04:30:00,1.44,14126.57,1.44,14090.33,1.42,13855.04
2026-04-17 04:31:00,1.44,14117.43,1.45,14296.21,1.42,13867.51
2026-04-17 04:32:00,1.43,14020.36,1.45,14291.14,1.45,14220.59
2026-04-17 04:33:00,1.42,13875.77,1.44,14182.01,1.42,13852.71
2026-04-17 04:34:00,1.43,14051.6,1.45,14296.88,1.43,14009.58
2026-04-17 04:35:00,1.42,13935.58,1.44,14093.21,1.43,13958.68
2026-04-17 04:36:00,1.45,14306.48,1.46,14384.19,1.43,14026.66
2026-04-17 04:37:00,1.44,14132.64,1.46,14350.08,1.44,14076.72
2026-04-17 04:38:00,1.45,14268.69,1.46,14354.76,1.43,14062.29
2026-04-17 04:39:00,1.44,14131.12,1.45,14231.15,1.43,14051.29
2026-04-17 04:40:00,1.43,14018.63,1.46,14404.96,1.42,13888.34
2026-04-17 04:41:00,1.45,14304.8,1.45,14227.07,1.42,13946.21
2026-04-17 04:42:00,1.44,14128.89,1.46,14385.77,1.42,13864.83
2026-04-17 04:43:00,1.43,13951.12,1.44,14173.56,1.44,14117.88
2026-04-17 04:44:00,1.42,13886.57,1.44,14096.79,1.42,13889.33
2026-04-17 04:45:00,1.45,14213.26,1.46,14383.3,1.43,14003.71
2026-04-17 04:46:00,1.45,14216.0,1.47,14453.12,1.43,13984.25
2026-04-17 04:47:00,1.44,14186.64,1.46,14421.0,1.42,13830.25
2026-04-17 04:48:00,1.45,14210.91,1.46,14369.05,1.43,13952.68
2026-04-17 04:49:00,1.45,14291.39,1.46,14425.06,1.45,14199.73
2026-04-17 04:50:00,1.44,14115.07,1.44,14153.09,1.44,14098.97
2026-04-17 04:51:00,1.46,14351.6,1.46,14415.92,1.44,14139.66
2026-04-17 04:52:00,1.44,14154.67,1.45,14290.06,1.41,13794.75
2026-04-17 04:53:00,1.44,14131.81,1.43,14069.23,1.43,13975.08
2026-04-17 04:54:00,1.45,14285.68,1.46,14382.31,1.44,14140.16
2026-04-17 04:55:00,1.45,14292.11,1.47,14469.31,1.43,13995.81
2026-04-17 04:56:00,1.43,14070.34,1.45,14233.52,1.43,13984.88
2026-04-17 04:57:00,1.44,14095.89,1.45,14319.31,1.43,13995.93
2026-04-17 04:58:00,1.44,14183.15,1.45,14298.17,1.45,14203.97
2026-04-17 04:59:00,1.45,14269.12,1.47,14553.77,1.42,13948.22
2026-04-17 05:00:00,1.45,14272.5,1.47,14512.57,1.43,13967.24
2026-04-17 05:01:00,1.45,14204.3,1.45,14275.11,1.45,14284.53
2026-04-17 05:02:00,1.46,14375.78,1.47,14450.5,1.44,14195.74
2026-04-17 05:03:00,1.45,14285.94,1.45,14212.61,1.42,13946.85
2026-04-17 05:04:00,1.45,14201.81,1.44,14113.65,1.43,13951.03
2026-04-17 05:05:00,1.45,14244.35,1.46,14336.79,1.44,14074.33
2026-04-17 05:06:00,1.44,14080.43,1.47,14486.63,1.45,14251.53
2026-04-17 05:07:00,1.45,14308.14,1.46,14386.29,1.44,14089.32
2026-04-17 05:08:00,1.45,14291.42,1.45,14202.57,1.43,13978.69
2026-04-17 05:09:00,1.43,14019.94,1.47,14454.87,1.44,14163.08
2026-04-17 05:10:00,1.46,14365.87,1.47,14464.73,1.43,14023.18
2026-04-17 05:11:00,1.46,14412.45,1.46,14344.11,1.42,13928.21
2026-04-17 05:12:00,1.43,14060.19,1.46,14361.66,1.43,13982.22
2026-04-17 05:13:00,1.45,14311.31,1.44,14101.97,1.44,14120.06
2026-04-17 05:14:00,1.46,14433.05,1.47,14549.42,1.43,13965.65
2026-04-17 05:15:00,1.45,14219.71,1.47,14451.17,1.43,13956.27
2026-04-17 05:16:00,1.46,14389.97,1.46,14415.5,1.44,14144.09
2026-04-17 05:17:00,1.45,14301.93,1.45,14230.15,1.45,14226.04
2026-04-17 05:18:00,1.46,14372.71,1.46,14348.28,1.44,14155.18
2026-04-17 05:19:00,1.45,14279.46,1.45,14239.47,1.43,14024.11
2026-04-17 05:20:00,1.45,14302.04,1.44,14194.75,1.44,14178.96
2026-04-17 05:21:00,1.44,14177.94,1.45,14278.21,1.43,13987.6
2026-04-17 05:22:00,1.44,14153.55,1.46,14444.78,1.43,14060.68
2026-04-17 05:23:00,1.46,14398.61,1.46,14436.68,1.45,14254.96
2026-04-17 05:24:00,1.46,14440.19,1.45,14208.83,1.44,14124.79
2026-04-17 05:25:00,1.44,14084.37,1.46,14393.72,1.44,14176.26
2026-04-17 05:26:00,1.43,14006.05,1.45,14254.21,1.42,13918.54
2026-04-17 05:27:00,1.45,14291.81,1.45,14200.16,1.43,14069.61
2026-04-17 05:28:00,1.45,14198.54,1.46,14325.97,1.44,14170.27
2026-04-17 05:29:00,1.46,14382.63,1.48,14576.98,1.43,14027.47
2026-04-17 05:30:00,1.44,14189.03,1.46,14432.18,1.43,13956.38
2026-04-17 05:31:00,1.44,14089.87,1.44,14148.77,1.42,13926.66
2026-04-17 05:32:00,1.45,14203.09,1.47,14488.34,1.42,13886.1
2026-04-17 05:33:00,1.44,14157.03,1.47,14514.04,1.43,13965.56
2026-04-17 05:34:00,1.43,14026.58,1.46,14327.81,1.43,14059.52
2026-04-17 05:35:00,1.47,14451.19,1.46,14442.64,1.45,14203.08
2026-04-17 05:36:00,1.44,14097.18,1.45,14295.3,1.43,13958.47
2026-04-17 05:37:00,1.45,14252.91,1.47,14546.83,1.43,14038.83
2026-04-17 05:38:00,1.45,14241.33,1.45,14213.19,1.46,14338.8
2026-04-17 05:39:00,1.46,14323.18,1.45,14314.37,1.44,14108.48
2026-04-17 05:40:00,1.44,14088.07,1.45,14277.07,1.45,14241.1
2026-04-17 05:41:00,1.44,14138.38,1.46,14377.95,1.44,14096.92
2026-04-17 05:42:00,1.45,14247.61,1.47,14510.77,1.45,14226.8
2026-04-17 05:43:00,1.44,14086.89,1.48,14618.83,1.44,14150.07
2026-04-17 05:44:00,1.46,14344.97,1.46,14430.99,1.45,14260.87
2026-04-17 05:45:00,1.45,14218.58,1.47,14507.44,1.46,14369.1
2026-04-17 05:46:00,1.45,14252.32,1.47,14452.29,1.44,14151.78
2026-04-17 05:47:00,1.44,14141.75,1.45,14265.29,1.43,13957.06
2026-04-17 05:48:00,1.46,14391.41,1.47,14552.35,1.44,14183.92
2026-04-17 05:49:00,1.44,14081.38,1.45,14268.05,1.42,13938.6
2026-04-17 05:50:00,1.45,14220.95,1.45,14216.54,1.43,13979.1
2026-04-17 05:51:00,1.46,14372.05,1.47,14563.31,1.45,14238.29
2026-04-17 05:52:00,1.46,14337.75,1.48,14628.93,1.44,14156.67
2026-04-17 05:53:00,1.46,14393.29,1.46,14378.45,1.45,14283.33
2026-04-17 05:54:00,1.44,14088.61,1.48,14590.4,1.45,14212.1
2026-04-17 05:55:00,1.44,14176.01,1.45,14210.6,1.44,14179.37
2026-04-17 05:56:00,1.46,14333.6,1.48,14591.19,1.45,14297.26
2026-04-17 05:57:00,1.44,14113.5,1.47,14531.33,1.45,14216.53
2026-04-17 05:58:00,1.44,14150.27,1.46,14404.55,1.43,13950.11
2026-04-17 05:59:00,1.45,14238.77,1.46,14416.69,1.45,14242.2
2026-04-17 06:00:00,1.45,14280.05,1.46,14418.16,1.43,13953.31
2026-04-17 06:01:00,1.46,14404.94,1.45,14300.46,1.46,14393.92
2026-04-17 06:02:00,1.44,14146.42,1.46,14415.06,1.43,14062.3
2026-04-17 06:03:00,1.46,14441.02,1.47,14446.52,1.45,14232.7
2026-04-17 06:04:00,1.45,14211.6,1.47,14517.42,1.44,14108.95
2026-04-17 06:05:00,1.46,14344.03,1.47,14466.87,1.44,14159.74
2026-04-17 06:06:00,1.46,14335.95,1.45,14318.81,1.43,14016.57
2026-04-17 06:07:00,1.46,14413.67,1.47,14535.38,1.44,14102.31
2026-04-17 06:08:00,1.44,14169.52,1.47,14557.94,1.43,13970.89
2026-04-17 06:09:00,1.46,14400.2,1.45,14210.63,1.45,14309.91
2026-04-17 06:10:00,1.45,14242.95,1.47,14479.53,1.46,14342.17
2026-04-17 06:11:00,1.44,14162.29,1.45,14284.95,1.44,14074.19
2026-04-17 06:12:00,1.45,14212.38,1.47,14446.65,1.45,14238.99
2026-04-17 06:13:00,1.47,14485.13,1.45,14290.89,1.46,14399.39
2026-04-17 06:14:00,1.44,14162.28,1.47,14479.69,1.43,13980.31
2026-04-17 06:15:00,1.46,14343.21,1.47,14458.61,1.43,13992.51
2026-04-17 06:16:00,1.46,14322.7,1.47,14519.52,1.45,14291.69
2026-04-17 06:17:00,1.44,14193.38,1.47,14476.7,1.44,14162.08
2026-04-17 06:18:00,1.46,14421.04,1.46,14339.32,1.43,14057.88
2026-04-17 06:19:00,1.44,14189.7,1.47,14453.27,1.45,14232.76
2026-04-17 06:20:00,1.44,14160.8,1.46,14437.31,1.43,13951.31
2026-04-17 06:21:00,1.45,14240.1,1.47,14483.64,1.46,14362.87
2026-04-17 06:22:00,1.46,14374.59,1.46,14345.87,1.44,14108.87
2026-04-17 06:23:00,1.46,14358.32,1.48,14604.04,1.45,14291.2
2026-04-17 06:24:00,1.46,14434.67,1.46,14383.25,1.45,14236.87
2026-04-17 06:25:00,1.47,14541.08,1.47,14567.73,1.45,14310.01
2026-04-17 06:26:00,1.45,14304.18,1.47,14560.84,1.45,14255.07
2026-04-17 06:27:00,1.45,14234.78,1.46,14348.07,1.44,14074.4
2026-04-17 06:28:00,1.47,14558.88,1.48,14602.18,1.46,14358.99
2026-04-17 06:29:00,1.46,14352.66,1.47,14514.32,1.44,14190.93
2026-04-17 06:30:00,1.47,14476.79,1.48,14631.08,1.45,14205.23
2026-04-17 06:31:00,1.47,14491.22,1.47,14563.0,1.45,14223.59
2026-04-17 06:32:00,1.47,14494.02,1.47,14489.85,1.43,14021.05
2026-04-17 06:33:00,1.45,14285.83,1.47,14465.26,1.44,14144.58
2026-04-17 06:34:00,1.46,14330.13,1.48,14625.04,1.44,14168.26
2026-04-17 06:35:00,1.44,14143.96,1.46,14380.97,1.45,14269.77
2026-04-17 06:36:00,1.45,14297.29,1.46,14425.74,1.44,14078.94
2026-04-17 06:37:00,1.46,14357.24,1.46,14360.51,1.43,14069.04
2026-04-17 06:38:00,1.46,14324.37,1.46,14326.84,1.44,14194.37
2026-04-17 06:39:00,1.46,14372.64,1.49,14710.08,1.44,14090.2
2026-04-17 06:40:00,1.45,14286.03,1.47,14475.92,1.44,14152.0
2026-04-17 06:41:00,1.46,14365.79,1.48,14601.19,1.46,14347.21
2026-04-17 06:42:00,1.47,14518.44,1.46,14400.62,1.44,14132.21
2026-04-17 06:43:00,1.48,14571.36,1.48,14659.39,1.46,14380.1
2026-04-17 06:44:00,1.47,14545.07,1.47,14568.0,1.45,14274.58
2026-04-17 06:45:00,1.47,14553.12,1.46,14324.08,1.46,14342.94
2026-04-17 06:46:00,1.47,14555.1,1.48,14603.84,1.44,14123.22
2026-04-17 06:47:00,1.45,14212.48,1.47,14469.14,1.46,14394.53
2026-04-17 06:48:00,1.47,14507.34,1.48,14653.6,1.45,14225.84
2026-04-17 06:49:00,1.46,14385.18,1.48,14651.04,1.44,14142.98
2026-04-17 06:50:00,1.45,14240.96,1.49,14719.87,1.46,14445.4
2026-04-17 06:51:00,1.47,14446.21,1.47,14550.34,1.45,14232.78
2026-04-17 06:52:00,1.45,14290.17,1.47,14496.53,1.43,14061.41
2026-04-17 06:53:00,1.45,14235.06,1.49,14778.17,1.46,14323.97
2026-04-17 06:54:00,1.45,14317.55,1.49,14743.0,1.47,14463.52
2026-04-17 06:55:00,1.47,14461.62,1.49,14807.0,1.45,14283.95
2026-04-17 06:56:00,1.47,14568.48,1.45,14304.95,1.45,14228.96
2026-04-17 06:57:00,1.45,14285.1,1.48,14585.53,1.46,14386.38
2026-04-17 06:58:00,1.45,14273.96,1.49,14750.91,1.46,14373.46
2026-04-17 06:59:00,1.45,14285.2,1.48,14668.68,1.47,14467.76
2026-04-17 07:00:00,1.47,14455.35,1.46,14398.77,1.44,14178.27
2026-04-17 07:01:00,1.45,14316.6,1.46,14408.1,1.44,14174.75
2026-04-17 07:02:00,1.45,14277.87,1.48,14665.2,1.47,14486.68
2026-04-17 07:03:00,1.47,14543.14,1.47,14537.08,1.44,14193.01
2026-04-17 07:04:00,1.47,14565.5,1.49,14749.75,1.44,14135.07
2026-04-17 07:05:00,1.45,14308.13,1.48,14594.85,1.45,14317.33
2026-04-17 07:06:00,1.47,14482.24,1.47,14477.7,1.46,14360.13
2026-04-17 07:07:00,1.47,14471.85,1.47,14561.38,1.45,14217.6
2026-04-17 07:08:00,1.47,14521.96,1.49,14724.27,1.47,14469.9
2026-04-17 07:09:00,1.45,14245.52,1.49,14804.76,1.45,14315.77
2026-04-17 07:10:00,1.46,14348.79,1.49,14793.09,1.46,14341.41
2026-04-17 07:11:00,1.48,14619.05,1.48,14657.47,1.45,14271.98
2026-04-17 07:12:00,1.47,14514.34,1.47,14522.68,1.44,14188.45
2026-04-17 07:13:00,1.45,14219.55,1.48,14687.45,1.46,14363.71
2026-04-17 07:14:00,1.46,14443.72,1.48,14659.8,1.47,14458.98
2026-04-17 07:15:00,1.45,14300.45,1.47,14525.5,1.45,14253.51
2026-04-17 07:16:00,1.48,14646.51,1.47,14568.99,1.47,14526.87
2026-04-17 07:17:00,1.47,14526.54,1.46,14428.1,1.45,14218.42
2026-04-17 07:18:00,1.45,14278.98,1.49,14804.09,1.46,14378.93
2026-04-17 07:19:00,1.46,14372.55,1.48,14688.78,1.46,14365.58
2026-04-17 07:20:00,1.46,14336.81,1.47,14563.56,1.47,14479.48
2026-04-17 07:21:00,1.47,14532.08,1.47,14518.94,1.45,14208.59
2026-04-17 07:22:00,1.48,14638.16,1.48,14591.34,1.46,14397.92
2026-04-17 07:23:00,1.46,14360.04,1.47,14545.04,1.45,14252.57
2026-04-17 07:24:00,1.47,14543.19,1.48,14693.57,1.44,14174.14
2026-04-17 07:25:00,1.48,14632.34,1.49,14765.02,1.44,14164.11
2026-04-17 07:26:00,1.48,14616.74,1.47,14515.21,1.47,14513.15
2026-04-17 07:27:00,1.48,14575.69,1.47,14493.91,1.46,14357.43
2026-04-17 07:28:00,1.46,14395.14,1.46,14427.54,1.47,14545.81
2026-04-17 07:29:00,1.48,14644.49,1.48,14661.9,1.47,14488.09
2026-04-17 07:30:00,1.47,14499.56,1.48,14594.27,1.47,14492.23
2026-04-17 07:31:00,1.45,14299.2,1.47,14535.39,1.47,14541.18
2026-04-17 07:32:00,1.47,14462.13,1.47,14510.14,1.46,14357.62
2026-04-17 07:33:00,1.47,14530.07,1.48,14649.43,1.46,14353.33
2026-04-17 07:34:00,1.45,14282.77,1.47,14553.83,1.46,14403.88
2026-04-17 07:35:00,1.46,14426.05,1.48,14679.08,1.44,14184.22
2026-04-17 07:36:00,1.46,14422.57,1.48,14631.8,1.44,14128.32
2026-04-17 07:37:00,1.47,14544.68,1.5,14834.63,1.44,14116.12
2026-04-17 07:38:00,1.48,14575.86,1.47,14475.73,1.44,14178.2
2026-04-17 07:39:00,1.46,14423.6,1.47,14474.3,1.46,14431.8
2026-04-17 07:40:00,1.45,14299.94,1.49,14815.9,1.45,14237.62
2026-04-17 07:41:00,1.48,14601.74,1.47,14545.05,1.46,14418.76
2026-04-17 07:42:00,1.46,14368.6,1.46,14430.64,1.46,14326.71
2026-04-17 07:43:00,1.47,14545.56,1.49,14733.76,1.47,14526.08
2026-04-17 07:44:00,1.47,14495.67,1.48,14677.27,1.46,14353.29
2026-04-17 07:45:00,1.46,14431.57,1.49,14714.55,1.46,14413.53
2026-04-17 07:46:00,1.47,14450.43,1.48,14624.63,1.47,14561.45
2026-04-17 07:47:00,1.47,14535.27,1.5,14860.33,1.45,14253.28
2026-04-17 07:48:00,1.48,14636.08,1.5,14883.64,1.48,14576.52
2026-04-17 07:49:00,1.47,14564.33,1.49,14729.32,1.46,14405.47
2026-04-17 07:50:00,1.46,14327.63,1.47,14494.52,1.47,14558.12
2026-04-17 07:51:00,1.48,14578.63,1.46,14432.07,1.47,14526.46
2026-04-17 07:52:00,1.47,14484.11,1.48,14687.31,1.45,14259.91
2026-04-17 07:53:00,1.48,14592.7,1.5,14826.24,1.47,14506.1
2026-04-17 07:54:00,1.46,14421.02,1.47,14448.21,1.48,14641.23
2026-04-17 07:55:00,1.46,14443.37,1.47,14489.11,1.47,14484.18
2026-04-17 07:56:00,1.48,14607.1,1.46,14429.75,1.45,14276.72
2026-04-17 07:57:00,1.49,14697.63,1.48,14639.14,1.45,14249.98
2026-04-17 07:58:00,1.47,14446.04,1.49,14738.44,1.47,14546.78
2026-04-17 07:59:00,1.46,14376.9,1.5,14825.43,1.45,14231.63
2026-04-17 08:00:00,1.45,14313.99,1.49,14759.91,1.47,14495.03
2026-04-17 08:01:00,1.47,14485.2,1.5,14861.26,1.46,14392.59
2026-04-17 08:02:00,1.45,14310.32,1.49,14806.84,1.47,14529.06
2026-04-17 08:03:00,1.47,14488.87,1.47,14514.34,1.47,14508.51
2026-04-17 08:04:00,1.45,14316.25,1.47,14492.12,1.47,14465.87
2026-04-17 08:05:00,1.46,14323.65,1.47,14512.43,1.45,14282.08
2026-04-17 08:06:00,1.48,14631.37,1.47,14491.39,1.46,14384.07
2026-04-17 08:07:00,1.47,14475.61,1.49,14788.97,1.45,14258.38
2026-04-17 08:08:00,1.48,14652.47,1.47,14449.76,1.47,14461.83
2026-04-17 08:09:00,1.47,14500.05,1.49,14801.0,1.46,14360.94
2026-04-17 08:10:00,1.49,14694.44,1.49,14747.2,1.48,14682.87
2026-04-17 08:11:00,1.48,14656.6,1.47,14503.24,1.45,14228.78
2026-04-17 08:12:00,1.48,14670.16,1.47,14478.44,1.47,14455.66
2026-04-17 08:13:00,1.46,14439.39,1.5,14821.64,1.47,14553.04
2026-04-17 08:14:00,1.46,14381.16,1.48,14635.26,1.45,14315.08
2026-04-17 08:15:00,1.46,14345.82,1.48,14597.01,1.47,14534.04
2026-04-17 08:16:00,1.49,14696.75,1.48,14657.38,1.46,14409.17
2026-04-17 08:17:00,1.47,14511.43,1.5,14875.83,1.45,14300.02
2026-04-17 08:18:00,1.49,14721.25,1.5,14911.83,1.45,14270.54
2026-04-17 08:19:00,1.49,14739.13,1.49,14810.93,1.48,14634.54
2026-04-17 08:20:00,1.49,14817.88,1.5,14938.98,1.47,14462.26
2026-04-17 08:21:00,1.48,14639.23,1.48,14666.12,1.45,14243.2
2026-04-17 08:22:00,1.47,14512.22,1.5,14923.45,1.46,14412.46
2026-04-17 08:23:00,1.48,14690.13,1.49,14807.75,1.46,14384.65
2026-04-17 08:24:00,1.46,14417.33,1.48,14681.52,1.45,14244.76
2026-04-17 08:25:00,1.49,14730.52,1.47,14515.19,1.45,14315.57
2026-04-17 08:26:00,1.46,14403.15,1.5,14819.84,1.47,14468.54
2026-04-17 08:27:00,1.47,14502.17,1.49,14817.15,1.47,14524.94
2026-04-17 08:28:00,1.47,14449.73,1.5,14865.12,1.46,14419.58
2026-04-17 08:29:00,1.49,14716.43,1.49,14768.12,1.47,14546.12
2026-04-17 08:30:00,1.47,14488.83,1.48,14688.28,1.46,14364.21
2026-04-17 08:31:00,1.49,14802.34,1.5,14905.32,1.48,14648.3
2026-04-17 08:32:00,1.47,14464.93,1.49,14708.98,1.48,14648.61
2026-04-17 08:33:00,1.48,14573.21,1.49,14779.53,1.45,14288.49
2026-04-17 08:34:00,1.46,14354.74,1.48,14598.87,1.46,14392.47
2026-04-17 08:35:00,1.48,14587.75,1.49,14773.77,1.48,14641.56
2026-04-17 08:36:00,1.47,14546.53,1.47,14516.09,1.46,14351.94
2026-04-17 08:37:00,1.47,14495.39,1.49,14710.73,1.45,14297.9
2026-04-17 08:38:00,1.47,14512.82,1.48,14603.76,1.46,14328.98
2026-04-17 08:39:00,1.48,14578.14,1.5,14862.89,1.48,14607.64
2026-04-17 08:40:00,1.46,14418.97,1.47,14564.0,1.49,14699.59
2026-04-17 08:41:00,1.49,14727.22,1.49,14728.13,1.47,14544.44
2026-04-17 08:42:00,1.47,14516.96,1.49,14801.94,1.46,14397.13
2026-04-17 08:43:00,1.49,14714.13,1.48,14646.76,1.46,14416.86
2026-04-17 08:44:00,1.49,14766.97,1.48,14636.49,1.49,14733.3
2026-04-17 08:45:00,1.47,14517.69,1.5,14853.6,1.47,14460.83
2026-04-17 08:46:00,1.49,14751.97,1.49,14716.81,1.46,14329.85
2026-04-17 08:47:00,1.49,14729.42,1.51,14982.18,1.46,14338.22
2026-04-17 08:48:00,1.46,14436.62,1.49,14808.15,1.47,14462.47
2026-04-17 08:49:00,1.46,14415.84,1.51,14974.99,1.47,14513.42
2026-04-17 08:50:00,1.47,14523.64,1.48,14639.98,1.48,14582.1
2026-04-17 08:51:00,1.48,14693.35,1.49,14784.28,1.48,14599.63
2026-04-17 08:52:00,1.46,14441.17,1.49,14799.32,1.48,14674.35
2026-04-17 08:53:00,1.48,14604.14,1.49,14758.29,1.46,14442.58
2026-04-17 08:54:00,1.49,14702.05,1.48,14683.07,1.46,14379.22
2026-04-17 08:55:00,1.5,14841.25,1.5,14874.18,1.47,14562.45
2026-04-17 08:56:00,1.48,14635.33,1.5,14885.89,1.48,14640.24
2026-04-17 08:57:00,1.49,14782.06,1.49,14700.34,1.48,14617.12
2026-04-17 08:58:00,1.47,14526.82,1.48,14627.84,1.48,14637.89
2026-04-17 08:59:00,1.49,14712.35,1.49,14758.62,1.46,14326.34
2026-04-17 09:00:00,1.46,14419.05,1.51,15021.74,1.49,14712.78
2026-04-17 09:01:00,1.47,14502.9,1.48,14643.45,1.48,14587.07
2026-04-17 09:02:00,1.49,14714.4,1.48,14636.99,1.46,14350.16
2026-04-17 09:03:00,1.47,14494.49,1.48,14625.81,1.48,14639.72
2026-04-17 09:04:00,1.49,14764.55,1.5,14835.96,1.45,14302.64
2026-04-17 09:05:00,1.49,14721.14,1.48,14656.74,1.47,14453.24
2026-04-17 09:06:00,1.48,14676.38,1.5,14883.32,1.49,14726.64
2026-04-17 09:07:00,1.5,14822.12,1.49,14695.93,1.48,14657.85
2026-04-17 09:08:00,1.47,14534.89,1.5,14907.66,1.47,14448.05
2026-04-17 09:09:00,1.49,14808.95,1.51,15020.92,1.46,14381.12
2026-04-17 09:10:00,1.47,14519.65,1.49,14785.19,1.47,14499.68
2026-04-17 09:11:00,1.5,14843.34,1.49,14725.86,1.47,14489.04
2026-04-17 09:12:00,1.47,14561.9,1.5,14869.09,1.46,14365.44
2026-04-17 09:13:00,1.47,14527.74,1.52,15066.72,1.49,14753.16
2026-04-17 09:14:00,1.5,14889.56,1.5,14838.82,1.46,14385.47
2026-04-17 09:15:00,1.47,14475.27,1.49,14701.97,1.46,14365.54
2026-04-17 09:16:00,1.48,14605.69,1.5,14876.37,1.46,14388.62
2026-04-17 09:17:00,1.48,14633.82,1.5,14846.03,1.47,14492.96
2026-04-17 09:18:00,1.48,14632.27,1.49,14723.09,1.48,14677.0
2026-04-17 09:19:00,1.49,14715.3,1.49,14777.92,1.47,14496.57
2026-04-17 09:20:00,1.49,14803.13,1.5,14891.99,1.48,14657.06
2026-04-17 09:21:00,1.47,14494.26,1.51,15019.22,1.47,14461.22
2026-04-17 09:22:00,1.5,14841.32,1.51,14969.97,1.47,14542.65
2026-04-17 09:23:00,1.5,14919.66,1.49,14802.97,1.48,14616.4
2026-04-17 09:24:00,1.49,14753.82,1.48,14629.75,1.47,14530.49
2026-04-17 09:25:00,1.48,14610.01,1.51,15002.64,1.47,14467.08
2026-04-17 09:26:00,1.48,14634.42,1.5,14881.96,1.46,14424.03
2026-04-17 09:27:00,1.49,14809.47,1.51,15062.3,1.49,14745.57
2026-04-17 09:28:00,1.49,14800.73,1.48,14620.13,1.47,14542.38
2026-04-17 09:29:00,1.49,14782.63,1.5,14833.8,1.49,14719.95
2026-04-17 09:30:00,1.5,14867.64,1.48,14675.02,1.49,14730.89
2026-04-17 09:31:00,1.49,14773.51,1.5,14837.34,1.47,14448.83
2026-04-17 09:32:00,1.49,14785.06,1.51,14958.67,1.49,14788.61
2026-04-17 09:33:00,1.47,14555.42,1.48,14658.42,1.47,14530.26
2026-04-17 09:34:00,1.5,14836.58,1.5,14826.07,1.47,14561.19
2026-04-17 09:35:00,1.47,14540.13,1.48,14670.14,1.49,14786.47
2026-04-17 09:36:00,1.48,14688.03,1.51,15054.11,1.46,14442.69
2026-04-17 09:37:00,1.47,14517.95,1.49,14772.75,1.48,14599.48
2026-04-17 09:38:00,1.47,14567.9,1.51,15010.15,1.49,14770.83
2026-04-17 09:39:00,1.48,14617.02,1.51,15043.39,1.46,14425.78
2026-04-17 09:40:00,1.5,14885.54,1.5,14881.61,1.47,14521.29
2026-04-17 09:41:00,1.49,14798.64,1.48,14690.27,1.46,14413.3
2026-04-17 09:42:00,1.49,14734.24,1.49,14778.9,1.48,14666.43
2026-04-17 09:43:00,1.5,14849.6,1.51,15049.18,1.49,14772.12
2026-04-17 09:44:00,1.5,14886.96,1.51,15059.36,1.49,14767.39
2026-04-17 09:45:00,1.49,14700.97,1.51,15064.2,1.48,14611.06
2026-04-17 09:46:00,1.49,14716.42,1.51,14977.17,1.47,14483.93
2026-04-17 09:47:00,1.5,14863.94,1.5,14931.56,1.49,14695.97
2026-04-17 09:48:00,1.47,14562.71,1.51,15016.72,1.49,14740.91
2026-04-17 09:49:00,1.47,14545.89,1.5,14890.94,1.47,14534.46
2026-04-17 09:50:00,1.47,14559.35,1.48,14642.48,1.47,14530.26
2026-04-17 09:51:00,1.5,14837.18,1.5,14940.88,1.47,14474.21
2026-04-17 09:52:00,1.49,14726.84,1.49,14694.52,1.48,14624.06
2026-04-17 09:53:00,1.5,14910.67,1.49,14731.64,1.48,14658.58
2026-04-17 09:54:00,1.5,14830.21,1.51,14944.04,1.5,14833.45
2026-04-17 09:55:00,1.48,14652.08,1.52,15127.16,1.48,14575.82
2026-04-17 09:56:00,1.48,14669.77,1.51,15015.86,1.48,14591.49
2026-04-17 09:57:00,1.49,14744.68,1.5,14924.72,1.47,14524.84
2026-04-17 09:58:00,1.5,14864.33,1.5,14899.53,1.5,14862.76
2026-04-17 09:59:00,1.49,14755.15,1.49,14799.24,1.47,14526.9
2026-04-17 10:00:00,1.48,14664.31,1.49,14714.62,1.49,14701.57
2026-04-17 10:01:00,1.51,14963.86,1.5,14892.71,1.47,14535.42
2026-04-17 10:02:00,1.47,14520.07,1.51,14944.33,1.49,14698.21
2026-04-17 10:03:00,1.51,15002.22,1.51,15060.02,1.49,14709.64
2026-04-17 10:04:00,1.47,14546.12,1.52,15111.24,1.48,14673.23
2026-04-17 10:05:00,1.5,14879.7,1.51,14951.0,1.48,14645.43
2026-04-17 10:06:00,1.51,14970.09,1.51,14960.52,1.47,14547.42
2026-04-17 10:07:00,1.49,14723.63,1.51,15049.81,1.48,14635.55
2026-04-17 10:08:00,1.48,14617.14,1.49,14738.87,1.48,14617.89
2026-04-17 10:09:00,1.48,14682.12,1.5,14844.25,1.5,14845.22
2026-04-17 10:10:00,1.5,14838.29,1.52,15096.46,1.47,14535.6
2026-04-17 10:11:00,1.49,14727.53,1.5,14888.13,1.49,14721.06
2026-04-17 10:12:00,1.47,14551.84,1.5,14883.68,1.47,14545.83
2026-04-17 10:13:00,1.47,14536.55,1.52,15070.93,1.47,14553.66
2026-04-17 10:14:00,1.48,14689.43,1.49,14813.4,1.49,14733.85
2026-04-17 10:15:00,1.5,14920.93,1.49,14815.77,1.48,14576.62
2026-04-17 10:16:00,1.48,14661.07,1.52,15150.34,1.48,14654.6
2026-04-17 10:17:00,1.49,14783.64,1.49,14730.03,1.48,14666.21
2026-04-17 10:18:00,1.5,14922.32,1.5,14851.56,1.47,14505.38
2026-04-17 10:19:00,1.51,14981.6,1.52,15107.84,1.49,14704.76
2026-04-17 10:20:00,1.49,14772.62,1.5,14933.15,1.47,14549.83
2026-04-17 10:21:00,1.51,14962.28,1.51,14957.13,1.47,14509.18
2026-04-17 10:22:00,1.49,14808.3,1.52,15091.94,1.48,14670.41
2026-04-17 10:23:00,1.48,14610.76,1.52,15100.76,1.49,14773.49
2026-04-17 10:24:00,1.51,15047.07,1.5,14847.97,1.48,14608.31
2026-04-17 10:25:00,1.48,14686.32,1.5,14938.28,1.5,14849.16
2026-04-17 10:26:00,1.5,14869.61,1.52,15114.55,1.48,14612.05
2026-04-17 10:27:00,1.51,14959.25,1.5,14830.2,1.5,14892.19
2026-04-17 10:28:00,1.49,14800.3,1.52,15160.11,1.48,14574.78
2026-04-17 10:29:00,1.48,14681.75,1.49,14795.38,1.49,14713.95
2026-04-17 10:30:00,1.49,14811.47,1.51,15037.13,1.48,14586.84
2026-04-17 10:31:00,1.5,14863.03,1.51,15028.23,1.5,14880.98
2026-04-17 10:32:00,1.49,14718.66,1.5,14921.25,1.48,14644.77
2026-04-17 10:33:00,1.5,14836.29,1.5,14834.16,1.49,14777.38
2026-04-17 10:34:00,1.51,14972.32,1.49,14784.37,1.47,14490.64
2026-04-17 10:35:00,1.49,14758.19,1.5,14877.31,1.48,14652.21
2026-04-17 10:36:00,1.49,14694.42,1.51,14951.94,1.5,14824.22
2026-04-17 10:37:00,1.51,14942.39,1.5,14919.72,1.47,14528.55
2026-04-17 10:38:00,1.51,15025.98,1.51,15037.91,1.5,14851.98
2026-04-17 10:39:00,1.5,14852.01,1.51,15032.16,1.47,14534.81
2026-04-17 10:40:00,1.5,14856.35,1.52,15100.31,1.49,14701.8
2026-04-17 10:41:00,1.48,14679.23,1.51,15033.45,1.49,14743.75
2026-04-17 10:42:00,1.51,14986.08,1.5,14861.38,1.5,14851.18
2026-04-17 10:43:00,1.49,14809.89,1.5,14860.01,1.48,14589.75
2026-04-17 10:44:00,1.48,14607.83,1.5,14891.07,1.49,14759.39
2026-04-17 10:45:00,1.48,14656.22,1.5,14824.64,1.49,14757.37
2026-04-17 10:46:00,1.49,14767.77,1.51,15006.46,1.49,14716.97
2026-04-17 10:47:00,1.5,14835.6,1.5,14937.95,1.5,14834.12
2026-04-17 10:48:00,1.5,14931.0,1.51,15043.79,1.47,14544.46
2026-04-17 10:49:00,1.5,14887.27,1.49,14737.69,1.49,14699.47
2026-04-17 10:50:00,1.5,14873.98,1.5,14891.92,1.51,14948.63
2026-04-17 10:51:00,1.51,14986.3,1.53,15194.94,1.49,14779.05
2026-04-17 10:52:00,1.48,14678.62,1.5,14867.22,1.48,14578.79
2026-04-17 10:53:00,1.51,14961.06,1.51,14996.05,1.48,14580.67
2026-04-17 10:54:00,1.51,15059.31,1.49,14766.65,1.5,14937.09
2026-04-17 10:55:00,1.51,14993.66,1.53,15212.93,1.49,14744.73
2026-04-17 10:56:00,1.49,14712.79,1.51,15029.34,1.48,14596.82
2026-04-17 10:57:00,1.52,15099.02,1.53,15235.52,1.5,14882.63
2026-04-17 10:58:00,1.51,14984.49,1.53,15258.19,1.51,14946.49
2026-04-17 10:59:00,1.5,14845.49,1.49,14805.65,1.49,14736.87
2026-04-17 11:00:00,1.51,14948.11,1.53,15226.71,1.48,14613.74
2026-04-17 11:01:00,1.5,14919.73,1.52,15147.3,1.5,14920.26
2026-04-17 11:02:00,1.49,14727.72,1.53,15203.79,1.49,14783.94
2026-04-17 11:03:00,1.49,14716.14,1.5,14839.84,1.48,14686.74
2026-04-17 11:04:00,1.5,14938.09,1.52,15142.62,1.51,15019.4
2026-04-17 11:05:00,1.52,15082.52,1.52,15145.22,1.49,14791.69
2026-04-17 11:06:00,1.51,14959.82,1.51,14962.77,1.47,14553.86
2026-04-17 11:07:00,1.48,14664.04,1.51,15010.63,1.49,14709.14
2026-04-17 11:08:00,1.49,14737.44,1.51,15022.82,1.49,14696.92
2026-04-17 11:09:00,1.49,14810.55,1.51,15023.93,1.5,14867.83
2026-04-17 11:10:00,1.5,14821.48,1.51,15046.81,1.49,14729.06
2026-04-17 11:11:00,1.5,14841.19,1.5,14829.89,1.5,14853.14
2026-04-17 11:12:00,1.51,15044.04,1.53,15193.19,1.51,14948.35
2026-04-17 11:13:00,1.5,14870.47,1.51,15030.89,1.5,14881.26
2026-04-17 11:14:00,1.52,15077.99,1.52,15125.96,1.48,14677.06
2026-04-17 11:15:00,1.48,14685.36,1.51,15064.95,1.5,14838.54
2026-04-17 11:16:00,1.52,15087.55,1.53,15213.85,1.51,14963.58
2026-04-17 11:17:00,1.51,14949.33,1.51,15010.38,1.48,14619.83
2026-04-17 11:18:00,1.49,14800.99,1.51,15051.97,1.48,14664.46
2026-04-17 11:19:00,1.52,15122.75,1.51,15033.19,1.5,14930.88
2026-04-17 11:20:00,1.5,14879.82,1.5,14932.76,1.5,14845.35
2026-04-17 11:21:00,1.52,15104.63,1.5,14909.76,1.49,14778.31
2026-04-17 11:22:00,1.5,14935.13,1.52,15175.65,1.49,14790.44
2026-04-17 11:23:00,1.52,15160.78,1.52,15131.47,1.5,14923.99
2026-04-17 11:24:00,1.51,14957.46,1.51,14984.33,1.49,14805.64
2026-04-17 11:25:00,1.51,14966.38,1.5,14868.23,1.51,15047.91
2026-04-17 11:26:00,1.5,14821.66,1.5,14886.87,1.48,14639.36
2026-04-17 11:27:00,1.49,14810.13,1.51,14987.27,1.5,14847.38
2026-04-17 11:28:00,1.51,14957.52,1.52,15168.73,1.49,14755.26
2026-04-17 11:29:00,1.52,15097.41,1.52,15161.77,1.49,14778.48
2026-04-17 11:30:00,1.49,14787.35,1.5,14924.73,1.49,14813.32
2026-04-17 11:31:00,1.5,14885.73,1.53,15312.41,1.48,14692.22
2026-04-17 11:32:00,1.49,14808.85,1.52,15139.71,1.48,14603.68
2026-04-17 11:33:00,1.52,15092.09,1.51,15010.33,1.51,14955.03
2026-04-17 11:34:00,1.5,14867.33,1.53,15210.85,1.48,14659.12
2026-04-17 11:35:00,1.52,15139.11,1.51,14993.15,1.5,14932.71
2026-04-17 11:36:00,1.52,15101.72,1.53,15262.09,1.5,14869.88
2026-04-17 11:37:00,1.5,14890.96,1.5,14882.1,1.51,14989.7
2026-04-17 11:38:00,1.49,14771.84,1.54,15341.44,1.51,15015.62
2026-04-17 11:39:00,1.51,14973.66,1.54,15346.28,1.5,14832.16
2026-04-17 11:40:00,1.5,14921.73,1.51,15034.84,1.51,14986.06
2026-04-17 11:41:00,1.5,14903.94,1.51,15035.77,1.49,14798.01
2026-04-17 11:42:00,1.52,15147.36,1.5,14915.72,1.5,14933.59
2026-04-17 11:43:00,1.52,15131.84,1.53,15277.4,1.51,14954.47
2026-04-17 11:44:00,1.5,14907.1,1.5,14930.86,1.49,14726.94
2026-04-17 11:45:00,1.51,14956.59,1.52,15113.8,1.48,14592.36
2026-04-17 11:46:00,1.5,14842.37,1.51,15022.55,1.49,14757.85
2026-04-17 11:47:00,1.5,14868.66,1.52,15093.9,1.49,14787.49
2026-04-17 11:48:00,1.49,14733.3,1.52,15145.57,1.49,14795.03
2026-04-17 11:49:00,1.5,14935.33,1.52,15157.68,1.49,14815.74
2026-04-17 11:50:00,1.52,15094.01,1.53,15216.56,1.49,14765.67
2026-04-17 11:51:00,1.51,14948.36,1.5,14928.87,1.5,14884.44
2026-04-17 11:52:00,1.52,15157.77,1.53,15308.84,1.51,15037.86
2026-04-17 11:53:00,1.51,15008.24,1.53,15231.88,1.51,15038.84
2026-04-17 11:54:00,1.51,15064.69,1.51,15064.08,1.5,14940.98
2026-04-17 11:55:00,1.52,15154.5,1.53,15193.53,1.5,14890.71
2026-04-17 11:56:00,1.51,15059.84,1.51,14991.4,1.49,14779.47
2026-04-17 11:57:00,1.51,14983.2,1.53,15295.16,1.49,14716.11
2026-04-17 11:58:00,1.52,15135.02,1.51,15034.77,1.5,14919.18
2026-04-17 11:59:00,1.52,15108.77,1.52,15086.71,1.49,14795.23
2026-04-17 12:00:00,1.51,15014.47,1.53,15301.18,1.5,14881.71
2026-04-17 12:01:00,1.53,15256.91,1.51,14971.6,1.5,14923.22
2026-04-17 12:02:00,1.5,14890.96,1.54,15344.68,1.49,14759.54
2026-04-17 12:03:00,1.51,15000.37,1.54,15320.69,1.49,14705.17
2026-04-17 12:04:00,1.52,15160.31,1.53,15229.86,1.5,14842.83
2026-04-17 12:05:00,1.5,14843.56,1.52,15122.63,1.51,15040.45
2026-04-17 12:06:00,1.5,14879.41,1.52,15145.96,1.51,14995.99
2026-04-17 12:07:00,1.49,14748.82,1.52,15116.27,1.52,15148.28
2026-04-17 12:08:00,1.5,14928.52,1.54,15372.53,1.51,14965.46
2026-04-17 12:09:00,1.53,15282.23,1.51,15048.77,1.51,15048.03
2026-04-17 12:10:00,1.5,14867.74,1.54,15408.5,1.51,14945.84
2026-04-17 12:11:00,1.51,15045.39,1.54,15338.94,1.49,14722.83
2026-04-17 12:12:00,1.52,15174.19,1.51,14996.68,1.5,14851.49
2026-04-17 12:13:00,1.52,15150.82,1.52,15121.23,1.52,15072.68
2026-04-17 12:14:00,1.51,15040.83,1.51,14953.16,1.5,14825.95
2026-04-17 12:15:00,1.5,14873.27,1.54,15350.97,1.5,14881.2
2026-04-17 12:16:00,1.51,14981.67,1.52,15184.14,1.5,14914.7
2026-04-17 12:17:00,1.53,15203.12,1.51,15060.66,1.49,14737.41
2026-04-17 12:18:00,1.51,14973.29,1.52,15184.97,1.51,14997.06
2026-04-17 12:19:00,1.52,15102.05,1.51,15065.21,1.51,14992.08
2026-04-17 12:20:00,1.5,14858.35,1.52,15116.63,1.5,14921.95
2026-04-17 12:21:00,1.52,15094.58,1.53,15193.25,1.49,14801.32
2026-04-17 12:22:00,1.52,15086.41,1.54,15374.26,1.52,15068.75
2026-04-17 12:23:00,1.52,15133.09,1.53,15211.19,1.5,14928.46
2026-04-17 12:24:00,1.51,15042.53,1.52,15112.92,1.5,14883.95
2026-04-17 12:25:00,1.52,15152.94,1.52,15117.97,1.51,14959.48
2026-04-17 12:26:00,1.53,15219.74,1.55,15447.48,1.51,15054.45
2026-04-17 12:27:00,1.53,15240.11,1.52,15095.09,1.49,14767.63
2026-04-17 12:28:00,1.53,15197.37,1.54,15348.23,1.49,14739.45
2026-04-17 12:29:00,1.5,14883.21,1.54,15424.71,1.49,14788.34
2026-04-17 12:30:00,1.53,15296.76,1.51,15033.7,1.53,15194.92
2026-04-17 12:31:00,1.5,14935.6,1.53,15236.71,1.52,15089.34
2026-04-17 12:32:00,1.53,15265.73,1.54,15408.1,1.49,14786.6
2026-04-17 12:33:00,1.54,15325.19,1.53,15232.93,1.52,15185.92
2026-04-17 12:34:00,1.52,15150.37,1.53,15201.51,1.51,15003.09
2026-04-17 12:35:00,1.51,14970.66,1.55,15474.17,1.5,14884.27
2026-04-17 12:36:00,1.5,14924.95,1.52,15084.69,1.51,15014.18
2026-04-17 12:37:00,1.52,15095.5,1.54,15331.01,1.53,15201.79
2026-04-17 12:38:00,1.52,15157.02,1.54,15356.15,1.51,14965.92
2026-04-17 12:39:00,1.51,15052.45,1.54,15379.99,1.49,14728.25
2026-04-17 12:40:00,1.51,15054.37,1.52,15122.58,1.51,15040.78
2026-04-17 12:41:00,1.53,15276.71,1.54,15374.63,1.53,15196.07
2026-04-17 12:42:00,1.51,15045.08,1.54,15389.44,1.52,15072.64
2026-04-17 12:43:00,1.51,14963.93,1.53,15297.66,1.51,15032.03
2026-04-17 12:44:00,1.52,15171.27,1.53,15295.51,1.53,15200.54
2026-04-17 12:45:00,1.54,15319.28,1.55,15514.81,1.5,14941.95
2026-04-17 12:46:00,1.52,15092.85,1.52,15139.61,1.52,15176.47
2026-04-17 12:47:00,1.54,15331.83,1.53,15201.44,1.52,15154.38
2026-04-17 12:48:00,1.51,15052.75,1.54,15382.5,1.5,14913.23
2026-04-17 12:49:00,1.51,15023.68,1.52,15078.07,1.52,15097.74
2026-04-17 12:50:00,1.51,15031.05,1.52,15157.43,1.5,14823.69
2026-04-17 12:51:00,1.51,15057.0,1.52,15172.5,1.51,15017.5
2026-04-17 12:52:00,1.53,15264.56,1.54,15419.35,1.5,14913.66
2026-04-17 12:53:00,1.52,15186.71,1.52,15074.22,1.52,15147.06
2026-04-17 12:54:00,1.53,15269.99,1.55,15517.21,1.51,14976.64
2026-04-17 12:55:00,1.51,15019.17,1.55,15505.86,1.5,14902.1
2026-04-17 12:56:00,1.51,15050.89,1.53,15239.09,1.5,14871.23
2026-04-17 12:57:00,1.53,15252.85,1.52,15151.27,1.53,15286.81
2026-04-17 12:58:00,1.5,14923.54,1.55,15457.44,1.53,15201.98
2026-04-17 12:59:00,1.53,15299.25,1.52,15129.05,1.5,14868.01
2026-04-17 13:00:00,1.51,15047.3,1.54,15370.32,1.5,14891.3
2026-04-17 13:01:00,1.52,15099.55,1.53,15305.06,1.54,15319.56
2026-04-17 13:02:00,1.52,15117.18,1.52,15081.37,1.52,15177.11
2026-04-17 13:03:00,1.53,15200.69,1.54,15354.78,1.5,14888.95
2026-04-17 13:04:00,1.54,15327.28,1.54,15424.71,1.52,15155.71
2026-04-17 13:05:00,1.51,14961.16,1.53,15280.07,1.52,15158.99
2026-04-17 13:06:00,1.54,15336.39,1.54,15331.18,1.51,14994.04
2026-04-17 13:07:00,1.52,15188.43,1.52,15168.7,1.51,14980.24
2026-04-17 13:08:00,1.52,15132.01,1.52,15189.84,1.53,15219.73
2026-04-17 13:09:00,1.53,15282.74,1.54,15418.58,1.5,14886.79
2026-04-17 13:10:00,1.52,15149.02,1.54,15377.82,1.5,14888.69
2026-04-17 13:11:00,1.51,14972.8,1.54,15343.43,1.52,15149.13
2026-04-17 13:12:00,1.51,15045.44,1.55,15459.91,1.5,14873.94
2026-04-17 13:13:00,1.52,15096.17,1.53,15265.77,1.5,14916.32
2026-04-17 13:14:00,1.51,15059.19,1.53,15307.3,1.52,15074.75
2026-04-17 13:15:00,1.53,15306.85,1.56,15613.95,1.51,14965.57
2026-04-17 13:16:00,1.52,15162.23,1.55,15553.6,1.53,15306.96
2026-04-17 13:17:00,1.51,14970.32,1.55,15493.8,1.52,15119.7
2026-04-17 13:18:00,1.51,14994.8,1.52,15108.54,1.51,15046.78
2026-04-17 13:19:00,1.53,15251.24,1.54,15365.45,1.52,15074.61
2026-04-17 13:20:00,1.51,14974.14,1.55,15514.77,1.51,15015.16
2026-04-17 13:21:00,1.52,15125.14,1.55,15494.05,1.53,15288.11
2026-04-17 13:22:00,1.53,15219.65,1.54,15399.41,1.53,15279.43
2026-04-17 13:23:00,1.54,15350.84,1.55,15444.83,1.53,15305.42
2026-04-17 13:24:00,1.54,15430.94,1.55,15478.56,1.53,15202.46
2026-04-17 13:25:00,1.55,15490.31,1.56,15570.6,1.53,15228.28
2026-04-17 13:26:00,1.55,15474.61,1.53,15218.67,1.53,15286.18
2026-04-17 13:27:00,1.53,15286.57,1.52,15184.43,1.51,15042.41
2026-04-17 13:28:00,1.53,15256.98,1.55,15472.63,1.53,15290.58
2026-04-17 13:29:00,1.55,15440.37,1.55,15454.75,1.51,15045.12
2026-04-17 13:30:00,1.55,15492.39,1.53,15219.84,1.53,15278.64
2026-04-17 13:31:00,1.52,15095.41,1.53,15278.85,1.52,15159.24
2026-04-17 13:32:00,1.53,15218.85,1.56,15593.82,1.52,15189.29
2026-04-17 13:33:00,1.51,15065.94,1.56,15590.45,1.51,15032.82
2026-04-17 13:34:00,1.55,15461.82,1.52,15152.88,1.51,14994.3
2026-04-17 13:35:00,1.51,15052.91,1.56,15678.97,1.53,15303.33
2026-04-17 13:36:00,1.54,15433.85,1.56,15618.0,1.5,14907.96
2026-04-17 13:37:00,1.55,15524.61,1.54,15351.51,1.53,15216.06
2026-04-17 13:38:00,1.53,15273.95,1.56,15582.34,1.54,15335.87
2026-04-17 13:39:00,1.53,15311.46,1.54,15340.61,1.53,15200.48
2026-04-17 13:40:00,1.53,15250.27,1.56,15597.02,1.52,15187.34
2026-04-17 13:41:00,1.52,15138.92,1.53,15306.16,1.54,15329.28
2026-04-17 13:42:00,1.54,15411.9,1.54,15397.82,1.52,15098.64
2026-04-17 13:43:00,1.53,15251.62,1.55,15470.47,1.52,15075.55
2026-04-17 13:44:00,1.51,15033.69,1.55,15452.53,1.53,15307.81
2026-04-17 13:45:00,1.54,15381.44,1.54,15331.46,1.52,15138.02
2026-04-17 13:46:00,1.53,15252.8,1.56,15567.14,1.52,15098.98
2026-04-17 13:47:00,1.55,15508.29,1.55,15558.09,1.51,14987.08
2026-04-17 13:48:00,1.53,15236.42,1.53,15311.45,1.52,15189.35
2026-04-17 13:49:00,1.54,15332.76,1.56,15594.46,1.54,15362.76
2026-04-17 13:50:00,1.53,15228.29,1.55,15496.39,1.53,15210.24
2026-04-17 13:51:00,1.54,15378.29,1.56,15566.27,1.53,15305.44
2026-04-17 13:52:00,1.53,15308.85,1.55,15439.13,1.52,15169.73
2026-04-17 13:53:00,1.52,15109.79,1.55,15474.58,1.54,15332.94
2026-04-17 13:54:00,1.53,15210.59,1.55,15472.01,1.51,14975.5
2026-04-17 13:55:00,1.53,15228.12,1.57,15698.42,1.52,15131.81
2026-04-17 13:56:00,1.54,15323.23,1.57,15702.61,1.51,15014.91
2026-04-17 13:57:00,1.53,15192.23,1.56,15624.6,1.52,15165.15
2026-04-17 13:58:00,1.53,15237.3,1.57,15707.24,1.54,15326.98
2026-04-17 13:59:00,1.53,15245.17,1.53,15238.08,1.54,15380.42
2026-04-17 14:00:00,1.55,15555.8,1.55,15556.41,1.51,15031.43
2026-04-17 14:01:00,1.53,15223.02,1.54,15319.11,1.52,15113.59
2026-04-17 14:02:00,1.56,15568.11,1.53,15260.77,1.52,15162.56
2026-04-17 14:03:00,1.55,15460.55,1.55,15532.16,1.54,15415.03
2026-04-17 14:04:00,1.55,15528.97,1.55,15464.88,1.54,15410.46
2026-04-17 14:05:00,1.54,15335.71,1.56,15590.58,1.54,15383.38
2026-04-17 14:06:00,1.54,15360.13,1.56,15616.84,1.51,15053.91
2026-04-17 14:07:00,1.54,15424.19,1.55,15529.92,1.51,14997.55
2026-04-17 14:08:00,1.54,15330.42,1.54,15423.41,1.52,15119.59
2026-04-17 14:09:00,1.54,15424.13,1.55,15519.24,1.53,15302.59
2026-04-17 14:10:00,1.55,15500.98,1.57,15764.72,1.53,15310.0
2026-04-17 14:11:00,1.54,15420.24,1.57,15740.59,1.53,15279.64
2026-04-17 14:12:00,1.52,15106.18,1.55,15484.43,1.53,15280.06
2026-04-17 14:13:00,1.52,15168.6,1.54,15336.23,1.52,15161.19
2026-04-17 14:14:00,1.54,15392.39,1.56,15578.73,1.52,15129.81
2026-04-17 14:15:00,1.53,15265.15,1.54,15328.45,1.53,15305.96
2026-04-17 14:16:00,1.54,15400.4,1.54,15389.28,1.55,15470.61
2026-04-17 14:17:00,1.54,15436.36,1.55,15473.46,1.53,15294.8
2026-04-17 14:18:00,1.54,15338.05,1.55,15513.4,1.53,15193.65
2026-04-17 14:19:00,1.52,15168.42,1.54,15412.67,1.51,15058.92
2026-04-17 14:20:00,1.55,15491.43,1.54,15419.73,1.54,15364.54
2026-04-17 14:21:00,1.53,15240.63,1.55,15530.29,1.54,15420.2
2026-04-17 14:22:00,1.55,15525.14,1.55,15487.62,1.54,15332.53
2026-04-17 14:23:00,1.54,15423.92,1.56,15564.69,1.54,15417.01
2026-04-17 14:24:00,1.54,15411.77,1.56,15578.67,1.53,15235.98
2026-04-17 14:25:00,1.54,15360.12,1.57,15784.87,1.54,15350.79
2026-04-17 14:26:00,1.55,15531.97,1.55,15507.27,1.52,15133.83
2026-04-17 14:27:00,1.52,15147.14,1.55,15531.12,1.55,15441.76
2026-04-17 14:28:00,1.56,15644.42,1.55,15498.39,1.53,15231.78
2026-04-17 14:29:00,1.56,15645.12,1.57,15740.19,1.55,15485.18
2026-04-17 14:30:00,1.53,15277.84,1.54,15417.74,1.54,15412.89
2026-04-17 14:31:00,1.55,15463.37,1.55,15561.23,1.55,15457.15
2026-04-17 14:32:00,1.53,15285.56,1.56,15576.24,1.55,15540.64
2026-04-17 14:33:00,1.53,15224.8,1.55,15551.25,1.55,15482.99
2026-04-17 14:34:00,1.54,15347.69,1.54,15344.65,1.53,15237.92
2026-04-17 14:35:00,1.55,15558.16,1.55,15526.51,1.54,15400.35
2026-04-17 14:36:00,1.55,15539.25,1.55,15553.47,1.54,15320.54
2026-04-17 14:37:00,1.53,15244.16,1.55,15544.96,1.52,15136.41
2026-04-17 14:38:00,1.56,15569.14,1.55,15452.66,1.54,15337.03
2026-04-17 14:39:00,1.54,15374.29,1.56,15562.88,1.52,15187.35
2026-04-17 14:40:00,1.54,15415.54,1.57,15702.32,1.52,15087.86
2026-04-17 14:41:00,1.56,15670.93,1.56,15566.11,1.52,15129.98
2026-04-17 14:42:00,1.53,15224.27,1.56,15620.78,1.55,15531.31
2026-04-17 14:43:00,1.56,15610.74,1.55,15515.38,1.52,15121.69
2026-04-17 14:44:00,1.56,15636.01,1.54,15353.42,1.53,15195.26
2026-04-17 14:45:00,1.53,15281.06,1.56,15674.41,1.54,15319.46
2026-04-17 14:46:00,1.55,15529.03,1.57,15794.09,1.54,15384.1
2026-04-17 14:47:00,1.54,15332.09,1.56,15586.45,1.52,15180.5
2026-04-17 14:48:00,1.56,15617.55,1.55,15450.97,1.52,15122.66
2026-04-17 14:49:00,1.53,15254.39,1.55,15506.24,1.55,15533.14
2026-04-17 14:50:00,1.56,15674.35,1.57,15733.3,1.54,15380.94
2026-04-17 14:51:00,1.53,15256.31,1.55,15486.66,1.54,15368.07
2026-04-17 14:52:00,1.56,15589.39,1.58,15817.29,1.53,15197.82
2026-04-17 14:53:00,1.56,15663.84,1.56,15660.39,1.54,15424.01
2026-04-17 14:54:00,1.53,15227.35,1.56,15643.29,1.55,15506.75
2026-04-17 14:55:00,1.55,15449.03,1.56,15566.72,1.53,15224.28
2026-04-17 14:56:00,1.54,15382.46,1.58,15823.15,1.53,15227.23
2026-04-17 14:57:00,1.53,15296.1,1.57,15750.26,1.54,15322.14
2026-04-17 14:58:00,1.56,15627.36,1.55,15462.8,1.54,15320.21
2026-04-17 14:59:00,1.55,15493.74,1.55,15476.13,1.53,15264.52
2026-04-17 15:00:00,1.55,15443.77,1.54,15414.79,1.54,15436.78
2026-04-17 15:01:00,1.53,15292.35,1.55,15516.18,1.55,15547.97
2026-04-17 15:02:00,1.56,15655.19,1.57,15736.12,1.54,15372.31
2026-04-17 15:03:00,1.53,15273.15,1.54,15416.19,1.53,15259.31
2026-04-17 15:04:00,1.53,15309.17,1.58,15844.52,1.56,15581.45
2026-04-17 15:05:00,1.55,15480.55,1.56,15671.72,1.55,15457.59
2026-04-17 15:06:00,1.56,15564.0,1.57,15703.97,1.55,15536.2
2026-04-17 15:07:00,1.56,15683.9,1.56,15612.32,1.54,15352.42
2026-04-17 15:08:00,1.54,15317.79,1.56,15638.53,1.53,15286.12
2026-04-17 15:09:00,1.55,15440.49,1.58,15821.34,1.55,15513.93
2026-04-17 15:10:00,1.55,15526.23,1.54,15415.66,1.56,15575.32
2026-04-17 15:11:00,1.54,15428.49,1.57,15710.47,1.53,15235.55
2026-04-17 15:12:00,1.54,15378.1,1.56,15594.53,1.56,15605.76
2026-04-17 15:13:00,1.54,15395.55,1.57,15771.06,1.54,15321.31
2026-04-17 15:14:00,1.56,15661.82,1.58,15879.22,1.53,15269.92
2026-04-17 15:15:00,1.54,15426.43,1.56,15681.55,1.53,15286.78
2026-04-17 15:16:00,1.54,15362.87,1.55,15542.01,1.55,15556.04
2026-04-17 15:17:00,1.56,15652.7,1.57,15739.53,1.56,15604.56
2026-04-17 15:18:00,1.57,15758.81,1.57,15727.79,1.55,15440.41
2026-04-17 15:19:00,1.55,15559.0,1.55,15506.1,1.54,15360.66
2026-04-17 15:20:00,1.56,15603.51,1.58,15865.11,1.55,15536.36
2026-04-17 15:21:00,1.56,15638.15,1.55,15484.3,1.54,15407.37
2026-04-17 15:22:00,1.54,15354.65,1.57,15806.78,1.55,15499.14
2026-04-17 15:23:00,1.56,15654.8,1.56,15669.61,1.53,15235.31
2026-04-17 15:24:00,1.57,15736.72,1.55,15486.23,1.55,15560.27
2026-04-17 15:25:00,1.57,15806.32,1.58,15921.97,1.54,15342.71
2026-04-17 15:26:00,1.57,15728.12,1.58,15834.72,1.57,15716.0
2026-04-17 15:27:00,1.54,15320.52,1.55,15525.16,1.55,15487.33
2026-04-17 15:28:00,1.55,15558.08,1.58,15827.1,1.55,15527.12
2026-04-17 15:29:00,1.56,15564.73,1.59,15989.16,1.56,15562.36
2026-04-17 15:30:00,1.57,15688.91,1.57,15763.35,1.56,15656.58
2026-04-17 15:31:00,1.54,15375.21,1.58,15915.44,1.56,15631.82
2026-04-17 15:32:00,1.54,15364.61,1.57,15804.15,1.53,15264.71
2026-04-17 15:33:00,1.54,15350.25,1.56,15588.68,1.55,15551.73
2026-04-17 15:34:00,1.55,15556.12,1.58,15842.9,1.55,15488.97
2026-04-17 15:35:00,1.57,15789.93,1.56,15568.01,1.55,15480.26
2026-04-17 15:36:00,1.56,15641.06,1.56,15567.5,1.55,15461.53
2026-04-17 15:37:00,1.57,15753.68,1.56,15613.78,1.55,15448.67
2026-04-17 15:38:00,1.55,15529.7,1.57,15733.45,1.56,15620.86
2026-04-17 15:39:00,1.57,15721.81,1.57,15720.87,1.57,15695.32
2026-04-17 15:40:00,1.55,15523.4,1.59,15996.53,1.57,15708.89
2026-04-17 15:41:00,1.57,15776.02,1.58,15908.35,1.54,15379.74
2026-04-17 15:42:00,1.55,15541.99,1.58,15921.34,1.56,15591.62
2026-04-17 15:43:00,1.56,15592.96,1.55,15552.96,1.54,15342.1
2026-04-17 15:44:00,1.55,15505.58,1.59,15999.34,1.55,15539.38
2026-04-17 15:45:00,1.58,15895.06,1.58,15898.3,1.55,15557.51
2026-04-17 15:46:00,1.56,15632.34,1.58,15836.13,1.56,15592.54
2026-04-17 15:47:00,1.54,15417.42,1.55,15551.77,1.56,15641.35
2026-04-17 15:48:00,1.56,15606.23,1.56,15647.89,1.53,15291.54
2026-04-17 15:49:00,1.56,15607.13,1.56,15625.76,1.56,15570.28
2026-04-17 15:50:00,1.55,15466.48,1.57,15750.24,1.54,15424.76
2026-04-17 15:51:00,1.55,15498.96,1.58,15895.3,1.54,15379.79
2026-04-17 15:52:00,1.55,15557.61,1.56,15602.35,1.56,15633.66
2026-04-17 15:53:00,1.58,15836.59,1.57,15760.48,1.55,15544.72
2026-04-17 15:54:00,1.58,15825.26,1.57,15687.39,1.55,15514.63
2026-04-17 15:55:00,1.55,15458.22,1.57,15798.41,1.56,15601.22
2026-04-17 15:56:00,1.56,15621.54,1.59,15951.26,1.55,15453.61
2026-04-17 15:57:00,1.57,15807.18,1.59,15945.45,1.55,15499.14
2026-04-17 15:58:00,1.57,15751.06,1.58,15837.23,1.54,15324.74
2026-04-17 15:59:00,1.54,15426.24,1.57,15699.69,1.55,15444.49
2026-04-17 16:00:00,1.57,15687.5,1.56,15594.97,1.55,15513.12
2026-04-17 16:01:00,1.55,15547.33,1.56,15668.89,1.56,15579.92
2026-04-17 16:02:00,1.55,15534.63,1.59,15985.53,1.55,15475.0
2026-04-17 16:03:00,1.58,15830.22,1.56,15642.27,1.56,15610.62
2026-04-17 16:04:00,1.58,15862.19,1.59,15976.97,1.55,15465.75
2026-04-17 16:05:00,1.57,15775.09,1.59,16045.54,1.55,15484.48
2026-04-17 16:06:00,1.55,15498.11,1.56,15567.76,1.56,15581.93
2026-04-17 16:07:00,1.56,15685.97,1.57,15798.33,1.55,15444.77
2026-04-17 16:08:00,1.55,15489.2,1.59,15981.69,1.57,15756.5
2026-04-17 16:09:00,1.57,15787.77,1.58,15880.23,1.55,15445.45
2026-04-17 16:10:00,1.57,15728.99,1.58,15865.09,1.54,15419.58
2026-04-17 16:11:00,1.57,15711.86,1.56,15639.81,1.56,15612.39
2026-04-17 16:12:00,1.56,15592.44,1.56,15596.7,1.57,15794.37
2026-04-17 16:13:00,1.58,15901.46,1.56,15660.37,1.57,15721.39
2026-04-17 16:14:00,1.56,15613.84,1.57,15736.2,1.58,15834.29
2026-04-17 16:15:00,1.56,15608.69,1.58,15826.53,1.55,15450.09
2026-04-17 16:16:00,1.57,15694.22,1.59,15979.48,1.56,15581.84
2026-04-17 16:17:00,1.56,15574.56,1.6,16102.21,1.57,15777.4
2026-04-17 16:18:00,1.58,15849.59,1.59,15976.78,1.54,15341.38
2026-04-17 16:19:00,1.58,15899.4,1.58,15930.0,1.54,15397.25
2026-04-17 16:20:00,1.58,15812.09,1.57,15687.8,1.55,15515.93
2026-04-17 16:21:00,1.55,15497.05,1.59,16037.96,1.56,15665.97
2026-04-17 16:22:00,1.56,15668.49,1.56,15670.06,1.56,15594.21
2026-04-17 16:23:00,1.55,15558.22,1.59,16051.5,1.55,15483.5
2026-04-17 16:24:00,1.57,15688.4,1.59,15991.95,1.56,15582.58
2026-04-17 16:25:00,1.58,15834.42,1.6,16098.59,1.57,15798.88
2026-04-17 16:26:00,1.57,15721.36,1.59,15991.08,1.56,15648.23
2026-04-17 16:27:00,1.57,15805.61,1.59,16045.28,1.55,15498.44
2026-04-17 16:28:00,1.58,15930.01,1.56,15683.18,1.57,15698.4
2026-04-17 16:29:00,1.56,15599.91,1.56,15661.88,1.55,15463.69
2026-04-17 16:30:00,1.59,15987.28,1.58,15858.38,1.55,15446.43
2026-04-17 16:31:00,1.58,15911.52,1.57,15778.1,1.58,15818.97
2026-04-17 16:32:00,1.55,15528.57,1.59,16056.77,1.57,15692.01
2026-04-17 16:33:00,1.56,15645.69,1.59,15964.99,1.58,15843.3
2026-04-17 16:34:00,1.56,15676.42,1.57,15711.96,1.56,15667.76
2026-04-17 16:35:00,1.57,15785.73,1.58,15897.85,1.56,15573.23
2026-04-17 16:36:00,1.56,15569.84,1.6,16153.96,1.57,15732.18
2026-04-17 16:37:00,1.59,15959.24,1.57,15713.33,1.57,15761.17
2026-04-17 16:38:00,1.55,15538.24,1.57,15797.31,1.55,15455.65
2026-04-17 16:39:00,1.59,15980.44,1.6,16083.46,1.55,15481.1
2026-04-17 16:40:00,1.58,15830.8,1.57,15786.8,1.58,15876.75
2026-04-17 16:41:00,1.57,15774.78,1.58,15877.43,1.56,15567.6
2026-04-17 16:42:00,1.55,15515.16,1.58,15845.74,1.57,15759.57
2026-04-17 16:43:00,1.56,15656.08,1.6,16110.7,1.56,15606.78
2026-04-17 16:44:00,1.58,15929.88,1.6,16064.77,1.57,15748.1
2026-04-17 16:45:00,1.58,15837.74,1.59,16049.4,1.56,15626.56
2026-04-17 16:46:00,1.57,15735.19,1.59,16000.68,1.58,15844.72
2026-04-17 16:47:00,1.56,15577.67,1.59,15986.86,1.56,15598.15
2026-04-17 16:48:00,1.56,15605.84,1.6,16083.33,1.56,15576.21
2026-04-17 16:49:00,1.58,15923.19,1.6,16095.85,1.57,15721.11
2026-04-17 16:50:00,1.57,15699.05,1.6,16167.09,1.55,15520.84
2026-04-17 16:51:00,1.59,15984.66,1.6,16155.9,1.57,15702.54
2026-04-17 16:52:00,1.57,15708.01,1.59,15951.98,1.58,15831.63
2026-04-17 16:53:00,1.58,15834.07,1.58,15818.6,1.55,15512.18
2026-04-17 16:54:00,1.59,15957.67,1.57,15806.54,1.56,15568.44
2026-04-17 16:55:00,1.57,15694.43,1.59,15985.58,1.55,15512.35
2026-04-17 16:56:00,1.58,15888.85,1.58,15856.72,1.56,15673.93
2026-04-17 16:57:00,1.58,15927.72,1.59,15995.19,1.57,15699.09
2026-04-17 16:58:00,1.56,15621.17,1.59,15984.04,1.55,15479.27
2026-04-17 16:59:00,1.57,15732.16,1.6,16070.49,1.58,15907.29
2026-04-17 17:00:00,1.59,16019.46,1.58,15923.99,1.57,15782.72
2026-04-17 17:01:00,1.59,16033.79,1.6,16073.01,1.58,15843.79
2026-04-17 17:02:00,1.59,15968.49,1.59,16011.4,1.57,15705.37
2026-04-17 17:03:00,1.57,15760.32,1.61,16182.36,1.56,15665.85
2026-04-17 17:04:00,1.59,16003.2,1.6,16087.2,1.56,15609.3
2026-04-17 17:05:00,1.58,15870.08,1.58,15885.89,1.55,15533.79
2026-04-17 17:06:00,1.57,15724.54,1.58,15909.25,1.56,15611.04
2026-04-17 17:07:00,1.57,15691.82,1.6,16166.08,1.57,15778.06
2026-04-17 17:08:00,1.57,15797.83,1.61,16265.3,1.57,15692.05
2026-04-17 17:09:00,1.57,15800.0,1.61,16204.37,1.55,15473.0
2026-04-17 17:10:00,1.57,15774.3,1.6,16169.88,1.56,15620.02
2026-04-17 17:11:00,1.59,15994.26,1.6,16148.18,1.58,15915.24
2026-04-17 17:12:00,1.59,16004.55,1.6,16140.46,1.58,15814.01
2026-04-17 17:13:00,1.56,15655.91,1.58,15838.61,1.57,15773.97
2026-04-17 17:14:00,1.59,16004.47,1.59,15987.66,1.58,15858.85
2026-04-17 17:15:00,1.59,16024.34,1.58,15883.45,1.55,15518.05
2026-04-17 17:16:00,1.59,16041.15,1.59,16016.42,1.57,15788.4
2026-04-17 17:17:00,1.56,15656.31,1.6,16165.13,1.59,15952.88
2026-04-17 17:18:00,1.56,15656.16,1.59,16033.83,1.55,15545.42
2026-04-17 17:19:00,1.59,16041.31,1.59,16051.12,1.58,15874.99
2026-04-17 17:20:00,1.59,16041.71,1.59,15995.17,1.58,15845.52
2026-04-17 17:21:00,1.6,16128.48,1.6,16168.73,1.56,15596.08
2026-04-17 17:22:00,1.58,15821.76,1.57,15773.8,1.55,15561.03
2026-04-17 17:23:00,1.6,16078.71,1.6,16108.86,1.57,15780.61
2026-04-17 17:24:00,1.57,15778.7,1.59,15955.35,1.58,15811.05
2026-04-17 17:25:00,1.56,15685.71,1.61,16253.46,1.58,15867.37
2026-04-17 17:26:00,1.58,15811.33,1.58,15925.33,1.55,15555.31
2026-04-17 17:27:00,1.6,16115.64,1.59,15948.58,1.56,15595.37
2026-04-17 17:28:00,1.57,15687.27,1.59,15965.47,1.58,15914.26
2026-04-17 17:29:00,1.57,15760.7,1.61,16238.83,1.58,15844.03
2026-04-17 17:30:00,1.58,15834.59,1.6,16065.61,1.58,15850.78
2026-04-17 17:31:00,1.57,15708.94,1.61,16225.9,1.59,15951.85
2026-04-17 17:32:00,1.6,16089.66,1.6,16119.81,1.59,16026.98
2026-04-17 17:33:00,1.58,15918.23,1.59,16032.05,1.56,15597.95
2026-04-17 17:34:00,1.58,15868.43,1.61,16228.09,1.56,15657.47
2026-04-17 17:35:00,1.57,15793.79,1.6,16112.04,1.57,15702.65
2026-04-17 17:36:00,1.57,15698.89,1.6,16107.05,1.58,15917.69
2026-04-17 17:37:00,1.59,15973.57,1.61,16185.08,1.59,15944.08
2026-04-17 17:38:00,1.57,15759.48,1.6,16178.2,1.6,16059.66
2026-04-17 17:39:00,1.6,16097.69,1.58,15882.13,1.59,15946.51
2026-04-17 17:40:00,1.58,15918.78,1.59,15982.2,1.58,15883.66
2026-04-17 17:41:00,1.59,15948.43,1.61,16197.19,1.56,15645.39
2026-04-17 17:42:00,1.6,16116.54,1.61,16237.28,1.58,15822.62
2026-04-17 17:43:00,1.58,15817.79,1.6,16061.1,1.59,16037.31
2026-04-17 17:44:00,1.57,15767.84,1.61,16267.19,1.56,15618.89
2026-04-17 17:45:00,1.59,15954.07,1.59,15975.09,1.57,15783.44
2026-04-17 17:46:00,1.58,15871.97,1.59,15957.14,1.57,15763.5
2026-04-17 17:47:00,1.57,15767.43,1.62,16336.83,1.58,15923.74
2026-04-17 17:48:00,1.6,16061.96,1.6,16176.13,1.58,15925.95
2026-04-17 17:49:00,1.6,16078.21,1.59,15990.35,1.57,15704.4
2026-04-17 17:50:00,1.6,16082.76,1.59,15964.49,1.59,16006.63
2026-04-17 17:51:00,1.6,16078.63,1.61,16207.35,1.56,15643.77
2026-04-17 17:52:00,1.59,15949.73,1.6,16062.5,1.59,15988.63
2026-04-17 17:53:00,1.58,15918.96,1.58,15918.99,1.57,15763.06
2026-04-17 17:54:00,1.59,15977.45,1.59,15992.98,1.59,16044.68
2026-04-17 17:55:00,1.58,15918.76,1.62,16315.15,1.57,15756.01
2026-04-17 17:56:00,1.59,15935.86,1.58,15866.0,1.58,15879.08
2026-04-17 17:57:00,1.58,15828.14,1.6,16078.43,1.57,15748.66
2026-04-17 17:58:00,1.6,16084.37,1.59,16001.24,1.57,15807.66
2026-04-17 17:59:00,1.6,16060.72,1.62,16344.39,1.57,15792.16
2026-04-17 18:00:00,1.6,16111.4,1.6,16172.95,1.59,15994.63
2026-04-17 18:01:00,1.61,16264.61,1.6,16134.16,1.59,16040.67
2026-04-17 18:02:00,1.59,16016.78,1.61,16287.0,1.58,15847.99
2026-04-17 18:03:00,1.59,15981.87,1.62,16338.17,1.57,15686.91
2026-04-17 18:04:00,1.61,16214.88,1.6,16069.94,1.6,16111.24
2026-04-17 18:05:00,1.6,16125.05,1.61,16269.59,1.57,15788.49
2026-04-17 18:06:00,1.6,16124.47,1.59,16017.41,1.59,15997.08
2026-04-17 18:07:00,1.6,16094.73,1.62,16388.26,1.58,15837.34
2026-04-17 18:08:00,1.61,16219.04,1.61,16234.69,1.57,15688.56
2026-04-17 18:09:00,1.6,16062.16,1.59,16024.31,1.57,15803.0
2026-04-17 18:10:00,1.58,15875.41,1.62,16386.25,1.56,15633.43
2026-04-17 18:11:00,1.58,15862.93,1.61,16223.42,1.59,16032.04
2026-04-17 18:12:00,1.58,15812.08,1.61,16244.58,1.59,15975.62
2026-04-17 18:13:00,1.61,16257.0,1.62,16427.47,1.58,15821.78
2026-04-17 18:14:00,1.58,15889.52,1.61,16284.27,1.59,16038.41
2026-04-17 18:15:00,1.6,16147.56,1.61,16271.92,1.58,15854.74
2026-04-17 18:16:00,1.59,16022.64,1.61,16245.89,1.58,15813.78
2026-04-17 18:17:00,1.61,16223.45,1.6,16155.14,1.58,15842.72
2026-04-17 18:18:00,1.6,16104.69,1.61,16193.28,1.59,16015.1
2026-04-17 18:19:00,1.6,16174.94,1.59,16017.68,1.57,15792.29
2026-04-17 18:20:00,1.6,16132.83,1.61,16230.2,1.6,16173.74
2026-04-17 18:21:00,1.6,16157.72,1.59,16050.19,1.58,15902.4
2026-04-17 18:22:00,1.59,16013.51,1.61,16226.1,1.57,15762.56
2026-04-17 18:23:00,1.61,16284.64,1.62,16349.77,1.6,16113.91
2026-04-17 18:24:00,1.61,16250.94,1.6,16129.85,1.59,15941.09
2026-04-17 18:25:00,1.59,16006.75,1.61,16227.61,1.59,15944.46
2026-04-17 18:26:00,1.6,16067.61,1.59,15953.36,1.59,16022.13
2026-04-17 18:27:00,1.61,16268.3,1.61,16209.99,1.6,16066.29
2026-04-17 18:28:00,1.61,16255.56,1.61,16235.45,1.6,16125.69
2026-04-17 18:29:00,1.6,16150.86,1.62,16423.61,1.58,15911.15
2026-04-17 18:30:00,1.58,15861.56,1.62,16354.33,1.57,15785.04
2026-04-17 18:31:00,1.61,16220.89,1.6,16082.42,1.57,15764.22
2026-04-17 18:32:00,1.6,16173.38,1.63,16442.83,1.58,15810.13
2026-04-17 18:33:00,1.58,15925.32,1.61,16262.25,1.58,15813.98
2026-04-17 18:34:00,1.61,16244.34,1.61,16203.17,1.6,16090.64
2026-04-17 18:35:00,1.59,15947.87,1.61,16292.85,1.6,16082.79
2026-04-17 18:36:00,1.6,16115.3,1.62,16316.32,1.59,16039.56
2026-04-17 18:37:00,1.62,16310.12,1.61,16253.84,1.6,16178.97
2026-04-17 18:38:00,1.61,16243.69,1.63,16462.49,1.6,16077.35
2026-04-17 18:39:00,1.61,16262.84,1.62,16364.79,1.6,16081.53
2026-04-17 18:40:00,1.61,16261.17,1.6,16124.09,1.6,16098.5
2026-04-17 18:41:00,1.62,16312.67,1.63,16471.03,1.58,15925.32
2026-04-17 18:42:00,1.59,16020.28,1.63,16455.2,1.57,15739.25
2026-04-17 18:43:00,1.62,16333.56,1.62,16313.07,1.59,15941.44
2026-04-17 18:44:00,1.61,16301.35,1.6,16059.45,1.61,16209.59
2026-04-17 18:45:00,1.62,16313.11,1.6,16167.78,1.59,16003.15
2026-04-17 18:46:00,1.58,15886.42,1.59,15991.88,1.58,15869.69
2026-04-17 18:47:00,1.59,15973.8,1.6,16112.96,1.6,16100.29
2026-04-17 18:48:00,1.59,16040.66,1.63,16469.58,1.61,16287.2
2026-04-17 18:49:00,1.6,16151.17,1.61,16245.01,1.58,15877.46
2026-04-17 18:50:00,1.59,16018.34,1.6,16175.65,1.61,16221.95
2026-04-17 18:51:00,1.6,16143.73,1.6,16106.28,1.61,16255.02
2026-04-17 18:52:00,1.61,16282.77,1.6,16134.73,1.57,15792.65
2026-04-17 18:53:00,1.6,16087.59,1.62,16379.28,1.58,15892.59
2026-04-17 18:54:00,1.6,16079.05,1.62,16356.2,1.6,16091.87
2026-04-17 18:55:00,1.62,16423.62,1.61,16263.42,1.58,15865.23
2026-04-17 18:56:00,1.6,16105.09,1.59,16041.85,1.6,16070.35
2026-04-17 18:57:00,1.59,15942.86,1.6,16109.37,1.61,16228.21
2026-04-17 18:58:00,1.61,16254.56,1.62,16329.83,1.61,16196.18
2026-04-17 18:59:00,1.59,15982.03,1.61,16208.01,1.61,16280.35
2026-04-17 19:00:00,1.6,16130.01,1.63,16516.81,1.6,16155.11
2026-04-17 19:01:00,1.62,16421.35,1.63,16500.24,1.59,16052.75
2026-04-17 19:02:00,1.61,16226.96,1.6,16071.09,1.58,15840.05
2026-04-17 19:03:00,1.61,16201.1,1.63,16504.29,1.6,16120.71
2026-04-17 19:04:00,1.59,16038.48,1.62,16389.05,1.59,15963.86
2026-04-17 19:05:00,1.58,15929.49,1.6,16105.15,1.6,16146.51
2026-04-17 19:06:00,1.61,16265.44,1.63,16513.24,1.59,16025.03
2026-04-17 19:07:00,1.58,15924.24,1.6,16141.24,1.59,16034.03
2026-04-17 19:08:00,1.6,16106.94,1.63,16434.09,1.59,16002.96
2026-04-17 19:09:00,1.63,16435.81,1.6,16128.17,1.58,15836.37
2026-04-17 19:10:00,1.61,16247.45,1.62,16419.21,1.61,16192.41
2026-04-17 19:11:00,1.61,16269.67,1.64,16596.56,1.6,16072.94
2026-04-17 19:12:00,1.6,16099.43,1.63,16504.9,1.61,16262.48
2026-04-17 19:13:00,1.61,16279.63,1.6,16137.88,1.59,16032.38
2026-04-17 19:14:00,1.61,16187.4,1.63,16449.91,1.59,16039.72
2026-04-17 19:15:00,1.6,16080.26,1.63,16470.82,1.58,15914.48
2026-04-17 19:16:00,1.6,16083.99,1.61,16205.25,1.59,15944.8
2026-04-17 19:17:00,1.6,16151.42,1.64,16580.04,1.58,15932.2
2026-04-17 19:18:00,1.63,16443.01,1.63,16551.25,1.62,16316.96
2026-04-17 19:19:00,1.62,16417.15,1.63,16546.36,1.6,16137.85
2026-04-17 19:20:00,1.63,16474.07,1.64,16594.84,1.6,16088.27
2026-04-17 19:21:00,1.62,16406.23,1.62,16354.49,1.6,16088.38
2026-04-17 19:22:00,1.63,16439.44,1.6,16171.73,1.59,15988.01
2026-04-17 19:23:00,1.61,16288.15,1.61,16238.4,1.58,15869.76
2026-04-17 19:24:00,1.62,16307.56,1.61,16215.29,1.6,16060.73
2026-04-17 19:25:00,1.61,16211.15,1.64,16627.76,1.62,16345.03
2026-04-17 19:26:00,1.59,15996.28,1.61,16285.05,1.6,16150.73
2026-04-17 19:27:00,1.59,16032.03,1.62,16354.85,1.61,16208.71
2026-04-17 19:28:00,1.63,16479.44,1.6,16172.01,1.62,16379.73
2026-04-17 19:29:00,1.63,16488.02,1.64,16583.59,1.62,16392.52
2026-04-17 19:30:00,1.62,16346.3,1.62,16372.11,1.62,16415.94
2026-04-17 19:31:00,1.6,16058.96,1.61,16197.82,1.6,16112.79
2026-04-17 19:32:00,1.62,16321.26,1.61,16189.38,1.61,16203.08
2026-04-17 19:33:00,1.62,16380.64,1.6,16169.4,1.61,16196.67
2026-04-17 19:34:00,1.63,16484.25,1.63,16535.43,1.6,16169.81
2026-04-17 19:35:00,1.63,16438.17,1.64,16588.46,1.62,16346.8
2026-04-17 19:36:00,1.62,16414.1,1.63,16454.95,1.6,16147.4
2026-04-17 19:37:00,1.63,16458.86,1.64,16621.59,1.62,16359.82
2026-04-17 19:38:00,1.63,16451.44,1.61,16189.15,1.58,15885.24
2026-04-17 19:39:00,1.62,16318.06,1.61,16205.18,1.6,16065.81
2026-04-17 19:40:00,1.59,16003.85,1.62,16327.2,1.61,16284.92
2026-04-17 19:41:00,1.64,16559.76,1.62,16312.51,1.6,16146.19
2026-04-17 19:42:00,1.62,16384.8,1.62,16375.14,1.61,16255.02
2026-04-17 19:43:00,1.63,16509.79,1.64,16650.02,1.62,16344.66
2026-04-17 19:44:00,1.62,16381.02,1.62,16377.05,1.6,16136.66
2026-04-17 19:45:00,1.61,16193.0,1.62,16397.93,1.59,16012.14
2026-04-17 19:46:00,1.63,16493.95,1.62,16343.85,1.61,16224.96
2026-04-17 19:47:00,1.6,16107.95,1.62,16334.94,1.59,15940.36
2026-04-17 19:48:00,1.6,16127.42,1.64,16665.62,1.61,16225.62
2026-04-17 19:49:00,1.63,16469.44,1.63,16436.16,1.61,16195.89
2026-04-17 19:50:00,1.61,16211.29,1.63,16485.92,1.62,16336.21
2026-04-17 19:51:00,1.61,16218.08,1.63,16460.97,1.6,16166.22
2026-04-17 19:52:00,1.63,16447.83,1.64,16572.99,1.61,16275.05
2026-04-17 19:53:00,1.61,16205.97,1.63,16480.77,1.59,15951.73
2026-04-17 19:54:00,1.63,16431.2,1.62,16417.84,1.61,16221.06
2026-04-17 19:55:00,1.62,16396.2,1.64,16667.91,1.62,16374.99
2026-04-17 19:56:00,1.61,16301.79,1.63,16451.88,1.61,16194.81
2026-04-17 19:57:00,1.62,16348.62,1.62,16410.81,1.61,16227.76
2026-04-17 19:58:00,1.64,16556.61,1.61,16251.7,1.6,16116.59
2026-04-17 19:59:00,1.62,16342.8,1.63,16526.61,1.63,16448.41
2026-04-17 20:00:00,1.61,16212.28,1.62,16311.4,1.62,16309.47
2026-04-17 20:01:00,1.62,16421.6,1.63,16548.49,1.61,16261.9
2026-04-17 20:02:00,1.61,16210.03,1.64,16607.3,1.59,16035.48
2026-04-17 20:03:00,1.6,16156.32,1.65,16689.32,1.59,15962.59
2026-04-17 20:04:00,1.63,16499.76,1.61,16233.25,1.62,16369.78
2026-04-17 20:05:00,1.63,16478.24,1.65,16695.48,1.59,15997.64
2026-04-17 20:06:00,1.63,16507.01,1.61,16248.29,1.61,16213.01
2026-04-17 20:07:00,1.62,16345.88,1.61,16300.06,1.59,16053.11
2026-04-17 20:08:00,1.61,16256.27,1.63,16457.57,1.6,16110.52
2026-04-17 20:09:00,1.63,16551.9,1.61,16291.91,1.61,16277.77
2026-04-17 20:10:00,1.63,16430.25,1.65,16737.32,1.61,16204.09
2026-04-17 20:11:00,1.64,16628.56,1.63,16517.7,1.61,16290.56
2026-04-17 20:12:00,1.64,16555.09,1.64,16574.78,1.62,16359.4
2026-04-17 20:13:00,1.61,16243.04,1.63,16500.13,1.63,16454.66
2026-04-17 20:14:00,1.6,16111.26,1.64,16587.21,1.6,16094.51
2026-04-17 20:15:00,1.63,16453.12,1.65,16747.05,1.6,16157.51
2026-04-17 20:16:00,1.63,16444.47,1.62,16406.98,1.62,16350.99
2026-04-17 20:17:00,1.61,16204.69,1.62,16423.56,1.63,16483.49
2026-04-17 20:18:00,1.62,16357.21,1.65,16739.65,1.6,16074.17
2026-04-17 20:19:00,1.6,16157.55,1.65,16784.42,1.62,16429.41
2026-04-17 20:20:00,1.61,16200.1,1.64,16633.91,1.62,16422.8
2026-04-17 20:21:00,1.63,16525.82,1.65,16762.73,1.59,16039.49
2026-04-17 20:22:00,1.64,16560.08,1.64,16619.43,1.62,16379.53
2026-04-17 20:23:00,1.63,16498.93,1.65,16740.53,1.62,16377.68
2026-04-17 20:24:00,1.61,16197.34,1.63,16488.03,1.6,16170.82
2026-04-17 20:25:00,1.63,16501.13,1.63,16481.68,1.61,16202.17
2026-04-17 20:26:00,1.62,16330.2,1.64,16600.71,1.6,16149.67
2026-04-17 20:27:00,1.63,16460.01,1.65,16788.42,1.61,16279.73
2026-04-17 20:28:00,1.63,16535.26,1.62,16381.36,1.61,16274.15
2026-04-17 20:29:00,1.64,16589.25,1.62,16405.82,1.63,16526.0
2026-04-17 20:30:00,1.63,16508.11,1.62,16364.87,1.62,16381.68
2026-04-17 20:31:00,1.63,16480.38,1.62,16309.35,1.6,16099.45
2026-04-17 20:32:00,1.61,16227.72,1.64,16628.35,1.6,16110.26
2026-04-17 20:33:00,1.61,16277.37,1.65,16712.87,1.6,16160.42
2026-04-17 20:34:00,1.62,16429.42,1.64,16557.82,1.6,16178.6
2026-04-17 20:35:00,1.62,16393.96,1.63,16540.85,1.61,16228.26
2026-04-17 20:36:00,1.61,16236.07,1.62,16423.71,1.61,16227.84
2026-04-17 20:37:00,1.64,16603.56,1.63,16472.36,1.62,16398.57
2026-04-17 20:38:00,1.62,16319.68,1.62,16329.12,1.6,16063.56
2026-04-17 20:39:00,1.63,16482.11,1.63,16504.76,1.62,16395.28
2026-04-17 20:40:00,1.62,16410.25,1.65,16774.77,1.62,16418.13
2026-04-17 20:41:00,1.63,16488.27,1.65,16749.86,1.61,16225.98
2026-04-17 20:42:00,1.63,16514.99,1.64,16661.46,1.6,16101.1
2026-04-17 20:43:00,1.61,16271.08,1.62,16421.43,1.62,16388.04
2026-04-17 20:44:00,1.64,16578.79,1.64,16647.77,1.61,16199.44
2026-04-17 20:45:00,1.64,16560.15,1.65,16796.26,1.61,16213.27
2026-04-17 20:46:00,1.64,16598.37,1.65,16703.87,1.6,16089.73
2026-04-17 20:47:00,1.62,16328.24,1.64,16598.44,1.61,16269.88
2026-04-17 20:48:00,1.61,16289.37,1.65,16785.94,1.61,16265.73
2026-04-17 20:49:00,1.62,16314.0,1.66,16879.59,1.62,16410.09
2026-04-17 20:50:00,1.62,16341.16,1.66,16840.02,1.62,16334.04
2026-04-17 20:51:00,1.62,16410.61,1.65,16728.48,1.64,16603.08
2026-04-17 20:52:00,1.62,16386.63,1.63,16447.88,1.61,16229.7
2026-04-17 20:53:00,1.61,16292.37,1.65,16714.2,1.62,16412.79
2026-04-17 20:54:00,1.65,16702.45,1.65,16740.74,1.64,16630.81
2026-04-17 20:55:00,1.64,16654.54,1.64,16562.18,1.62,16361.08
2026-04-17 20:56:00,1.62,16390.48,1.62,16381.91,1.63,16531.45
2026-04-17 20:57:00,1.62,16374.21,1.65,16786.6,1.63,16539.44
2026-04-17 20:58:00,1.63,16487.62,1.64,16569.13,1.6,16140.24
2026-04-17 20:59:00,1.62,16422.94,1.63,16439.04,1.61,16278.87
2026-04-17 21:00:00,1.64,16658.41,1.64,16617.94,1.63,16541.6
2026-04-17 21:01:00,1.63,16468.48,1.64,16613.81,1.62,16322.21
2026-04-17 21:02:00,1.62,16410.97,1.63,16469.24,1.64,16634.39
2026-04-17 21:03:00,1.62,16345.63,1.65,16745.38,1.62,16411.74
2026-04-17 21:04:00,1.62,16373.61,1.63,16431.66,1.61,16270.66
2026-04-17 21:05:00,1.61,16288.58,1.63,16531.79,1.64,16612.55
2026-04-17 21:06:00,1.64,16654.31,1.65,16710.02,1.61,16300.05
2026-04-17 21:07:00,1.61,16270.56,1.64,16605.44,1.61,16278.82
2026-04-17 21:08:00,1.61,16254.84,1.65,16782.61,1.62,16410.73
2026-04-17 21:09:00,1.62,16312.83,1.64,16631.32,1.62,16359.86
2026-04-17 21:10:00,1.62,16339.23,1.65,16718.2,1.61,16253.17
2026-04-17 21:11:00,1.64,16656.71,1.65,16754.02,1.62,16390.95
2026-04-17 21:12:00,1.65,16702.21,1.65,16798.0,1.61,16219.92
2026-04-17 21:13:00,1.64,16562.45,1.64,16591.81,1.62,16314.35
2026-04-17 21:14:00,1.63,16530.15,1.63,16511.22,1.62,16402.59
2026-04-17 21:15:00,1.63,16539.5,1.64,16610.86,1.63,16445.14
2026-04-17 21:16:00,1.64,16586.18,1.67,16941.87,1.61,16272.36
2026-04-17 21:17:00,1.62,16395.84,1.64,16647.74,1.62,16425.02
2026-04-17 21:18:00,1.62,16419.99,1.64,16670.38,1.64,16561.78
2026-04-17 21:19:00,1.64,16620.14,1.64,16598.91,1.61,16251.23
2026-04-17 21:20:00,1.65,16710.38,1.65,16751.91,1.64,16588.3
2026-04-17 21:21:00,1.64,16599.89,1.66,16811.53,1.61,16236.79
2026-04-17 21:22:00,1.63,16514.0,1.65,16771.2,1.63,16546.49
2026-04-17 21:23:00,1.65,16792.88,1.63,16501.13,1.64,16639.24
2026-04-17 21:24:00,1.64,16668.82,1.65,16787.97,1.64,16618.63
2026-04-17 21:25:00,1.64,16575.18,1.66,16873.12,1.64,16591.22
2026-04-17 21:26:00,1.66,16803.67,1.64,16603.34,1.63,16551.86
2026-04-17 21:27:00,1.65,16793.84,1.66,16844.81,1.64,16569.73
2026-04-17 21:28:00,1.63,16510.05,1.65,16711.77,1.62,16375.28
2026-04-17 21:29:00,1.64,16640.81,1.67,16953.55,1.62,16341.52
2026-04-17 21:30:00,1.65,16771.04,1.65,16717.55,1.63,16471.34
2026-04-17 21:31:00,1.64,16578.98,1.66,16903.31,1.64,16579.48
2026-04-17 21:32:00,1.66,16830.6,1.66,16894.97,1.63,16553.67
2026-04-17 21:33:00,1.62,16405.24,1.64,16612.59,1.61,16226.66
2026-04-17 21:34:00,1.62,16419.43,1.63,16534.25,1.62,16310.86
2026-04-17 21:35:00,1.63,16500.81,1.67,16936.35,1.64,16651.84
2026-04-17 21:36:00,1.65,16710.15,1.64,16595.28,1.63,16464.08
2026-04-17 21:37:00,1.64,16563.45,1.64,16572.15,1.62,16414.91
2026-04-17 21:38:00,1.65,16739.88,1.64,16630.58,1.64,16632.01
2026-04-17 21:39:00,1.65,16685.01,1.66,16816.16,1.63,16544.27
2026-04-17 21:40:00,1.62,16316.18,1.64,16570.55,1.65,16761.97
2026-04-17 21:41:00,1.66,16826.17,1.65,16730.53,1.62,16377.21
2026-04-17 21:42:00,1.66,16870.27,1.65,16757.04,1.62,16393.62
2026-04-17 21:43:00,1.66,16821.56,1.64,16662.45,1.62,16391.92
2026-04-17 21:44:00,1.63,16551.29,1.65,16767.11,1.65,16717.97
2026-04-17 21:45:00,1.64,16564.26,1.64,16640.65,1.65,16740.23
2026-04-17 21:46:00,1.62,16417.01,1.66,16879.74,1.63,16553.39
2026-04-17 21:47:00,1.64,16675.64,1.65,16692.44,1.63,16548.29
2026-04-17 21:48:00,1.63,16447.17,1.66,16817.97,1.63,16461.04
2026-04-17 21:49:00,1.65,16708.57,1.66,16890.17,1.62,16360.53
2026-04-17 21:50:00,1.64,16585.07,1.65,16716.52,1.63,16550.03
2026-04-17 21:51:00,1.63,16445.72,1.64,16586.03,1.62,16424.28
2026-04-17 21:52:00,1.65,16699.29,1.65,16689.73,1.63,16473.95
2026-04-17 21:53:00,1.65,16729.83,1.65,16730.82,1.65,16726.04
2026-04-17 21:54:00,1.64,16666.85,1.66,16842.11,1.65,16705.15
2026-04-17 21:55:00,1.63,16545.86,1.66,16843.64,1.64,16651.76
2026-04-17 21:56:00,1.63,16473.91,1.64,16650.99,1.63,16433.88
2026-04-17 21:57:00,1.66,16855.76,1.65,16696.93,1.63,16447.76
2026-04-17 21:58:00,1.64,16561.14,1.66,16843.61,1.62,16346.08
2026-04-17 21:59:00,1.62,16409.66,1.65,16725.48,1.63,16510.93
2026-04-17 22:00:00,1.64,16604.95,1.65,16762.75,1.63,16519.78
2026-04-17 22:01:00,1.64,16644.46,1.67,16943.11,1.65,16711.07
2026-04-17 22:02:00,1.65,16736.48,1.67,16935.75,1.63,16473.4
2026-04-17 22:03:00,1.64,16607.47,1.64,16576.07,1.62,16354.3
2026-04-17 22:04:00,1.65,16796.39,1.65,16719.99,1.64,16588.1
2026-04-17 22:05:00,1.63,16508.02,1.67,16999.25,1.63,16450.26
2026-04-17 22:06:00,1.63,16544.39,1.65,16702.4,1.62,16400.1
2026-04-17 22:07:00,1.63,16489.7,1.66,16871.02,1.62,16360.37
2026-04-17 22:08:00,1.63,16552.54,1.66,16844.35,1.63,16500.99
2026-04-17 22:09:00,1.66,16864.54,1.66,16838.49,1.63,16443.0
2026-04-17 22:10:00,1.66,16844.45,1.66,16812.7,1.63,16496.76
2026-04-17 22:11:00,1.65,16742.16,1.68,17106.42,1.65,16735.61
2026-04-17 22:12:00,1.65,16732.56,1.66,16922.16,1.62,16345.62
2026-04-17 22:13:00,1.67,16946.51,1.67,16933.13,1.62,16408.75
2026-04-17 22:14:00,1.66,16910.06,1.65,16762.7,1.65,16722.67
2026-04-17 22:15:00,1.65,16717.71,1.66,16884.64,1.63,16462.53
2026-04-17 22:16:00,1.63,16473.13,1.66,16924.4,1.63,16546.55
2026-04-17 22:17:00,1.63,16540.55,1.67,17047.5,1.65,16705.15
2026-04-17 22:18:00,1.63,16512.75,1.64,16635.95,1.63,16494.74
2026-04-17 22:19:00,1.65,16732.58,1.66,16854.76,1.63,16479.82
2026-04-17 22:20:00,1.64,16557.5,1.66,16806.53,1.65,16699.68
2026-04-17 22:21:00,1.65,16742.43,1.67,17004.52,1.64,16573.23
2026-04-17 22:22:00,1.64,16673.88,1.67,16977.02,1.63,16487.99
2026-04-17 22:23:00,1.66,16870.16,1.66,16910.97,1.65,16763.2
2026-04-17 22:24:00,1.66,16865.77,1.66,16901.22,1.63,16471.94
2026-04-17 22:25:00,1.65,16776.76,1.65,16756.15,1.62,16429.57
2026-04-17 22:26:00,1.65,16754.85,1.67,16990.83,1.64,16669.99
2026-04-17 22:27:00,1.64,16568.45,1.67,17001.14,1.64,16565.07
2026-04-17 22:28:00,1.67,16978.23,1.66,16857.87,1.63,16460.89
2026-04-17 22:29:00,1.64,16602.69,1.66,16807.23,1.65,16793.7
2026-04-17 22:30:00,1.64,16573.22,1.64,16652.4,1.65,16777.28
2026-04-17 22:31:00,1.64,16671.07,1.68,17144.85,1.63,16508.75
2026-04-17 22:32:00,1.64,16577.56,1.68,17097.98,1.63,16448.29
2026-04-17 22:33:00,1.64,16643.14,1.65,16780.81,1.65,16749.15
2026-04-17 22:34:00,1.67,16981.13,1.65,16789.77,1.63,16501.0
2026-04-17 22:35:00,1.63,16547.87,1.66,16802.05,1.63,16547.06
2026-04-17 22:36:00,1.65,16734.26,1.67,17009.16,1.65,16695.35
2026-04-17 22:37:00,1.64,16620.57,1.65,16791.57,1.63,16440.94
2026-04-17 22:38:00,1.64,16562.73,1.68,17155.77,1.65,16792.24
2026-04-17 22:39:00,1.64,16585.67,1.66,16835.38,1.65,16702.94
2026-04-17 22:40:00,1.65,16723.73,1.67,17025.85,1.65,16745.57
2026-04-17 22:41:00,1.65,16794.14,1.68,17071.72,1.63,16443.49
2026-04-17 22:42:00,1.63,16528.86,1.68,17066.42,1.66,16918.9
2026-04-17 22:43:00,1.66,16907.41,1.66,16861.39,1.63,16523.31
2026-04-17 22:44:00,1.64,16638.93,1.67,16959.99,1.63,16486.8
2026-04-17 22:45:00,1.64,16596.18,1.67,17014.55,1.64,16594.84
2026-04-17 22:46:00,1.67,16971.64,1.67,16947.2,1.66,16825.6
2026-04-17 22:47:00,1.64,16600.22,1.65,16748.68,1.63,16439.2
2026-04-17 22:48:00,1.65,16749.87,1.68,17078.97,1.63,16439.36
2026-04-17 22:49:00,1.67,16967.77,1.67,16933.38,1.66,16900.0
2026-04-17 22:50:00,1.67,16962.06,1.68,17093.94,1.66,16901.73
2026-04-17 22:51:00,1.66,16862.65,1.66,16868.22,1.66,16839.68
2026-04-17 22:52:00,1.64,16608.94,1.65,16798.57,1.64,16563.81
2026-04-17 22:53:00,1.67,17019.4,1.65,16772.6,1.65,16793.34
2026-04-17 22:54:00,1.67,17026.5,1.69,17196.54,1.65,16703.65
2026-04-17 22:55:00,1.67,17047.05,1.67,17001.16,1.63,16540.61
2026-04-17 22:56:00,1.67,16994.48,1.68,17079.62,1.63,16475.76
2026-04-17 22:57:00,1.65,16795.11,1.66,16924.45,1.66,16819.71
2026-04-17 22:58:00,1.66,16806.3,1.65,16695.53,1.63,16449.19
2026-04-17 22:59:00,1.67,16964.67,1.67,16939.57,1.64,16570.18
2026-04-17 23:00:00,1.65,16739.55,1.68,17152.48,1.67,16961.5
2026-04-17 23:01:00,1.65,16689.46,1.69,17184.65,1.66,16830.46
2026-04-17 23:02:00,1.65,16799.25,1.67,16967.29,1.67,16956.71
2026-04-17 23:03:00,1.67,16954.51,1.65,16796.37,1.64,16641.04
2026-04-17 23:04:00,1.66,16897.98,1.67,17049.04,1.66,16879.66
2026-04-17 23:05:00,1.66,16810.78,1.68,17069.05,1.64,16633.05
2026-04-17 23:06:00,1.65,16752.05,1.65,16747.91,1.64,16654.39
2026-04-17 23:07:00,1.67,16935.33,1.67,16952.26,1.66,16891.49
2026-04-17 23:08:00,1.66,16897.58,1.68,17084.87,1.67,16960.71
2026-04-17 23:09:00,1.64,16624.56,1.66,16841.58,1.65,16763.73
2026-04-17 23:10:00,1.64,16615.19,1.69,17216.76,1.63,16492.32
2026-04-17 23:11:00,1.65,16746.81,1.68,17084.93,1.66,16892.21
2026-04-17 23:12:00,1.64,16618.25,1.69,17197.38,1.64,16647.99
2026-04-17 23:13:00,1.66,16918.31,1.67,17046.99,1.64,16675.62
2026-04-17 23:14:00,1.64,16676.23,1.66,16918.6,1.67,16929.04
2026-04-17 23:15:00,1.66,16821.4,1.68,17130.23,1.66,16832.37
2026-04-17 23:16:00,1.67,17012.15,1.66,16923.82,1.64,16664.08
2026-04-17 23:17:00,1.67,17016.92,1.69,17210.59,1.63,16514.17
2026-04-17 23:18:00,1.66,16829.22,1.67,17038.07,1.65,16751.18
2026-04-17 23:19:00,1.66,16915.1,1.67,17014.1,1.64,16565.59
2026-04-17 23:20:00,1.66,16903.79,1.69,17259.18,1.66,16826.19
2026-04-17 23:21:00,1.68,17123.52,1.66,16897.31,1.65,16695.26
2026-04-17 23:22:00,1.68,17128.46,1.67,17032.04,1.63,16525.27
2026-04-17 23:23:00,1.66,16882.49,1.67,16970.95,1.64,16616.25
2026-04-17 23:24:00,1.66,16893.61,1.66,16824.27,1.65,16794.05
2026-04-17 23:25:00,1.68,17071.87,1.68,17136.2,1.66,16856.98
2026-04-17 23:26:00,1.68,17166.31,1.67,16966.15,1.64,16593.02
2026-04-17 23:27:00,1.64,16653.19,1.67,16991.24,1.64,16673.9
2026-04-17 23:28:00,1.65,16718.36,1.66,16907.22,1.65,16701.2
2026-04-17 23:29:00,1.67,16966.31,1.66,16868.73,1.64,16620.41
2026-04-17 23:30:00,1.66,16850.25,1.69,17251.44,1.66,16847.02
2026-04-17 23:31:00,1.65,16762.81,1.66,16805.41,1.67,16981.31
2026-04-17 23:32:00,1.68,17142.14,1.69,17270.41,1.64,16667.02
2026-04-17 23:33:00,1.66,16838.74,1.68,17069.79,1.65,16794.65
2026-04-17 23:34:00,1.66,16908.39,1.69,17181.22,1.67,16977.0
2026-04-17 23:35:00,1.66,16921.0,1.66,16814.65,1.67,16969.43
2026-04-17 23:36:00,1.65,16792.68,1.69,17220.62,1.66,16813.23
2026-04-17 23:37:00,1.68,17075.17,1.69,17251.14,1.67,17032.68
2026-04-17 23:38:00,1.66,16845.87,1.68,17104.66,1.65,16738.84
2026-04-17 23:39:00,1.65,16726.68,1.69,17251.43,1.65,16773.75
2026-04-17 23:40:00,1.65,16786.62,1.66,16921.83,1.66,16848.76
2026-04-17 23:41:00,1.65,16767.17,1.69,17182.72,1.64,16646.48
2026-04-17 23:42:00,1.68,17065.3,1.67,16966.66,1.68,17054.92
2026-04-17 23:43:00,1.67,17012.73,1.69,17181.93,1.64,16579.2
2026-04-17 23:44:00,1.64,16673.64,1.69,17208.41,1.66,16826.71
2026-04-17 23:45:00,1.66,16916.3,1.69,17214.19,1.67,16994.91
2026-04-17 23:46:00,1.66,16829.65,1.7,17310.46,1.65,16780.94
2026-04-17 23:47:00,1.68,17058.58,1.67,16946.36,1.67,17020.92
2026-04-17 23:48:00,1.66,16806.18,1.67,16998.06,1.65,16756.85
2026-04-17 23:49:00,1.65,16767.37,1.66,16852.51,1.67,17045.37
2026-04-17 23:50:00,1.67,16946.25,1.68,17063.64,1.65,16756.43
2026-04-17 23:51:00,1.66,16903.41,1.69,17194.6,1.67,16940.14
2026-04-17 23:52:00,1.68,17134.07,1.67,17035.15,1.68,17074.34
2026-04-17 23:53:00,1.68,17107.5,1.67,16928.55,1.66,16884.11
2026-04-17 23:54:00,1.68,17159.99,1.67,17006.61,1.65,16719.44
2026-04-17 23:55:00,1.66,16860.87,1.66,16851.56,1.65,16780.57
2026-04-17 23:56:00,1.66,16850.99,1.7,17323.15,1.66,16852.88
2026-04-17 23:57:00,1.66,16905.88,1.69,17289.42,1.66,16854.97
2026-04-17 23:58:00,1.68,17116.2,1.67,16969.74,1.66,16855.15
2026-04-17 23:59:00,1.68,17135.31,1.69,17269.65,1.65,16710.48
2026-04-18 00:00:00,1.66,16874.45,1.67,16958.76,1.64,16670.37
2026-04-18 00:01:00,1.66,16863.04,1.68,17165.14,1.67,17048.48
2026-04-18 00:02:00,1.66,16922.92,1.66,16894.83,1.66,16813.66
2026-04-18 00:03:00,1.67,16929.67,1.68,17165.79,1.67,16940.67
2026-04-18 00:04:00,1.69,17192.43,1.67,17037.76,1.66,16827.2
2026-04-18 00:05:00,1.68,17145.81,1.69,17219.53,1.65,16709.96
2026-04-18 00:06:00,1.67,16983.86,1.69,17209.51,1.68,17147.29
2026-04-18 00:07:00,1.67,17018.24,1.69,17180.82,1.66,16846.13
2026-04-18 00:08:00,1.66,16805.19,1.7,17362.68,1.65,16681.59
2026-04-18 00:09:00,1.68,17063.42,1.67,17026.76,1.66,16816.03
2026-04-18 00:10:00,1.66,16869.24,1.69,17233.4,1.68,17082.91
2026-04-18 00:11:00,1.68,17091.86,1.7,17361.69,1.67,16945.94
2026-04-18 00:12:00,1.66,16836.72,1.71,17435.6,1.66,16905.82
2026-04-18 00:13:00,1.67,17047.24,1.67,17039.25,1.67,16980.46
2026-04-18 00:14:00,1.68,17107.67,1.7,17396.53,1.68,17088.2
2026-04-18 00:15:00,1.68,17087.48,1.69,17211.68,1.68,17100.26
2026-04-18 00:16:00,1.7,17318.86,1.67,16972.71,1.65,16769.01
2026-04-18 00:17:00,1.67,16999.29,1.69,17293.43,1.68,17166.31
2026-04-18 00:18:00,1.66,16871.0,1.69,17190.28,1.65,16776.46
2026-04-18 00:19:00,1.69,17241.65,1.68,17098.4,1.67,16994.47
2026-04-18 00:20:00,1.67,17019.43,1.67,17013.48,1.67,16971.41
2026-04-18 00:21:00,1.67,17016.45,1.69,17253.78,1.67,16967.05
2026-04-18 00:22:00,1.66,16909.52,1.68,17134.53,1.65,16775.94
2026-04-18 00:23:00,1.67,16982.98,1.69,17271.78,1.66,16909.76
2026-04-18 00:24:00,1.68,17151.47,1.69,17253.08,1.65,16755.09
2026-04-18 00:25:00,1.69,17297.48,1.7,17299.3,1.68,17070.34
2026-04-18 00:26:00,1.66,16850.54,1.68,17125.38,1.67,17038.9
2026-04-18 00:27:00,1.68,17162.56,1.7,17335.42,1.67,17020.97
2026-04-18 00:28:00,1.67,16987.61,1.67,17030.47,1.67,17037.37
2026-04-18 00:29:00,1.67,16996.04,1.67,17007.82,1.68,17159.14
2026-04-18 00:30:00,1.69,17178.67,1.7,17310.27,1.65,16735.9
2026-04-18 00:31:00,1.67,17043.0,1.71,17515.15,1.67,17032.17
2026-04-18 00:32:00,1.7,17309.35,1.67,17019.1,1.68,17051.92
2026-04-18 00:33:00,1.67,16931.34,1.68,17154.71,1.68,17092.06
2026-04-18 00:34:00,1.67,16961.01,1.67,16998.2,1.67,16965.33
2026-04-18 00:35:00,1.68,17116.72,1.67,16963.59,1.68,17081.68
2026-04-18 00:36:00,1.69,17227.87,1.7,17350.87,1.65,16713.22
2026-04-18 00:37:00,1.67,17015.78,1.7,17366.67,1.65,16752.67
2026-04-18 00:38:00,1.69,17237.24,1.68,17080.65,1.69,17199.01
2026-04-18 00:39:00,1.67,17043.02,1.69,17280.79,1.68,17172.47
2026-04-18 00:40:00,1.67,16969.15,1.69,17267.04,1.66,16925.13
2026-04-18 00:41:00,1.69,17244.07,1.68,17153.82,1.68,17153.43
2026-04-18 00:42:00,1.68,17095.06,1.69,17221.47,1.67,17047.58
2026-04-18 00:43:00,1.68,17163.03,1.71,17521.89,1.65,16743.89
2026-04-18 00:44:00,1.68,17160.83,1.69,17234.61,1.66,16895.0
2026-04-18 00:45:00,1.68,17062.74,1.69,17214.73,1.68,17058.36
2026-04-18 00:46:00,1.7,17383.53,1.71,17424.21,1.69,17196.34
2026-04-18 00:47:00,1.69,17231.55,1.7,17344.66,1.69,17254.65
2026-04-18 00:48:00,1.68,17171.46,1.69,17188.3,1.66,16889.91
2026-04-18 00:49:00,1.7,17321.47,1.69,17190.41,1.68,17164.36
2026-04-18 00:50:00,1.68,17106.82,1.68,17156.78,1.69,17178.66
2026-04-18 00:51:00,1.68,17086.74,1.72,17569.79,1.68,17135.34
2026-04-18 00:52:00,1.66,16920.22,1.69,17204.62,1.67,16964.08
2026-04-18 00:53:00,1.7,17382.82,1.7,17399.48,1.69,17207.7
2026-04-18 00:54:00,1.7,17307.47,1.69,17190.82,1.66,16862.05
2026-04-18 00:55:00,1.67,16953.64,1.67,17047.15,1.67,17046.83
2026-04-18 00:56:00,1.67,16969.59,1.7,17324.86,1.69,17282.18
2026-04-18 00:57:00,1.66,16865.01,1.72,17557.28,1.69,17277.18
2026-04-18 00:58:00,1.69,17191.76,1.71,17506.92,1.69,17180.66
2026-04-18 00:59:00,1.68,17161.19,1.69,17248.48,1.66,16823.47
2026-04-18 01:00:00,1.69,17214.35,1.71,17459.21,1.69,17282.9
2026-04-18 01:01:00,1.68,17078.3,1.7,17400.12,1.68,17134.4
2026-04-18 01:02:00,1.69,17236.6,1.71,17514.58,1.69,17238.07
2026-04-18 01:03:00,1.68,17122.48,1.69,17232.15,1.66,16876.22
2026-04-18 01:04:00,1.68,17144.63,1.68,17115.11,1.69,17287.6
2026-04-18 01:05:00,1.68,17146.93,1.7,17371.86,1.67,16943.84
2026-04-18 01:06:00,1.7,17316.25,1.7,17337.76,1.66,16802.92
2026-04-18 01:07:00,1.67,16996.94,1.72,17609.07,1.68,17064.3
2026-04-18 01:08:00,1.67,16973.85,1.7,17336.99,1.65,16790.75
2026-04-18 01:09:00,1.68,17057.71,1.67,17047.65,1.67,16928.01
2026-04-18 01:10:00,1.68,17127.7,1.71,17435.17,1.66,16872.76
2026-04-18 01:11:00,1.7,17332.02,1.72,17563.27,1.68,17130.49
2026-04-18 01:12:00,1.68,17068.73,1.71,17457.3,1.67,16981.45
2026-04-18 01:13:00,1.68,17060.54,1.71,17422.21,1.68,17105.52
2026-04-18 01:14:00,1.69,17219.58,1.68,17153.9,1.7,17301.8
2026-04-18 01:15:00,1.67,16956.74,1.69,17200.42,1.67,16973.79
2026-04-18 01:16:00,1.7,17307.3,1.71,17462.36,1.67,16975.0
2026-04-18 01:17:00,1.67,17040.38,1.7,17414.58,1.67,16998.4
2026-04-18 01:18:00,1.7,17352.22,1.69,17200.11,1.66,16840.39
2026-04-18 01:19:00,1.69,17264.7,1.71,17502.28,1.69,17189.27
2026-04-18 01:20:00,1.7,17336.92,1.7,17388.69,1.68,17057.04
2026-04-18 01:21:00,1.7,17360.5,1.71,17477.02,1.69,17282.3
2026-04-18 01:22:00,1.71,17493.41,1.72,17592.85,1.69,17284.87
2026-04-18 01:23:00,1.67,16951.66,1.71,17485.96,1.68,17139.34
2026-04-18 01:24:00,1.68,17139.69,1.7,17414.66,1.66,16877.27
2026-04-18 01:25:00,1.68,17119.8,1.7,17391.96,1.69,17197.61
2026-04-18 01:26:00,1.68,17162.38,1.7,17316.68,1.68,17161.35
2026-04-18 01:27:00,1.69,17211.65,1.69,17249.64,1.67,17004.07
2026-04-18 01:28:00,1.7,17372.75,1.72,17558.24,1.66,16890.05
2026-04-18 01:29:00,1.69,17254.77,1.7,17402.69,1.7,17405.63
2026-04-18 01:30:00,1.7,17417.42,1.71,17481.74,1.69,17278.08
2026-04-18 01:31:00,1.68,17121.47,1.72,17640.74,1.68,17053.86
2026-04-18 01:32:00,1.69,17282.28,1.69,17259.08,1.66,16876.62
2026-04-18 01:33:00,1.69,17193.76,1.7,17408.16,1.69,17188.37
2026-04-18 01:34:00,1.7,17327.31,1.69,17223.38,1.69,17266.21
2026-04-18 01:35:00,1.68,17093.16,1.71,17444.79,1.7,17393.79
2026-04-18 01:36:00,1.68,17080.93,1.7,17315.65,1.69,17268.47
2026-04-18 01:37:00,1.71,17429.93,1.7,17344.21,1.7,17318.79
2026-04-18 01:38:00,1.71,17504.53,1.72,17552.51,1.7,17389.84
2026-04-18 01:39:00,1.67,17001.96,1.71,17480.28,1.69,17249.76
2026-04-18 01:40:00,1.68,17100.04,1.7,17390.04,1.68,17056.08
2026-04-18 01:41:00,1.68,17055.68,1.7,17310.82,1.71,17429.03
2026-04-18 01:42:00,1.67,17046.39,1.73,17673.23,1.66,16921.17
2026-04-18 01:43:00,1.68,17154.91,1.73,17729.34,1.67,17016.7
2026-04-18 01:44:00,1.7,17361.36,1.71,17431.56,1.68,17106.51
2026-04-18 01:45:00,1.7,17381.15,1.72,17638.29,1.7,17303.67
2026-04-18 01:46:00,1.71,17445.86,1.7,17322.62,1.7,17336.7
2026-04-18 01:47:00,1.71,17431.85,1.7,17344.31,1.7,17356.76
2026-04-18 01:48:00,1.69,17287.41,1.72,17650.0,1.67,17025.52
2026-04-18 01:49:00,1.71,17440.82,1.69,17254.61,1.7,17311.19
2026-04-18 01:50:00,1.68,17079.97,1.69,17253.59,1.7,17301.05
2026-04-18 01:51:00,1.71,17438.58,1.72,17660.14,1.71,17458.44
2026-04-18 01:52:00,1.68,17173.23,1.72,17666.04,1.71,17460.69
2026-04-18 01:53:00,1.68,17085.08,1.71,17431.47,1.69,17203.61
2026-04-18 01:54:00,1.71,17466.81,1.7,17380.46,1.7,17418.5
2026-04-18 01:55:00,1.68,17134.23,1.7,17308.0,1.68,17113.06
2026-04-18 01:56:00,1.7,17400.0,1.73,17686.62,1.69,17226.99
2026-04-18 01:57:00,1.71,17541.86,1.72,17629.47,1.68,17078.79
2026-04-18 01:58:00,1.71,17477.98,1.71,17455.85,1.68,17095.78
2026-04-18 01:59:00,1.7,17317.0,1.71,17503.54,1.7,17402.24
2026-04-18 02:00:00,1.68,17159.23,1.73,17672.55,1.67,17041.12
2026-04-18 02:01:00,1.72,17552.04,1.7,17418.71,1.7,17339.52
2026-04-18 02:02:00,1.68,17131.58,1.72,17555.8,1.71,17437.67
2026-04-18 02:03:00,1.68,17166.2,1.71,17514.68,1.69,17260.26
2026-04-18 02:04:00,1.69,17184.74,1.71,17426.59,1.68,17058.93
2026-04-18 02:05:00,1.71,17540.18,1.7,17400.31,1.68,17111.18
2026-04-18 02:06:00,1.71,17448.46,1.73,17699.43,1.68,17087.89
2026-04-18 02:07:00,1.71,17539.62,1.7,17342.69,1.69,17289.49
2026-04-18 02:08:00,1.7,17375.46,1.7,17325.68,1.68,17156.18
2026-04-18 02:09:00,1.71,17520.61,1.69,17264.28,1.7,17411.04
2026-04-18 02:10:00,1.69,17206.61,1.7,17342.64,1.71,17423.94
2026-04-18 02:11:00,1.68,17161.21,1.71,17438.68,1.69,17250.45
2026-04-18 02:12:00,1.71,17428.25,1.73,17753.82,1.69,17297.23
2026-04-18 02:13:00,1.72,17581.65,1.73,17707.93,1.71,17442.15
2026-04-18 02:14:00,1.7,17352.91,1.71,17534.37,1.71,17498.12
2026-04-18 02:15:00,1.69,17284.98,1.7,17324.85,1.69,17255.09
2026-04-18 02:16:00,1.71,17480.2,1.73,17729.98,1.71,17447.17
2026-04-18 02:17:00,1.71,17478.18,1.69,17249.45,1.69,17176.05
2026-04-18 02:18:00,1.71,17530.93,1.73,17687.13,1.7,17381.64
2026-04-18 02:19:00,1.69,17278.73,1.71,17444.83,1.67,17036.79
2026-04-18 02:20:00,1.71,17442.0,1.73,17724.24,1.71,17502.35
2026-04-18 02:21:00,1.72,17558.84,1.7,17399.79,1.67,17013.53
2026-04-18 02:22:00,1.7,17394.16,1.71,17446.14,1.71,17531.73
2026-04-18 02:23:00,1.68,17170.52,1.71,17504.95,1.71,17467.38
2026-04-18 02:24:00,1.72,17634.26,1.72,17572.34,1.71,17440.1
2026-04-18 02:25:00,1.68,17106.33,1.7,17367.28,1.7,17404.99
2026-04-18 02:26:00,1.71,17453.55,1.7,17396.97,1.67,17023.78
2026-04-18 02:27:00,1.72,17585.66,1.71,17513.28,1.68,17143.65
2026-04-18 02:28:00,1.72,17651.12,1.73,17706.24,1.68,17068.71
2026-04-18 02:29:00,1.71,17535.24,1.72,17644.25,1.7,17356.14
2026-04-18 02:30:00,1.7,17410.29,1.73,17707.94,1.68,17150.21
2026-04-18 02:31:00,1.69,17297.65,1.73,17737.4,1.7,17415.7
2026-04-18 02:32:00,1.71,17462.54,1.72,17630.67,1.71,17518.11
2026-04-18 02:33:00,1.7,17411.53,1.73,17732.62,1.69,17251.79
2026-04-18 02:34:00,1.68,17172.56,1.7,17367.52,1.71,17523.8
2026-04-18 02:35:00,1.72,17570.86,1.71,17448.78,1.68,17149.17
2026-04-18 02:36:00,1.73,17700.81,1.71,17536.16,1.68,17115.81
2026-04-18 02:37:00,1.7,17347.31,1.74,17841.51,1.69,17296.96
2026-04-18 02:38:00,1.69,17242.95,1.74,17872.3,1.71,17493.26
2026-04-18 02:39:00,1.7,17361.01,1.72,17651.23,1.68,17164.84
2026-04-18 02:40:00,1.72,17602.6,1.7,17312.77,1.68,17068.99
2026-04-18 02:41:00,1.69,17278.06,1.72,17642.3,1.71,17507.22
2026-04-18 02:42:00,1.69,17194.34,1.7,17393.86,1.71,17438.91
2026-04-18 02:43:00,1.72,17577.49,1.73,17670.79,1.68,17068.36
2026-04-18 02:44:00,1.71,17526.23,1.72,17554.62,1.68,17061.24
2026-04-18 02:45:00,1.7,17304.4,1.72,17619.37,1.68,17090.85
2026-04-18 02:46:00,1.7,17308.23,1.73,17748.83,1.68,17160.53
2026-04-18 02:47:00,1.71,17426.22,1.72,17593.42,1.72,17566.28
2026-04-18 02:48:00,1.72,17556.27,1.71,17441.43,1.69,17218.69
2026-04-18 02:49:00,1.7,17355.14,1.7,17415.59,1.71,17495.35
2026-04-18 02:50:00,1.73,17685.45,1.71,17461.54,1.7,17386.56
2026-04-18 02:51:00,1.7,17315.36,1.71,17485.63,1.7,17315.22
2026-04-18 02:52:00,1.72,17647.59,1.72,17650.91,1.69,17264.56
2026-04-18 02:53:00,1.72,17585.44,1.7,17364.97,1.71,17485.84
2026-04-18 02:54:00,1.73,17719.08,1.73,17726.51,1.71,17439.28
2026-04-18 02:55:00,1.73,17685.82,1.73,17755.77,1.7,17316.18
2026-04-18 02:56:00,1.71,17432.46,1.74,17820.74,1.69,17211.89
2026-04-18 02:57:00,1.7,17407.98,1.73,17737.35,1.7,17404.79
2026-04-18 02:58:00,1.7,17318.17,1.73,17757.59,1.69,17225.41
2026-04-18 02:59:00,1.72,17661.35,1.72,17594.6,1.7,17380.88
2026-04-18 03:00:00,1.7,17362.67,1.74,17865.88,1.7,17306.8
2026-04-18 03:01:00,1.69,17264.11,1.74,17815.3,1.71,17492.57
2026-04-18 03:02:00,1.71,17438.17,1.71,17534.15,1.7,17355.19
2026-04-18 03:03:00,1.7,17398.88,1.73,17727.0,1.7,17348.09
2026-04-18 03:04:00,1.72,17551.4,1.74,17863.05,1.7,17303.32
2026-04-18 03:05:00,1.71,17498.6,1.71,17491.38,1.71,17506.08
2026-04-18 03:06:00,1.7,17369.68,1.72,17549.98,1.71,17452.82
2026-04-18 03:07:00,1.72,17603.67,1.73,17703.68,1.69,17252.16
2026-04-18 03:08:00,1.72,17660.19,1.72,17585.62,1.69,17257.38
2026-04-18 03:09:00,1.71,17532.21,1.71,17455.59,1.71,17517.1
2026-04-18 03:10:00,1.72,17546.88,1.74,17855.25,1.7,17410.23
2026-04-18 03:11:00,1.72,17565.3,1.72,17651.64,1.7,17344.1
2026-04-18 03:12:00,1.69,17260.08,1.73,17686.33,1.73,17714.18
2026-04-18 03:13:00,1.71,17536.75,1.71,17443.56,1.7,17323.43
2026-04-18 03:14:00,1.7,17392.73,1.73,17681.13,1.72,17593.73
2026-04-18 03:15:00,1.7,17364.72,1.73,17738.46,1.71,17425.79
2026-04-18 03:16:00,1.72,17598.08,1.75,17944.01,1.71,17479.6
2026-04-18 03:17:00,1.72,17598.82,1.74,17797.92,1.73,17715.78
2026-04-18 03:18:00,1.73,17716.75,1.73,17769.05,1.72,17555.23
2026-04-18 03:19:00,1.73,17732.94,1.73,17704.98,1.7,17381.38
2026-04-18 03:20:00,1.71,17513.86,1.74,17872.17,1.7,17328.18
2026-04-18 03:21:00,1.73,17718.05,1.72,17555.08,1.71,17544.01
2026-04-18 03:22:00,1.73,17697.5,1.71,17442.91,1.72,17592.17
2026-04-18 03:23:00,1.72,17664.15,1.74,17854.38,1.73,17699.54
2026-04-18 03:24:00,1.72,17613.14,1.72,17559.6,1.71,17487.87
2026-04-18 03:25:00,1.73,17680.95,1.72,17664.95,1.7,17376.8
2026-04-18 03:26:00,1.73,17690.75,1.74,17814.83,1.72,17603.81
2026-04-18 03:27:00,1.74,17802.56,1.73,17683.72,1.7,17421.16
2026-04-18 03:28:00,1.74,17825.41,1.73,17742.31,1.71,17495.56
2026-04-18 03:29:00,1.73,17777.79,1.75,18010.99,1.7,17342.45
2026-04-18 03:30:00,1.74,17840.15,1.74,17895.84,1.73,17735.73
2026-04-18 03:31:00,1.7,17412.09,1.74,17813.29,1.72,17566.53
2026-04-18 03:32:00,1.7,17370.59,1.74,17802.98,1.71,17536.91
2026-04-18 03:33:00,1.74,17837.44,1.72,17658.36,1.69,17279.64
2026-04-18 03:34:00,1.73,17703.54,1.72,17582.32,1.7,17416.06
2026-04-18 03:35:00,1.72,17579.0,1.73,17786.33,1.71,17493.31
2026-04-18 03:36:00,1.74,17808.54,1.74,17878.51,1.69,17264.23
2026-04-18 03:37:00,1.73,17712.4,1.73,17734.38,1.71,17425.18
2026-04-18 03:38:00,1.72,17590.22,1.73,17764.79,1.7,17378.35
2026-04-18 03:39:00,1.73,17674.85,1.74,17870.97,1.7,17333.19
2026-04-18 03:40:00,1.73,17788.53,1.72,17555.74,1.7,17314.95
2026-04-18 03:41:00,1.73,17736.81,1.73,17785.1,1.7,17385.37
2026-04-18 03:42:00,1.73,17782.79,1.73,17755.49,1.71,17432.12
2026-04-18 03:43:00,1.73,17791.67,1.74,17869.03,1.7,17417.53
2026-04-18 03:44:00,1.73,17685.0,1.74,17904.12,1.69,17287.86
2026-04-18 03:45:00,1.71,17524.45,1.72,17665.4,1.73,17696.5
2026-04-18 03:46:00,1.7,17375.99,1.75,17950.85,1.73,17694.35
2026-04-18 03:47:00,1.72,17562.3,1.75,18009.6,1.69,17223.19
2026-04-18 03:48:00,1.73,17682.1,1.74,17866.02,1.72,17604.81
2026-04-18 03:49:00,1.72,17642.35,1.72,17604.96,1.73,17785.31
2026-04-18 03:50:00,1.74,17853.95,1.74,17863.42,1.73,17697.17
2026-04-18 03:51:00,1.74,17841.65,1.73,17674.55,1.7,17307.13
2026-04-18 03:52:00,1.74,17842.01,1.75,17972.63,1.71,17535.32
2026-04-18 03:53:00,1.71,17545.26,1.73,17729.66,1.69,17230.92
2026-04-18 03:54:00,1.73,17790.65,1.75,18007.72,1.73,17739.29
2026-04-18 03:55:00,1.74,17842.34,1.73,17747.45,1.72,17667.99
2026-04-18 03:56:00,1.71,17426.55,1.76,18042.67,1.73,17759.38
2026-04-18 03:57:00,1.73,17675.81,1.73,17676.8,1.72,17579.88
2026-04-18 03:58:00,1.74,17833.67,1.73,17727.3,1.72,17602.17
2026-04-18 03:59:00,1.72,17568.44,1.74,17830.33,1.72,17615.03
2026-04-18 04:00:00,1.73,17755.84,1.75,17981.98,1.73,17720.04
2026-04-18 04:01:00,1.71,17538.07,1.76,18070.69,1.7,17416.53
2026-04-18 04:02:00,1.72,17576.74,1.73,17789.85,1.7,17372.75
2026-04-18 04:03:00,1.72,17599.8,1.72,17639.67,1.73,17682.95
2026-04-18 04:04:00,1.73,17732.27,1.72,17659.5,1.74,17803.48
2026-04-18 04:05:00,1.72,17577.89,1.72,17648.44,1.71,17472.51
2026-04-18 04:06:00,1.73,17680.39,1.74,17886.35,1.69,17277.75
2026-04-18 04:07:00,1.73,17753.84,1.74,17910.96,1.72,17573.73
2026-04-18 04:08:00,1.74,17839.67,1.76,18057.54,1.71,17461.57
2026-04-18 04:09:00,1.75,17934.65,1.75,18019.2,1.73,17714.48
2026-04-18 04:10:00,1.71,17455.6,1.73,17752.51,1.73,17718.16
2026-04-18 04:11:00,1.7,17387.2,1.75,18017.49,1.72,17608.18
2026-04-18 04:12:00,1.74,17880.44,1.75,17981.21,1.7,17300.04
2026-04-18 04:13:00,1.7,17417.06,1.75,17918.66,1.74,17848.23
2026-04-18 04:14:00,1.74,17852.71,1.76,18049.69,1.74,17859.91
2026-04-18 04:15:00,1.72,17637.78,1.75,17991.89,1.73,17760.83
2026-04-18 04:16:00,1.71,17433.71,1.72,17623.02,1.7,17354.1
2026-04-18 04:17:00,1.72,17648.59,1.72,17571.07,1.72,17631.55
2026-04-18 04:18:00,1.75,17937.7,1.74,17823.65,1.71,17530.94
2026-04-18 04:19:00,1.73,17687.0,1.75,17991.18,1.73,17670.29
2026-04-18 04:20:00,1.72,17632.7,1.74,17879.67,1.73,17698.56
2026-04-18 04:21:00,1.74,17851.66,1.76,18112.32,1.73,17691.52
2026-04-18 04:22:00,1.73,17704.44,1.72,17663.41,1.7,17419.37
2026-04-18 04:23:00,1.74,17847.47,1.76,18116.93,1.73,17761.15
2026-04-18 04:24:00,1.74,17859.81,1.74,17914.16,1.72,17579.09
2026-04-18 04:25:00,1.71,17529.76,1.75,17986.99,1.72,17554.43
2026-04-18 04:26:00,1.74,17801.03,1.73,17736.22,1.71,17451.23
2026-04-18 04:27:00,1.73,17717.96,1.75,18008.43,1.72,17557.12
2026-04-18 04:28:00,1.71,17509.9,1.73,17744.2,1.7,17414.93
2026-04-18 04:29:00,1.74,17916.14,1.76,18109.52,1.7,17380.78
2026-04-18 04:30:00,1.71,17507.7,1.76,18082.77,1.74,17837.24
2026-04-18 04:31:00,1.73,17729.12,1.74,17847.39,1.7,17357.24
2026-04-18 04:32:00,1.73,17764.95,1.74,17850.77,1.72,17631.63
2026-04-18 04:33:00,1.74,17871.61,1.76,18108.35,1.72,17627.13
2026-04-18 04:34:00,1.74,17837.92,1.73,17676.41,1.72,17593.76
2026-04-18 04:35:00,1.72,17669.63,1.74,17885.41,1.72,17562.6
2026-04-18 04:36:00,1.73,17762.98,1.73,17713.59,1.71,17537.11
2026-04-18 04:37:00,1.73,17726.13,1.73,17790.22,1.73,17719.62
2026-04-18 04:38:00,1.74,17890.94,1.74,17884.39,1.74,17861.36
2026-04-18 04:39:00,1.74,17876.69,1.77,18170.78,1.74,17859.54
2026-04-18 04:40:00,1.75,17939.29,1.76,18121.19,1.73,17704.32
2026-04-18 04:41:00,1.72,17562.39,1.76,18079.64,1.74,17808.08
2026-04-18 04:42:00,1.74,17797.77,1.73,17770.5,1.71,17470.7
2026-04-18 04:43:00,1.75,18002.84,1.76,18053.58,1.7,17388.67
2026-04-18 04:44:00,1.76,18052.11,1.73,17738.84,1.74,17872.48
2026-04-18 04:45:00,1.76,18075.84,1.76,18053.93,1.72,17628.57
2026-04-18 04:46:00,1.75,17921.74,1.75,17986.16,1.71,17479.04
2026-04-18 04:47:00,1.72,17609.55,1.74,17841.73,1.72,17656.44
2026-04-18 04:48:00,1.73,17788.44,1.75,17921.91,1.73,17749.83
2026-04-18 04:49:00,1.75,17943.96,1.76,18103.04,1.72,17560.4
2026-04-18 04:50:00,1.75,18000.38,1.74,17869.77,1.74,17882.19
2026-04-18 04:51:00,1.72,17667.69,1.76,18097.94,1.74,17826.78
2026-04-18 04:52:00,1.73,17672.92,1.74,17840.49,1.71,17512.4
2026-04-18 04:53:00,1.74,17811.56,1.73,17787.85,1.72,17558.66
2026-04-18 04:54:00,1.76,18053.71,1.74,17903.88,1.73,17729.65
2026-04-18 04:55:00,1.75,17960.08,1.77,18185.43,1.72,17555.57
2026-04-18 04:56:00,1.75,17989.41,1.74,17839.22,1.74,17820.88
2026-04-18 04:57:00,1.74,17877.62,1.74,17903.99,1.73,17749.26
2026-04-18 04:58:00,1.74,17851.94,1.76,18063.7,1.74,17900.6
2026-04-18 04:59:00,1.72,17641.76,1.74,17794.9,1.72,17571.64
2026-04-18 05:00:00,1.73,17725.88,1.77,18194.19,1.74,17818.79
2026-04-18 05:01:00,1.76,18067.78,1.77,18263.05,1.73,17758.48
2026-04-18 05:02:00,1.74,17875.26,1.75,17990.99,1.74,17858.77
2026-04-18 05:03:00,1.72,17588.1,1.76,18043.14,1.72,17623.64
2026-04-18 05:04:00,1.76,18108.58,1.76,18060.77,1.74,17820.48
2026-04-18 05:05:00,1.73,17786.71,1.76,18114.51,1.71,17500.26
2026-04-18 05:06:00,1.74,17827.94,1.75,18001.67,1.74,17823.02
2026-04-18 05:07:00,1.75,17991.28,1.76,18160.14,1.75,18021.41
2026-04-18 05:08:00,1.76,18075.45,1.76,18063.86,1.73,17777.02
2026-04-18 05:09:00,1.76,18053.48,1.73,17753.8,1.73,17767.31
2026-04-18 05:10:00,1.72,17633.19,1.74,17868.37,1.74,17839.63
2026-04-18 05:11:00,1.73,17789.24,1.74,17899.52,1.72,17633.75
2026-04-18 05:12:00,1.75,17936.05,1.73,17789.04,1.73,17730.38
2026-04-18 05:13:00,1.76,18070.64,1.73,17757.45,1.71,17460.15
2026-04-18 05:14:00,1.76,18109.24,1.75,17981.36,1.71,17536.4
2026-04-18 05:15:00,1.76,18106.44,1.75,17960.25,1.74,17902.86
2026-04-18 05:16:00,1.74,17856.74,1.74,17806.2,1.74,17801.38
2026-04-18 05:17:00,1.76,18105.98,1.75,18015.32,1.72,17559.67
2026-04-18 05:18:00,1.73,17682.98,1.77,18225.34,1.75,17981.75
2026-04-18 05:19:00,1.76,18120.56,1.76,18148.65,1.73,17735.74
2026-04-18 05:20:00,1.76,18133.56,1.74,17868.21,1.74,17915.09
2026-04-18 05:21:00,1.74,17836.46,1.76,18081.8,1.74,17891.63
2026-04-18 05:22:00,1.75,17922.99,1.75,18025.7,1.74,17861.68
2026-04-18 05:23:00,1.73,17727.25,1.77,18284.75,1.76,18060.79
2026-04-18 05:24:00,1.75,17949.45,1.74,17911.34,1.75,18034.15
2026-04-18 05:25:00,1.75,17958.11,1.76,18141.08,1.75,17978.81
2026-04-18 05:26:00,1.75,18035.36,1.76,18157.96,1.74,17914.98
2026-04-18 05:27:00,1.74,17882.3,1.75,17968.72,1.71,17513.37
2026-04-18 05:28:00,1.75,18037.56,1.78,18367.32,1.73,17686.67
2026-04-18 05:29:00,1.74,17842.73,1.77,18225.78,1.73,17769.95
2026-04-18 05:30:00,1.73,17700.12,1.77,18231.38,1.74,17849.89
2026-04-18 05:31:00,1.75,18035.64,1.75,17955.4,1.73,17782.89
2026-04-18 05:32:00,1.74,17894.05,1.77,18278.49,1.73,17713.15
2026-04-18 05:33:00,1.76,18059.74,1.74,17904.9,1.75,17996.08
2026-04-18 05:34:00,1.75,17934.29,1.78,18322.09,1.73,17730.79
2026-04-18 05:35:00,1.74,17817.87,1.74,17811.52,1.74,17913.04
2026-04-18 05:36:00,1.75,17924.7,1.74,17881.43,1.74,17864.2
2026-04-18 05:37:00,1.73,17787.28,1.77,18199.8,1.74,17900.15
2026-04-18 05:38:00,1.73,17700.83,1.78,18335.83,1.75,18018.77
2026-04-18 05:39:00,1.73,17682.03,1.77,18274.31,1.73,17678.65
2026-04-18 05:40:00,1.76,18125.96,1.75,17971.91,1.75,17971.59
2026-04-18 05:41:00,1.77,18225.66,1.76,18139.94,1.73,17687.21
2026-04-18 05:42:00,1.77,18184.43,1.76,18159.62,1.74,17847.25
2026-04-18 05:43:00,1.74,17891.68,1.75,18028.3,1.74,17904.74
2026-04-18 05:44:00,1.75,17989.81,1.77,18252.17,1.74,17799.72
2026-04-18 05:45:00,1.77,18172.37,1.77,18186.93,1.75,18008.1
2026-04-18 05:46:00,1.73,17680.75,1.75,18000.98,1.75,17986.05
2026-04-18 05:47:00,1.73,17764.3,1.75,17979.28,1.73,17766.67
2026-04-18 05:48:00,1.74,17857.13,1.77,18282.08,1.73,17769.33
2026-04-18 05:49:00,1.76,18097.35,1.78,18388.45,1.73,17686.34
2026-04-18 05:50:00,1.75,17926.33,1.75,18033.35,1.72,17623.1
2026-04-18 05:51:00,1.77,18224.02,1.76,18121.75,1.73,17691.52
2026-04-18 05:52:00,1.77,18202.94,1.75,18030.21,1.72,17652.16
2026-04-18 05:53:00,1.74,17896.82,1.77,18247.68,1.75,17922.26
2026-04-18 05:54:00,1.74,17851.67,1.77,18280.36,1.73,17707.37
2026-04-18 05:55:00,1.75,18000.12,1.76,18106.82,1.74,17826.24
2026-04-18 05:56:00,1.76,18048.86,1.78,18370.7,1.75,17991.53
2026-04-18 05:57:00,1.75,17981.85,1.77,18219.06,1.74,17812.12
2026-04-18 05:58:00,1.75,17965.04,1.75,17923.69,1.77,18186.35
2026-04-18 05:59:00,1.76,18073.73,1.77,18215.48,1.74,17856.48
2026-04-18 06:00:00,1.75,17940.8,1.75,18020.79,1.75,17979.15
2026-04-18 06:01:00,1.76,18065.64,1.74,17835.95,1.76,18104.95
2026-04-18 06:02:00,1.76,18094.63,1.77,18236.99,1.73,17756.31
2026-04-18 06:03:00,1.73,17751.88,1.77,18202.2,1.74,17906.37
2026-04-18 06:04:00,1.74,17833.68,1.77,18222.55,1.74,17843.31
2026-04-18 06:05:00,1.74,17901.42,1.76,18156.6,1.74,17817.19
2026-04-18 06:06:00,1.77,18268.62,1.78,18328.39,1.76,18111.6
2026-04-18 06:07:00,1.77,18213.01,1.75,18001.34,1.73,17783.88
2026-04-18 06:08:00,1.75,17984.31,1.78,18382.13,1.73,17769.42
2026-04-18 06:09:00,1.74,17895.39,1.77,18180.12,1.76,18074.26
2026-04-18 06:10:00,1.75,18038.03,1.74,17916.91,1.76,18133.51
2026-04-18 06:11:00,1.74,17805.9,1.76,18110.01,1.75,17931.39
2026-04-18 06:12:00,1.75,17935.65,1.77,18224.85,1.73,17776.09
2026-04-18 06:13:00,1.76,18060.24,1.76,18123.19,1.73,17765.14
2026-04-18 06:14:00,1.74,17872.93,1.77,18189.13,1.74,17871.74
2026-04-18 06:15:00,1.77,18193.49,1.76,18122.84,1.74,17808.8
2026-04-18 06:16:00,1.74,17847.82,1.77,18259.15,1.74,17826.34
2026-04-18 06:17:00,1.76,18090.46,1.78,18399.74,1.75,17929.58
2026-04-18 06:18:00,1.75,18035.88,1.76,18164.19,1.75,17962.92
2026-04-18 06:19:00,1.74,17879.34,1.76,18164.74,1.76,18106.13
2026-04-18 06:20:00,1.77,18260.68,1.79,18464.34,1.76,18110.99
2026-04-18 06:21:00,1.75,17998.53,1.78,18334.94,1.74,17810.77
2026-04-18 06:22:00,1.77,18184.84,1.78,18404.9,1.74,17797.01
2026-04-18 06:23:00,1.75,17971.78,1.77,18167.63,1.75,17949.09
2026-04-18 06:24:00,1.75,17976.76,1.77,18233.11,1.76,18154.39
2026-04-18 06:25:00,1.74,17881.87,1.78,18381.4,1.73,17763.33
2026-04-18 06:26:00,1.75,17972.93,1.75,18026.6,1.74,17875.06
2026-04-18 06:27:00,1.75,18034.22,1.79,18417.4,1.77,18175.57
2026-04-18 06:28:00,1.78,18306.51,1.77,18257.17,1.77,18191.01
2026-04-18 06:29:00,1.75,17930.14,1.78,18323.37,1.75,17979.79
2026-04-18 06:30:00,1.77,18208.58,1.77,18232.02,1.75,18018.76
2026-04-18 06:31:00,1.77,18289.69,1.77,18260.51,1.74,17838.41
2026-04-18 06:32:00,1.76,18043.5,1.78,18317.27,1.74,17825.94
2026-04-18 06:33:00,1.75,17981.44,1.77,18247.9,1.75,18001.51
2026-04-18 06:34:00,1.78,18374.99,1.79,18428.66,1.76,18053.59
2026-04-18 06:35:00,1.78,18382.21,1.77,18180.01,1.75,17967.22
2026-04-18 06:36:00,1.78,18336.82,1.79,18531.34,1.75,18031.75
2026-04-18 06:37:00,1.76,18043.67,1.76,18123.15,1.74,17895.73
2026-04-18 06:38:00,1.76,18098.8,1.76,18144.15,1.76,18067.55
2026-04-18 06:39:00,1.77,18229.63,1.76,18046.22,1.74,17898.88
2026-04-18 06:40:00,1.78,18341.21,1.79,18499.01,1.74,17884.58
2026-04-18 06:41:00,1.76,18164.25,1.78,18347.56,1.75,18039.15
2026-04-18 06:42:00,1.78,18395.43,1.76,18158.39,1.76,18137.07
2026-04-18 06:43:00,1.77,18253.29,1.77,18218.94,1.75,17924.58
2026-04-18 06:44:00,1.75,17929.27,1.79,18519.38,1.73,17745.04
2026-04-18 06:45:00,1.77,18184.73,1.75,18014.42,1.73,17769.63
2026-04-18 06:46:00,1.76,18055.77,1.75,18034.3,1.75,17921.13
2026-04-18 06:47:00,1.76,18055.67,1.79,18514.95,1.78,18293.87
2026-04-18 06:48:00,1.75,17989.88,1.79,18482.32,1.74,17850.87
2026-04-18 06:49:00,1.77,18225.17,1.76,18055.03,1.75,17954.8
2026-04-18 06:50:00,1.78,18367.53,1.78,18357.74,1.75,18037.28
2026-04-18 06:51:00,1.74,17893.17,1.78,18392.08,1.77,18272.03
2026-04-18 06:52:00,1.78,18381.5,1.76,18081.74,1.74,17850.68
2026-04-18 06:53:00,1.76,18048.85,1.79,18532.65,1.75,18000.63
2026-04-18 06:54:00,1.77,18179.35,1.77,18200.14,1.76,18165.88
2026-04-18 06:55:00,1.78,18303.47,1.79,18450.76,1.77,18240.55
2026-04-18 06:56:00,1.77,18227.05,1.75,17990.99,1.75,17974.67
2026-04-18 06:57:00,1.78,18308.49,1.79,18443.08,1.73,17785.33
2026-04-18 06:58:00,1.76,18045.21,1.77,18252.97,1.75,18011.43
2026-04-18 06:59:00,1.76,18084.3,1.76,18123.22,1.74,17899.68
2026-04-18 07:00:00,1.74,17881.29,1.77,18273.62,1.77,18217.15
2026-04-18 07:01:00,1.75,18036.07,1.77,18218.75,1.76,18134.46
2026-04-18 07:02:00,1.77,18231.64,1.77,18222.3,1.75,17981.76
2026-04-18 07:03:00,1.75,18006.31,1.79,18431.08,1.76,18092.68
2026-04-18 07:04:00,1.75,17960.18,1.77,18217.08,1.78,18305.91
2026-04-18 07:05:00,1.75,17995.16,1.76,18105.27,1.76,18116.57
2026-04-18 07:06:00,1.78,18404.16,1.78,18372.49,1.74,17916.78
2026-04-18 07:07:00,1.76,18122.49,1.8,18585.72,1.78,18349.1
2026-04-18 07:08:00,1.76,18054.06,1.76,18151.28,1.75,17920.17
2026-04-18 07:09:00,1.75,17994.53,1.79,18532.07,1.74,17806.72
2026-04-18 07:10:00,1.78,18292.85,1.76,18130.71,1.75,17978.08
2026-04-18 07:11:00,1.75,18001.46,1.79,18449.99,1.77,18168.65
2026-04-18 07:12:00,1.76,18120.47,1.79,18435.74,1.77,18180.08
2026-04-18 07:13:00,1.76,18085.62,1.79,18419.79,1.77,18228.91
2026-04-18 07:14:00,1.78,18364.36,1.78,18402.84,1.76,18049.4
2026-04-18 07:15:00,1.76,18087.62,1.79,18448.74,1.77,18172.52
2026-04-18 07:16:00,1.78,18298.63,1.77,18201.11,1.74,17835.84
2026-04-18 07:17:00,1.79,18508.23,1.81,18668.08,1.77,18276.8
2026-04-18 07:18:00,1.78,18404.13,1.79,18415.43,1.77,18169.92
2026-04-18 07:19:00,1.77,18232.53,1.76,18124.43,1.75,17960.16
2026-04-18 07:20:00,1.79,18479.5,1.77,18189.33,1.75,18012.03
2026-04-18 07:21:00,1.75,18010.98,1.78,18364.32,1.77,18217.52
2026-04-18 07:22:00,1.78,18405.89,1.78,18297.0,1.77,18249.17
2026-04-18 07:23:00,1.76,18103.69,1.76,18080.86,1.76,18145.46
2026-04-18 07:24:00,1.78,18349.99,1.8,18620.73,1.74,17873.52
2026-04-18 07:25:00,1.77,18276.76,1.76,18107.95,1.76,18096.25
2026-04-18 07:26:00,1.76,18043.41,1.79,18532.15,1.78,18317.33
2026-04-18 07:27:00,1.78,18407.98,1.76,18141.69,1.75,18038.26
2026-04-18 07:28:00,1.78,18343.72,1.79,18477.26,1.78,18306.36
2026-04-18 07:29:00,1.77,18178.11,1.77,18278.61,1.78,18341.08
2026-04-18 07:30:00,1.75,18010.4,1.79,18522.95,1.74,17891.31
2026-04-18 07:31:00,1.77,18237.01,1.76,18106.76,1.76,18127.43
2026-04-18 07:32:00,1.76,18105.49,1.77,18275.09,1.78,18383.82
2026-04-18 07:33:00,1.78,18301.29,1.8,18552.58,1.77,18214.67
2026-04-18 07:34:00,1.76,18156.3,1.78,18313.43,1.76,18067.85
2026-04-18 07:35:00,1.76,18160.74,1.78,18301.2,1.74,17888.0
2026-04-18 07:36:00,1.79,18433.08,1.77,18183.0,1.77,18208.25
2026-04-18 07:37:00,1.79,18453.98,1.76,18133.58,1.77,18217.23
2026-04-18 07:38:00,1.76,18117.1,1.78,18309.64,1.76,18092.2
2026-04-18 07:39:00,1.77,18224.9,1.79,18502.2,1.76,18069.06
2026-04-18 07:40:00,1.79,18528.77,1.78,18390.45,1.75,17936.18
2026-04-18 07:41:00,1.77,18193.39,1.77,18267.38,1.77,18197.57
2026-04-18 07:42:00,1.78,18385.65,1.78,18347.11,1.75,17990.72
2026-04-18 07:43:00,1.77,18230.84,1.8,18658.61,1.76,18090.18
2026-04-18 07:44:00,1.77,18198.96,1.78,18405.59,1.77,18221.05
2026-04-18 07:45:00,1.77,18274.94,1.79,18514.52,1.76,18077.62
2026-04-18 07:46:00,1.79,18533.96,1.79,18472.62,1.75,17932.83
2026-04-18 07:47:00,1.77,18251.02,1.78,18293.56,1.78,18339.36
2026-04-18 07:48:00,1.77,18225.56,1.81,18670.26,1.75,17928.01
2026-04-18 07:49:00,1.77,18168.92,1.81,18687.0,1.75,17992.38
2026-04-18 07:50:00,1.76,18125.29,1.81,18698.74,1.75,17985.64
2026-04-18 07:51:00,1.77,18231.98,1.77,18269.85,1.76,18046.25
2026-04-18 07:52:00,1.76,18127.68,1.8,18575.58,1.78,18319.25
2026-04-18 07:53:00,1.76,18042.94,1.78,18384.88,1.78,18332.63
2026-04-18 07:54:00,1.77,18277.86,1.81,18707.59,1.76,18047.33
2026-04-18 07:55:00,1.79,18466.55,1.79,18535.54,1.75,17992.91
2026-04-18 07:56:00,1.77,18237.17,1.81,18696.47,1.77,18185.3
2026-04-18 07:57:00,1.78,18292.12,1.77,18227.15,1.78,18322.41
2026-04-18 07:58:00,1.77,18252.62,1.79,18511.97,1.76,18050.93
2026-04-18 07:59:00,1.76,18077.62,1.81,18720.92,1.79,18444.6
2026-04-18 08:00:00,1.77,18173.1,1.79,18493.69,1.76,18055.0
2026-04-18 08:01:00,1.8,18548.7,1.81,18691.24,1.76,18068.24
2026-04-18 08:02:00,1.78,18311.97,1.81,18761.63,1.77,18175.06
2026-04-18 08:03:00,1.76,18091.09,1.78,18331.93,1.79,18455.94
2026-04-18 08:04:00,1.8,18558.24,1.8,18567.55,1.78,18376.71
2026-04-18 08:05:00,1.76,18113.36,1.8,18573.03,1.76,18099.52
2026-04-18 08:06:00,1.78,18358.41,1.79,18477.75,1.76,18078.58
2026-04-18 08:07:00,1.79,18502.7,1.81,18717.39,1.75,17975.21
2026-04-18 08:08:00,1.8,18602.08,1.78,18338.84,1.79,18452.47
2026-04-18 08:09:00,1.77,18206.78,1.77,18252.08,1.78,18339.49
2026-04-18 08:10:00,1.76,18054.84,1.81,18726.4,1.77,18170.85
2026-04-18 08:11:00,1.76,18060.48,1.78,18349.36,1.76,18104.03
2026-04-18 08:12:00,1.8,18584.72,1.79,18490.14,1.77,18267.9
2026-04-18 08:13:00,1.76,18161.2,1.79,18501.06,1.79,18506.27
2026-04-18 08:14:00,1.77,18208.78,1.78,18322.57,1.77,18244.19
2026-04-18 08:15:00,1.8,18613.13,1.77,18246.98,1.78,18365.63
2026-04-18 08:16:00,1.79,18450.3,1.81,18744.62,1.79,18446.42
2026-04-18 08:17:00,1.79,18458.34,1.79,18456.62,1.78,18310.39
2026-04-18 08:18:00,1.76,18133.4,1.8,18637.69,1.76,18132.31
2026-04-18 08:19:00,1.79,18497.13,1.79,18496.05,1.77,18276.17
2026-04-18 08:20:00,1.78,18353.68,1.8,18636.42,1.77,18189.72
2026-04-18 08:21:00,1.79,18419.51,1.79,18415.15,1.79,18428.43
2026-04-18 08:22:00,1.81,18664.64,1.77,18264.79,1.77,18207.63
2026-04-18 08:23:00,1.79,18426.35,1.78,18381.11,1.78,18324.78
2026-04-18 08:24:00,1.77,18250.54,1.78,18358.22,1.78,18382.63
2026-04-18 08:25:00,1.77,18233.91,1.78,18310.99,1.76,18069.58
2026-04-18 08:26:00,1.77,18281.49,1.78,18361.53,1.79,18470.11
2026-04-18 08:27:00,1.81,18707.3,1.79,18511.49,1.77,18176.1
2026-04-18 08:28:00,1.79,18508.02,1.79,18531.12,1.76,18102.36
2026-04-18 08:29:00,1.76,18144.65,1.8,18556.71,1.75,18033.23
2026-04-18 08:30:00,1.77,18182.18,1.8,18631.24,1.77,18237.55
2026-04-18 08:31:00,1.77,18264.29,1.78,18368.36,1.78,18291.73
2026-04-18 08:32:00,1.77,18225.68,1.78,18333.78,1.79,18426.16
2026-04-18 08:33:00,1.8,18604.29,1.78,18411.4,1.79,18520.44
2026-04-18 08:34:00,1.78,18339.46,1.8,18554.82,1.77,18207.6
2026-04-18 08:35:00,1.78,18330.73,1.78,18353.59,1.8,18548.14
2026-04-18 08:36:00,1.8,18572.91,1.78,18348.32,1.77,18209.89
2026-04-18 08:37:00,1.77,18260.41,1.82,18832.56,1.77,18280.19
2026-04-18 08:38:00,1.77,18186.81,1.78,18331.1,1.77,18286.67
2026-04-18 08:39:00,1.77,18235.25,1.81,18735.83,1.79,18511.24
2026-04-18 08:40:00,1.8,18632.57,1.79,18454.59,1.77,18219.21
2026-04-18 08:41:00,1.81,18687.55,1.82,18867.99,1.78,18400.26
2026-04-18 08:42:00,1.79,18417.61,1.81,18761.29,1.8,18570.12
2026-04-18 08:43:00,1.81,18664.68,1.79,18489.6,1.76,18100.38
2026-04-18 08:44:00,1.8,18605.64,1.79,18509.83,1.77,18260.8
2026-04-18 08:45:00,1.81,18731.33,1.8,18618.7,1.78,18355.47
2026-04-18 08:46:00,1.8,18538.35,1.81,18779.17,1.78,18300.73
2026-04-18 08:47:00,1.78,18402.69,1.81,18704.03,1.78,18361.4
2026-04-18 08:48:00,1.77,18246.32,1.79,18453.25,1.76,18120.22
2026-04-18 08:49:00,1.8,18640.05,1.78,18316.25,1.78,18385.33
2026-04-18 08:50:00,1.77,18214.59,1.79,18433.68,1.77,18171.5
2026-04-18 08:51:00,1.8,18562.36,1.8,18552.36,1.77,18195.55
2026-04-18 08:52:00,1.79,18511.35,1.82,18792.44,1.76,18105.78
2026-04-18 08:53:00,1.8,18607.13,1.83,18911.42,1.77,18207.8
2026-04-18 08:54:00,1.78,18382.45,1.82,18847.04,1.79,18503.92
2026-04-18 08:55:00,1.78,18331.95,1.82,18813.08,1.79,18477.39
2026-04-18 08:56:00,1.81,18764.49,1.82,18863.46,1.77,18282.4
2026-04-18 08:57:00,1.78,18368.87,1.8,18576.52,1.77,18272.31
2026-04-18 08:58:00,1.77,18270.34,1.82,18850.19,1.8,18629.66
2026-04-18 08:59:00,1.77,18246.68,1.79,18453.4,1.77,18200.84
2026-04-18 09:00:00,1.8,18554.71,1.81,18688.87,1.79,18433.82
2026-04-18 09:01:00,1.77,18285.25,1.81,18747.38,1.77,18222.08
2026-04-18 09:02:00,1.79,18494.88,1.8,18583.1,1.77,18282.79
2026-04-18 09:03:00,1.8,18624.82,1.81,18772.52,1.76,18112.98
2026-04-18 09:04:00,1.8,18649.5,1.81,18738.87,1.81,18698.5
2026-04-18 09:05:00,1.77,18265.95,1.81,18775.05,1.8,18556.36
2026-04-18 09:06:00,1.8,18615.59,1.78,18392.46,1.79,18468.99
2026-04-18 09:07:00,1.8,18599.7,1.81,18730.29,1.78,18325.04
2026-04-18 09:08:00,1.77,18279.37,1.82,18793.44,1.76,18093.9
2026-04-18 09:09:00,1.8,18634.42,1.83,18949.95,1.79,18431.9
2026-04-18 09:10:00,1.78,18359.75,1.8,18570.58,1.8,18625.04
2026-04-18 09:11:00,1.79,18505.91,1.81,18691.21,1.79,18501.3
2026-04-18 09:12:00,1.79,18488.74,1.8,18580.08,1.8,18538.57
2026-04-18 09:13:00,1.8,18562.79,1.79,18481.02,1.8,18550.1
2026-04-18 09:14:00,1.78,18311.81,1.79,18455.6,1.78,18369.16
2026-04-18 09:15:00,1.79,18526.49,1.82,18810.32,1.79,18439.65
2026-04-18 09:16:00,1.81,18747.88,1.79,18416.77,1.8,18622.34
2026-04-18 09:17:00,1.77,18282.72,1.82,18814.74,1.79,18419.33
2026-04-18 09:18:00,1.79,18423.48,1.82,18797.91,1.78,18304.89
2026-04-18 09:19:00,1.8,18586.69,1.8,18592.99,1.8,18627.18
2026-04-18 09:20:00,1.82,18803.72,1.83,18934.63,1.8,18568.88
2026-04-18 09:21:00,1.82,18787.17,1.81,18717.0,1.8,18583.82
2026-04-18 09:22:00,1.79,18531.35,1.79,18442.19,1.81,18727.27
2026-04-18 09:23:00,1.8,18549.56,1.82,18808.84,1.77,18281.51
2026-04-18 09:24:00,1.78,18351.03,1.79,18464.0,1.78,18402.14
2026-04-18 09:25:00,1.78,18310.7,1.82,18907.98,1.78,18388.28
2026-04-18 09:26:00,1.79,18524.57,1.82,18847.83,1.81,18681.34
2026-04-18 09:27:00,1.79,18430.57,1.81,18743.53,1.77,18252.26
2026-04-18 09:28:00,1.8,18634.43,1.81,18697.13,1.8,18643.42
2026-04-18 09:29:00,1.82,18822.96,1.79,18431.02,1.77,18211.74
2026-04-18 09:30:00,1.81,18779.89,1.8,18660.37,1.77,18243.05
2026-04-18 09:31:00,1.79,18451.35,1.83,19020.26,1.81,18704.17
2026-04-18 09:32:00,1.82,18873.84,1.8,18621.46,1.8,18587.19
2026-04-18 09:33:00,1.82,18801.37,1.81,18696.66,1.8,18572.21
2026-04-18 09:34:00,1.81,18700.84,1.82,18793.57,1.79,18537.14
2026-04-18 09:35:00,1.79,18443.89,1.81,18693.0,1.8,18559.53
2026-04-18 09:36:00,1.82,18885.15,1.79,18516.73,1.77,18231.52
2026-04-18 09:37:00,1.79,18418.95,1.79,18527.97,1.77,18186.09
2026-04-18 09:38:00,1.79,18496.43,1.82,18858.55,1.81,18679.87
2026-04-18 09:39:00,1.81,18696.14,1.83,18976.06,1.8,18642.79
2026-04-18 09:40:00,1.78,18390.59,1.82,18857.78,1.81,18728.77
2026-04-18 09:41:00,1.81,18674.14,1.81,18758.9,1.8,18637.01
2026-04-18 09:42:00,1.78,18396.8,1.83,18922.4,1.78,18366.78
2026-04-18 09:43:00,1.78,18396.2,1.84,19088.94,1.79,18527.22
2026-04-18 09:44:00,1.8,18630.39,1.8,18558.08,1.81,18764.68
2026-04-18 09:45:00,1.82,18879.25,1.8,18586.98,1.79,18525.02
2026-04-18 09:46:00,1.81,18771.24,1.79,18494.36,1.78,18400.94
2026-04-18 09:47:00,1.82,18801.59,1.82,18905.26,1.81,18699.67
2026-04-18 09:48:00,1.8,18625.08,1.82,18909.01,1.79,18502.24
2026-04-18 09:49:00,1.79,18447.71,1.8,18600.56,1.77,18246.87
2026-04-18 09:50:00,1.79,18474.76,1.83,18962.63,1.78,18293.54
2026-04-18 09:51:00,1.82,18806.49,1.81,18663.43,1.79,18456.18
2026-04-18 09:52:00,1.8,18611.25,1.8,18603.68,1.81,18664.86
2026-04-18 09:53:00,1.81,18755.55,1.82,18795.86,1.8,18584.37
2026-04-18 09:54:00,1.82,18880.78,1.84,19065.18,1.8,18548.12
2026-04-18 09:55:00,1.81,18708.82,1.8,18597.9,1.79,18510.07
2026-04-18 09:56:00,1.81,18684.37,1.81,18742.86,1.79,18470.55
2026-04-18 09:57:00,1.82,18879.77,1.8,18571.67,1.79,18463.42
2026-04-18 09:58:00,1.82,18835.96,1.84,19050.58,1.79,18421.59
2026-04-18 09:59:00,1.79,18441.46,1.84,19110.04,1.81,18702.83
2026-04-18 10:00:00,1.83,18949.12,1.81,18696.13,1.8,18597.99
2026-04-18 10:01:00,1.82,18829.82,1.8,18636.67,1.8,18554.33
2026-04-18 10:02:00,1.82,18887.23,1.84,19073.18,1.8,18595.74
2026-04-18 10:03:00,1.8,18657.46,1.82,18907.97,1.81,18753.67
2026-04-18 10:04:00,1.83,18914.06,1.79,18534.7,1.78,18300.87
2026-04-18 10:05:00,1.8,18598.68,1.81,18696.1,1.8,18635.98
2026-04-18 10:06:00,1.79,18525.25,1.83,18978.41,1.81,18756.43
2026-04-18 10:07:00,1.82,18880.64,1.82,18878.96,1.81,18771.88
2026-04-18 10:08:00,1.83,18915.26,1.82,18878.01,1.82,18792.18
2026-04-18 10:09:00,1.83,18943.9,1.8,18562.41,1.8,18614.43
2026-04-18 10:10:00,1.82,18787.7,1.82,18786.17,1.79,18516.11
2026-04-18 10:11:00,1.81,18724.35,1.83,19019.0,1.81,18775.62
2026-04-18 10:12:00,1.83,18911.59,1.81,18697.67,1.79,18503.25
2026-04-18 10:13:00,1.83,19006.58,1.83,19004.24,1.81,18757.8
2026-04-18 10:14:00,1.8,18558.21,1.84,19096.76,1.82,18836.43
2026-04-18 10:15:00,1.83,18982.02,1.84,19138.42,1.81,18672.34
2026-04-18 10:16:00,1.82,18855.67,1.82,18864.21,1.78,18366.36
2026-04-18 10:17:00,1.81,18694.06,1.83,19015.05,1.78,18382.32
2026-04-18 10:18:00,1.79,18514.0,1.83,19030.05,1.82,18789.21
2026-04-18 10:19:00,1.81,18746.65,1.82,18894.46,1.78,18335.68
2026-04-18 10:20:00,1.83,18927.21,1.82,18793.98,1.77,18280.67
2026-04-18 10:21:00,1.79,18445.56,1.8,18625.41,1.79,18453.53
2026-04-18 10:22:00,1.81,18785.0,1.83,19022.14,1.82,18899.34
2026-04-18 10:23:00,1.8,18632.43,1.8,18656.89,1.8,18649.33
2026-04-18 10:24:00,1.83,18924.56,1.81,18670.13,1.79,18414.02
2026-04-18 10:25:00,1.81,18772.3,1.83,18967.46,1.78,18386.86
2026-04-18 10:26:00,1.8,18592.45,1.84,19042.57,1.79,18453.66
2026-04-18 10:27:00,1.79,18511.18,1.82,18799.39,1.78,18328.41
2026-04-18 10:28:00,1.8,18605.08,1.84,19145.48,1.78,18383.74
2026-04-18 10:29:00,1.79,18498.79,1.82,18813.8,1.8,18644.48
2026-04-18 10:30:00,1.82,18862.91,1.81,18749.99,1.82,18817.93
2026-04-18 10:31:00,1.82,18898.84,1.83,19024.89,1.79,18499.5
2026-04-18 10:32:00,1.8,18655.67,1.82,18873.22,1.78,18412.19
2026-04-18 10:33:00,1.83,18972.31,1.83,18939.24,1.82,18798.14
2026-04-18 10:34:00,1.82,18846.67,1.81,18750.31,1.82,18891.68
2026-04-18 10:35:00,1.8,18625.63,1.8,18626.64,1.81,18784.81
2026-04-18 10:36:00,1.81,18697.26,1.85,19185.09,1.79,18521.84
2026-04-18 10:37:00,1.83,18920.19,1.81,18732.13,1.81,18770.21
2026-04-18 10:38:00,1.82,18835.51,1.82,18822.38,1.83,18956.41
2026-04-18 10:39:00,1.82,18797.42,1.84,19152.79,1.79,18531.85
2026-04-18 10:40:00,1.83,18928.56,1.84,19126.15,1.83,18928.58
2026-04-18 10:41:00,1.82,18840.27,1.84,19097.19,1.8,18608.67
2026-04-18 10:42:00,1.84,19065.82,1.83,18937.14,1.81,18757.71
2026-04-18 10:43:00,1.83,18991.59,1.82,18889.12,1.81,18665.17
2026-04-18 10:44:00,1.8,18625.87,1.81,18677.59,1.8,18651.9
2026-04-18 10:45:00,1.8,18584.56,1.82,18904.8,1.82,18836.19
2026-04-18 10:46:00,1.82,18893.42,1.81,18703.41,1.81,18733.52
2026-04-18 10:47:00,1.83,18985.3,1.84,19101.76,1.81,18734.61
2026-04-18 10:48:00,1.8,18631.07,1.84,19156.39,1.82,18871.05
2026-04-18 10:49:00,1.83,18959.86,1.84,19137.27,1.79,18480.29
2026-04-18 10:50:00,1.83,18993.65,1.84,19147.43,1.82,18831.22
2026-04-18 10:51:00,1.83,18982.3,1.81,18680.12,1.8,18557.57
2026-04-18 10:52:00,1.84,19115.19,1.85,19218.93,1.8,18604.54
2026-04-18 10:53:00,1.84,19053.91,1.81,18757.34,1.83,18996.5
2026-04-18 10:54:00,1.83,18913.44,1.85,19205.0,1.8,18587.94
2026-04-18 10:55:00,1.83,18998.57,1.85,19166.11,1.82,18837.28
2026-04-18 10:56:00,1.81,18772.24,1.83,19011.31,1.8,18595.65
2026-04-18 10:57:00,1.81,18677.71,1.82,18898.48,1.81,18733.75
2026-04-18 10:58:00,1.84,19092.79,1.82,18845.23,1.82,18860.93
2026-04-18 10:59:00,1.8,18589.85,1.83,18935.44,1.83,18978.89
2026-04-18 11:00:00,1.83,19009.76,1.82,18832.33,1.81,18698.83
2026-04-18 11:01:00,1.83,18979.87,1.83,18978.39,1.82,18850.35
2026-04-18 11:02:00,1.82,18881.87,1.84,19068.95,1.83,18946.44
2026-04-18 11:03:00,1.83,18988.67,1.83,18939.48,1.8,18614.66
2026-04-18 11:04:00,1.83,19023.71,1.84,19126.72,1.81,18722.19
2026-04-18 11:05:00,1.81,18741.21,1.84,19104.3,1.83,19016.86
2026-04-18 11:06:00,1.81,18747.33,1.82,18786.83,1.81,18777.22
2026-04-18 11:07:00,1.8,18612.97,1.83,19026.87,1.81,18716.25
2026-04-18 11:08:00,1.8,18650.22,1.83,18938.23,1.83,19021.85
2026-04-18 11:09:00,1.82,18839.8,1.83,18950.28,1.83,18955.73
2026-04-18 11:10:00,1.83,19016.21,1.81,18779.35,1.8,18635.1
2026-04-18 11:11:00,1.82,18819.72,1.81,18775.98,1.79,18497.34
2026-04-18 11:12:00,1.83,18914.38,1.81,18738.57,1.83,18923.72
2026-04-18 11:13:00,1.83,18954.87,1.82,18879.65,1.8,18603.99
2026-04-18 11:14:00,1.84,19154.93,1.85,19170.78,1.8,18605.32
2026-04-18 11:15:00,1.82,18863.03,1.83,18963.3,1.81,18682.51
2026-04-18 11:16:00,1.81,18675.28,1.82,18876.15,1.81,18688.79
2026-04-18 11:17:00,1.81,18785.95,1.84,19059.54,1.84,19078.31
2026-04-18 11:18:00,1.82,18790.1,1.84,19043.83,1.79,18492.06
2026-04-18 11:19:00,1.84,19093.67,1.84,19112.06,1.84,19085.83
2026-04-18 11:20:00,1.83,18935.03,1.83,18992.89,1.81,18778.61
2026-04-18 11:21:00,1.83,18975.74,1.85,19233.72,1.8,18604.73
2026-04-18 11:22:00,1.84,19127.17,1.85,19242.62,1.8,18581.93
2026-04-18 11:23:00,1.82,18828.82,1.83,19015.51,1.82,18832.57
2026-04-18 11:24:00,1.8,18620.77,1.85,19253.3,1.83,18987.75
2026-04-18 11:25:00,1.81,18725.46,1.86,19342.94,1.83,18949.26
2026-04-18 11:26:00,1.82,18869.2,1.83,18927.61,1.81,18754.2
2026-04-18 11:27:00,1.81,18742.99,1.84,19126.71,1.83,18943.33
2026-04-18 11:28:00,1.83,18983.25,1.86,19342.12,1.83,18937.15
2026-04-18 11:29:00,1.84,19155.19,1.86,19283.12,1.83,19016.64
2026-04-18 11:30:00,1.8,18644.49,1.84,19074.92,1.8,18606.38
2026-04-18 11:31:00,1.82,18809.87,1.83,19013.92,1.79,18498.03
2026-04-18 11:32:00,1.82,18890.4,1.85,19244.02,1.84,19053.94
2026-04-18 11:33:00,1.82,18825.09,1.85,19177.16,1.81,18673.1
2026-04-18 11:34:00,1.83,18976.34,1.81,18753.52,1.8,18608.41
2026-04-18 11:35:00,1.82,18867.62,1.82,18842.84,1.83,18956.74
2026-04-18 11:36:00,1.84,19035.46,1.86,19330.36,1.81,18739.16
2026-04-18 11:37:00,1.81,18720.18,1.83,18912.15,1.8,18558.47
2026-04-18 11:38:00,1.82,18904.75,1.84,19133.97,1.8,18582.63
2026-04-18 11:39:00,1.82,18818.24,1.86,19333.19,1.8,18562.41
2026-04-18 11:40:00,1.8,18647.05,1.85,19163.49,1.83,18912.66
2026-04-18 11:41:00,1.83,18944.1,1.86,19341.03,1.84,19111.9
2026-04-18 11:42:00,1.85,19183.75,1.86,19374.24,1.83,18992.29
2026-04-18 11:43:00,1.85,19193.8,1.83,18971.17,1.82,18834.88
2026-04-18 11:44:00,1.81,18730.0,1.85,19279.55,1.83,19029.29
2026-04-18 11:45:00,1.81,18736.76,1.86,19343.21,1.82,18869.46
2026-04-18 11:46:00,1.85,19213.14,1.85,19188.28,1.84,19105.04
2026-04-18 11:47:00,1.81,18785.74,1.83,19000.64,1.82,18791.98
2026-04-18 11:48:00,1.82,18793.98,1.86,19367.37,1.81,18700.68
2026-04-18 11:49:00,1.84,19128.59,1.85,19265.74,1.84,19056.63
2026-04-18 11:50:00,1.81,18733.31,1.86,19367.63,1.8,18597.35
2026-04-18 11:51:00,1.81,18784.82,1.83,18946.49,1.83,18958.49
2026-04-18 11:52:00,1.85,19271.55,1.84,19106.58,1.8,18650.46
2026-04-18 11:53:00,1.85,19169.56,1.85,19223.77,1.84,19127.21
2026-04-18 11:54:00,1.85,19276.32,1.84,19119.94,1.81,18725.31
2026-04-18 11:55:00,1.85,19195.82,1.83,19015.38,1.83,19023.41
2026-04-18 11:56:00,1.83,18916.36,1.85,19274.62,1.84,19097.86
2026-04-18 11:57:00,1.84,19092.13,1.83,18939.82,1.82,18901.86
2026-04-18 11:58:00,1.85,19234.17,1.83,18975.96,1.8,18614.27
2026-04-18 11:59:00,1.84,19064.58,1.82,18870.8,1.84,19091.81
2026-04-18 12:00:00,1.81,18757.47,1.86,19296.58,1.84,19066.13
2026-04-18 12:01:00,1.82,18813.5,1.85,19215.04,1.81,18738.36
2026-04-18 12:02:00,1.82,18853.29,1.87,19426.78,1.81,18723.51
2026-04-18 12:03:00,1.85,19253.49,1.83,18944.14,1.83,19004.51
2026-04-18 12:04:00,1.84,19052.67,1.86,19317.08,1.84,19044.13
2026-04-18 12:05:00,1.84,19125.55,1.87,19477.15,1.82,18817.91
2026-04-18 12:06:00,1.84,19132.48,1.82,18867.62,1.81,18670.8
2026-04-18 12:07:00,1.84,19074.82,1.83,19008.17,1.81,18666.13
2026-04-18 12:08:00,1.84,19070.51,1.85,19214.27,1.83,18961.59
2026-04-18 12:09:00,1.82,18850.59,1.85,19175.72,1.81,18773.65
2026-04-18 12:10:00,1.85,19180.06,1.86,19331.98,1.81,18763.22
2026-04-18 12:11:00,1.83,18964.92,1.83,18943.66,1.82,18829.67
2026-04-18 12:12:00,1.85,19217.87,1.86,19292.19,1.84,19088.46
2026-04-18 12:13:00,1.81,18747.99,1.84,19145.18,1.83,18966.84
2026-04-18 12:14:00,1.83,18953.51,1.85,19198.07,1.83,18938.69
2026-04-18 12:15:00,1.83,19001.89,1.86,19309.77,1.81,18760.47
2026-04-18 12:16:00,1.84,19047.54,1.85,19205.23,1.82,18801.63
2026-04-18 12:17:00,1.84,19064.24,1.84,19112.64,1.81,18729.43
2026-04-18 12:18:00,1.83,19013.21,1.85,19187.85,1.84,19141.2
2026-04-18 12:19:00,1.85,19199.25,1.85,19264.89,1.83,18992.89
2026-04-18 12:20:00,1.84,19138.99,1.86,19401.31,1.84,19035.04
2026-04-18 12:21:00,1.84,19144.46,1.87,19493.46,1.81,18722.28
2026-04-18 12:22:00,1.82,18894.61,1.86,19338.12,1.81,18738.86
2026-04-18 12:23:00,1.82,18791.62,1.83,18932.95,1.84,19081.17
2026-04-18 12:24:00,1.82,18810.4,1.86,19323.71,1.84,19069.6
2026-04-18 12:25:00,1.82,18876.9,1.87,19493.08,1.84,19055.04
2026-04-18 12:26:00,1.84,19123.67,1.85,19198.93,1.84,19089.2
2026-04-18 12:27:00,1.84,19073.09,1.85,19200.65,1.82,18903.51
2026-04-18 12:28:00,1.86,19344.3,1.85,19209.99,1.81,18734.31
2026-04-18 12:29:00,1.86,19342.76,1.85,19265.76,1.84,19147.83
2026-04-18 12:30:00,1.83,18935.6,1.85,19182.24,1.86,19285.25
2026-04-18 12:31:00,1.83,18997.77,1.86,19306.38,1.85,19242.94
2026-04-18 12:32:00,1.86,19313.5,1.87,19447.09,1.81,18772.94
2026-04-18 12:33:00,1.86,19342.23,1.84,19080.15,1.81,18673.44
2026-04-18 12:34:00,1.82,18798.96,1.85,19268.43,1.86,19300.85
2026-04-18 12:35:00,1.83,18969.32,1.87,19431.39,1.85,19261.12
2026-04-18 12:36:00,1.83,18927.64,1.86,19347.13,1.84,19056.29
2026-04-18 12:37:00,1.85,19232.84,1.87,19468.71,1.85,19191.29
2026-04-18 12:38:00,1.85,19177.27,1.84,19094.95,1.84,19132.48
2026-04-18 12:39:00,1.84,19100.16,1.83,19031.34,1.82,18887.74
2026-04-18 12:40:00,1.83,18939.22,1.83,18979.0,1.83,18959.84
2026-04-18 12:41:00,1.86,19305.83,1.85,19236.99,1.81,18755.3
2026-04-18 12:42:00,1.82,18898.84,1.87,19476.34,1.82,18790.85
2026-04-18 12:43:00,1.86,19346.9,1.85,19243.5,1.82,18837.64
2026-04-18 12:44:00,1.86,19283.47,1.84,19067.34,1.83,18935.88
2026-04-18 12:45:00,1.84,19153.6,1.85,19226.72,1.82,18798.2
2026-04-18 12:46:00,1.86,19284.41,1.85,19178.61,1.82,18888.55
2026-04-18 12:47:00,1.83,18916.91,1.85,19220.71,1.83,18975.46
2026-04-18 12:48:00,1.85,19279.78,1.85,19215.34,1.82,18845.53
2026-04-18 12:49:00,1.85,19224.93,1.87,19517.29,1.81,18732.82
2026-04-18 12:50:00,1.86,19313.24,1.83,19010.1,1.85,19172.41
2026-04-18 12:51:00,1.84,19150.03,1.83,19003.34,1.85,19250.28
2026-04-18 12:52:00,1.84,19112.77,1.87,19461.04,1.85,19176.19
2026-04-18 12:53:00,1.85,19226.14,1.87,19461.6,1.85,19259.51
2026-04-18 12:54:00,1.84,19120.67,1.87,19465.04,1.83,19032.94
2026-04-18 12:55:00,1.84,19112.36,1.86,19349.22,1.81,18767.23
2026-04-18 12:56:00,1.84,19058.62,1.84,19042.44,1.85,19176.02
2026-04-18 12:57:00,1.84,19155.6,1.84,19148.85,1.84,19124.18
2026-04-18 12:58:00,1.86,19347.82,1.87,19527.46,1.82,18887.91
2026-04-18 12:59:00,1.84,19093.66,1.85,19245.69,1.82,18786.28
2026-04-18 13:00:00,1.86,19285.14,1.88,19635.37,1.83,18965.57
2026-04-18 13:01:00,1.85,19160.44,1.84,19051.76,1.82,18906.65
2026-04-18 13:02:00,1.84,19073.01,1.88,19532.5,1.82,18822.23
2026-04-18 13:03:00,1.85,19201.4,1.85,19245.55,1.86,19352.31
2026-04-18 13:04:00,1.83,18914.37,1.85,19159.99,1.82,18881.12
2026-04-18 13:05:00,1.85,19203.54,1.85,19194.93,1.83,19021.96
2026-04-18 13:06:00,1.84,19092.74,1.87,19422.04,1.81,18736.61
2026-04-18 13:07:00,1.86,19320.16,1.88,19571.55,1.86,19303.69
2026-04-18 13:08:00,1.83,19029.02,1.86,19303.37,1.81,18772.78
2026-04-18 13:09:00,1.84,19107.63,1.87,19447.79,1.82,18901.23
2026-04-18 13:10:00,1.85,19158.56,1.86,19338.44,1.86,19297.66
2026-04-18 13:11:00,1.87,19435.53,1.85,19202.09,1.84,19066.34
2026-04-18 13:12:00,1.86,19311.33,1.86,19353.25,1.84,19092.48
2026-04-18 13:13:00,1.84,19142.93,1.87,19453.49,1.82,18862.0
2026-04-18 13:14:00,1.86,19334.9,1.87,19485.74,1.85,19269.71
2026-04-18 13:15:00,1.85,19272.04,1.85,19183.23,1.82,18832.73
2026-04-18 13:16:00,1.87,19457.09,1.84,19105.6,1.86,19354.22
2026-04-18 13:17:00,1.85,19256.51,1.84,19150.29,1.84,19040.16
2026-04-18 13:18:00,1.86,19313.22,1.85,19192.62,1.83,19026.21
2026-04-18 13:19:00,1.83,18948.55,1.84,19116.89,1.82,18902.36
2026-04-18 13:20:00,1.83,19002.57,1.88,19587.27,1.84,19040.57
2026-04-18 13:21:00,1.83,18916.07,1.85,19212.95,1.82,18824.95
2026-04-18 13:22:00,1.87,19467.69,1.85,19277.61,1.86,19390.9
2026-04-18 13:23:00,1.83,18999.18,1.89,19678.7,1.84,19098.67
2026-04-18 13:24:00,1.85,19214.13,1.87,19447.31,1.84,19112.19
2026-04-18 13:25:00,1.83,18981.15,1.84,19109.88,1.87,19418.62
2026-04-18 13:26:00,1.85,19185.72,1.87,19500.16,1.83,19029.14
2026-04-18 13:27:00,1.87,19460.45,1.87,19470.21,1.82,18848.05
2026-04-18 13:28:00,1.86,19310.23,1.85,19228.47,1.86,19380.39
2026-04-18 13:29:00,1.85,19193.21,1.85,19206.72,1.84,19117.4
2026-04-18 13:30:00,1.85,19263.99,1.86,19315.16,1.84,19079.39
2026-04-18 13:31:00,1.86,19289.48,1.85,19181.6,1.84,19118.95
2026-04-18 13:32:00,1.84,19096.71,1.89,19712.9,1.85,19220.53
2026-04-18 13:33:00,1.84,19046.36,1.87,19513.83,1.83,18965.0
2026-04-18 13:34:00,1.84,19083.46,1.85,19184.57,1.86,19302.09
2026-04-18 13:35:00,1.87,19471.41,1.86,19328.45,1.83,18984.94
2026-04-18 13:36:00,1.87,19505.36,1.88,19531.38,1.86,19400.41
2026-04-18 13:37:00,1.85,19166.65,1.86,19352.86,1.83,18940.17
2026-04-18 13:38:00,1.85,19279.61,1.88,19605.46,1.83,18976.58
2026-04-18 13:39:00,1.86,19349.28,1.86,19292.54,1.84,19104.96
2026-04-18 13:40:00,1.86,19348.11,1.85,19164.04,1.83,18969.41
2026-04-18 13:41:00,1.85,19240.98,1.86,19343.5,1.84,19080.63
2026-04-18 13:42:00,1.84,19055.44,1.87,19439.16,1.83,19000.16
2026-04-18 13:43:00,1.85,19279.09,1.85,19245.41,1.83,18998.31
2026-04-18 13:44:00,1.87,19435.77,1.85,19212.89,1.86,19379.79
2026-04-18 13:45:00,1.86,19283.76,1.87,19517.14,1.86,19404.86
2026-04-18 13:46:00,1.85,19200.32,1.86,19314.37,1.85,19189.31
2026-04-18 13:47:00,1.86,19333.78,1.88,19600.05,1.85,19213.46
2026-04-18 13:48:00,1.86,19301.1,1.84,19149.9,1.82,18879.49
2026-04-18 13:49:00,1.87,19479.84,1.86,19315.95,1.86,19379.44
2026-04-18 13:50:00,1.85,19245.16,1.88,19626.88,1.86,19341.13
2026-04-18 13:51:00,1.86,19357.04,1.86,19390.04,1.86,19383.32
2026-04-18 13:52:00,1.88,19610.55,1.85,19269.2,1.85,19177.75
2026-04-18 13:53:00,1.85,19169.31,1.88,19590.42,1.86,19360.3
2026-04-18 13:54:00,1.86,19369.07,1.89,19695.38,1.84,19121.53
2026-04-18 13:55:00,1.84,19121.22,1.87,19498.63,1.87,19443.79
2026-04-18 13:56:00,1.87,19465.37,1.88,19601.33,1.83,19025.56
2026-04-18 13:57:00,1.85,19278.47,1.87,19454.54,1.83,18937.47
2026-04-18 13:58:00,1.87,19418.79,1.87,19461.84,1.87,19448.58
2026-04-18 13:59:00,1.84,19110.93,1.86,19349.42,1.85,19172.92
2026-04-18 14:00:00,1.85,19246.47,1.9,19811.93,1.87,19423.69
2026-04-18 14:01:00,1.85,19232.87,1.86,19389.59,1.85,19164.11
2026-04-18 14:02:00,1.87,19480.5,1.85,19213.52,1.84,19040.87
2026-04-18 14:03:00,1.86,19370.42,1.86,19294.78,1.83,18942.14
2026-04-18 14:04:00,1.87,19498.26,1.86,19347.69,1.87,19461.31
2026-04-18 14:05:00,1.87,19459.31,1.88,19594.83,1.85,19204.52
2026-04-18 14:06:00,1.88,19568.87,1.86,19316.15,1.84,19121.85
2026-04-18 14:07:00,1.89,19666.97,1.89,19675.31,1.83,19011.53
2026-04-18 14:08:00,1.87,19492.41,1.89,19730.2,1.84,19120.73
2026-04-18 14:09:00,1.85,19256.88,1.86,19339.41,1.85,19191.39
2026-04-18 14:10:00,1.87,19422.48,1.86,19372.98,1.84,19056.08
2026-04-18 14:11:00,1.85,19268.91,1.87,19513.35,1.85,19256.98
2026-04-18 14:12:00,1.85,19260.34,1.87,19431.66,1.85,19225.58
2026-04-18 14:13:00,1.85,19244.07,1.87,19433.76,1.86,19283.36
2026-04-18 14:14:00,1.88,19609.25,1.88,19543.57,1.84,19139.97
2026-04-18 14:15:00,1.84,19084.74,1.89,19773.34,1.83,18961.8
2026-04-18 14:16:00,1.87,19425.09,1.86,19372.42,1.85,19269.59
2026-04-18 14:17:00,1.85,19221.13,1.86,19351.23,1.85,19253.89
2026-04-18 14:18:00,1.87,19432.19,1.88,19542.51,1.88,19569.54
2026-04-18 14:19:00,1.85,19200.92,1.85,19268.56,1.85,19193.1
2026-04-18 14:20:00,1.87,19413.91,1.89,19745.48,1.84,19106.58
2026-04-18 14:21:00,1.89,19714.13,1.87,19414.97,1.84,19094.24
2026-04-18 14:22:00,1.86,19311.7,1.87,19433.7,1.85,19207.65
2026-04-18 14:23:00,1.88,19546.41,1.88,19593.02,1.87,19420.86
2026-04-18 14:24:00,1.87,19442.84,1.87,19440.36,1.87,19439.27
2026-04-18 14:25:00,1.85,19250.59,1.85,19268.18,1.88,19592.36
2026-04-18 14:26:00,1.85,19188.06,1.85,19264.69,1.83,19026.29
2026-04-18 14:27:00,1.87,19447.16,1.88,19609.46,1.85,19173.35
2026-04-18 14:28:00,1.89,19687.41,1.86,19391.09,1.87,19518.58
2026-04-18 14:29:00,1.85,19191.55,1.88,19542.53,1.88,19574.14
2026-04-18 14:30:00,1.88,19539.95,1.87,19470.16,1.85,19231.42
2026-04-18 14:31:00,1.86,19291.98,1.89,19772.02,1.84,19068.07
2026-04-18 14:32:00,1.85,19265.14,1.88,19571.79,1.85,19159.03
2026-04-18 14:33:00,1.87,19425.6,1.9,19780.11,1.85,19165.16
2026-04-18 14:34:00,1.87,19436.58,1.87,19496.64,1.87,19407.08
2026-04-18 14:35:00,1.88,19534.45,1.87,19407.43,1.84,19085.24
2026-04-18 14:36:00,1.86,19328.99,1.9,19828.58,1.86,19311.43
2026-04-18 14:37:00,1.87,19425.76,1.91,19902.48,1.84,19081.32
2026-04-18 14:38:00,1.88,19642.44,1.86,19296.86,1.87,19520.94
2026-04-18 14:39:00,1.87,19509.0,1.87,19437.55,1.86,19320.02
2026-04-18 14:40:00,1.89,19686.38,1.9,19848.99,1.85,19198.51
2026-04-18 14:41:00,1.89,19672.71,1.89,19690.77,1.87,19442.61
2026-04-18 14:42:00,1.88,19559.84,1.89,19768.87,1.85,19217.83
2026-04-18 14:43:00,1.89,19670.74,1.9,19801.42,1.86,19372.05
2026-04-18 14:44:00,1.89,19661.72,1.89,19740.22,1.86,19332.13
2026-04-18 14:45:00,1.87,19528.68,1.9,19867.98,1.87,19462.04
2026-04-18 14:46:00,1.88,19636.73,1.85,19281.32,1.84,19105.59
2026-04-18 14:47:00,1.87,19485.87,1.9,19862.21,1.85,19176.67
2026-04-18 14:48:00,1.85,19215.71,1.9,19877.31,1.86,19287.98
2026-04-18 14:49:00,1.86,19282.05,1.89,19738.18,1.87,19476.31
2026-04-18 14:50:00,1.89,19719.95,1.89,19754.25,1.87,19478.96
2026-04-18 14:51:00,1.89,19732.01,1.88,19579.52,1.84,19146.76
2026-04-18 14:52:00,1.85,19256.54,1.9,19803.69,1.85,19160.23
2026-04-18 14:53:00,1.87,19442.07,1.87,19408.72,1.88,19549.63
2026-04-18 14:54:00,1.88,19549.55,1.89,19760.88,1.87,19470.19
2026-04-18 14:55:00,1.86,19398.02,1.89,19726.69,1.87,19506.62
2026-04-18 14:56:00,1.88,19582.92,1.88,19620.03,1.87,19454.87
2026-04-18 14:57:00,1.89,19709.91,1.88,19626.14,1.88,19565.86
2026-04-18 14:58:00,1.89,19758.02,1.88,19576.28,1.87,19415.15
2026-04-18 14:59:00,1.88,19637.87,1.86,19402.73,1.88,19642.71
2026-04-18 15:00:00,1.89,19714.37,1.89,19663.07,1.89,19666.12
2026-04-18 15:01:00,1.87,19525.77,1.9,19833.24,1.86,19382.4
2026-04-18 15:02:00,1.88,19605.29,1.9,19808.1,1.88,19604.03
2026-04-18 15:03:00,1.88,19591.85,1.87,19499.45,1.84,19055.85
2026-04-18 15:04:00,1.9,19784.88,1.88,19580.35,1.87,19499.69
2026-04-18 15:05:00,1.87,19480.21,1.9,19865.18,1.86,19309.19
2026-04-18 15:06:00,1.86,19299.96,1.89,19748.29,1.86,19306.6
2026-04-18 15:07:00,1.87,19417.0,1.87,19517.3,1.88,19568.29
2026-04-18 15:08:00,1.86,19325.52,1.9,19877.96,1.86,19378.9
2026-04-18 15:09:00,1.86,19320.48,1.9,19791.28,1.88,19634.8
2026-04-18 15:10:00,1.89,19774.64,1.91,19923.34,1.85,19277.49
2026-04-18 15:11:00,1.85,19214.78,1.9,19881.06,1.86,19385.05
2026-04-18 15:12:00,1.88,19530.08,1.9,19795.58,1.85,19178.47
2026-04-18 15:13:00,1.9,19820.45,1.88,19598.48,1.84,19118.1
2026-04-18 15:14:00,1.89,19732.02,1.87,19475.22,1.86,19290.01
2026-04-18 15:15:00,1.87,19500.52,1.86,19392.11,1.87,19431.77
2026-04-18 15:16:00,1.88,19643.86,1.88,19653.23,1.85,19260.02
2026-04-18 15:17:00,1.9,19818.55,1.87,19463.21,1.86,19315.73
2026-04-18 15:18:00,1.88,19538.18,1.91,19929.14,1.85,19261.38
2026-04-18 15:19:00,1.87,19510.58,1.9,19801.34,1.87,19463.3
2026-04-18 15:20:00,1.88,19533.25,1.89,19710.37,1.85,19264.3
2026-04-18 15:21:00,1.87,19458.95,1.89,19715.2,1.88,19596.09
2026-04-18 15:22:00,1.87,19504.72,1.89,19755.65,1.86,19322.79
2026-04-18 15:23:00,1.9,19831.42,1.89,19717.85,1.86,19333.13
2026-04-18 15:24:00,1.88,19604.58,1.88,19538.11,1.89,19681.57
2026-04-18 15:25:00,1.86,19397.35,1.87,19528.35,1.85,19178.11
2026-04-18 15:26:00,1.88,19563.1,1.91,19975.61,1.87,19513.03
2026-04-18 15:27:00,1.86,19367.28,1.9,19901.82,1.88,19551.02
2026-04-18 15:28:00,1.9,19782.17,1.9,19805.34,1.86,19393.11
2026-04-18 15:29:00,1.88,19636.8,1.88,19564.22,1.85,19255.05
2026-04-18 15:30:00,1.9,19812.21,1.88,19624.62,1.85,19193.1
2026-04-18 15:31:00,1.9,19842.87,1.87,19437.19,1.88,19619.01
2026-04-18 15:32:00,1.87,19526.45,1.87,19433.61,1.86,19388.06
2026-04-18 15:33:00,1.88,19531.7,1.89,19755.3,1.87,19412.25
2026-04-18 15:34:00,1.86,19297.86,1.91,19909.76,1.89,19711.47
2026-04-18 15:35:00,1.88,19593.88,1.91,19975.61,1.85,19274.6
2026-04-18 15:36:00,1.87,19428.7,1.89,19725.46,1.88,19585.98
2026-04-18 15:37:00,1.88,19576.39,1.9,19868.06,1.88,19534.6
2026-04-18 15:38:00,1.9,19781.34,1.88,19546.06,1.87,19464.27
2026-04-18 15:39:00,1.86,19367.73,1.89,19703.09,1.87,19517.91
2026-04-18 15:40:00,1.86,19356.31,1.89,19747.66,1.85,19239.56
2026-04-18 15:41:00,1.89,19741.28,1.88,19607.73,1.85,19219.95
2026-04-18 15:42:00,1.88,19625.18,1.9,19839.25,1.88,19581.62
2026-04-18 15:43:00,1.9,19865.51,1.87,19465.43,1.85,19272.67
2026-04-18 15:44:00,1.9,19795.56,1.89,19686.97,1.87,19490.97
2026-04-18 15:45:00,1.89,19745.07,1.9,19850.46,1.87,19412.2
2026-04-18 15:46:00,1.89,19700.88,1.91,20016.89,1.89,19728.16
2026-04-18 15:47:00,1.88,19559.06,1.87,19456.69,1.89,19752.1
2026-04-18 15:48:00,1.87,19451.3,1.9,19818.92,1.86,19346.75
2026-04-18 15:49:00,1.88,19653.37,1.87,19503.97,1.87,19419.74
2026-04-18 15:50:00,1.88,19559.88,1.9,19882.04,1.88,19635.97
2026-04-18 15:51:00,1.89,19730.99,1.91,19921.04,1.87,19484.65
2026-04-18 15:52:00,1.87,19435.06,1.89,19688.64,1.86,19352.82
2026-04-18 15:53:00,1.91,19958.0,1.88,19572.83,1.89,19666.76
2026-04-18 15:54:00,1.88,19619.4,1.88,19639.17,1.87,19463.48
2026-04-18 15:55:00,1.9,19815.26,1.88,19645.26,1.9,19796.46
2026-04-18 15:56:00,1.87,19496.37,1.88,19616.62,1.86,19353.51
2026-04-18 15:57:00,1.9,19805.37,1.91,19982.81,1.88,19575.52
2026-04-18 15:58:00,1.9,19888.39,1.87,19486.87,1.86,19329.78
2026-04-18 15:59:00,1.88,19592.12,1.91,19953.75,1.88,19626.89
2026-04-18 16:00:00,1.91,19926.2,1.89,19659.46,1.86,19313.03
2026-04-18 16:01:00,1.89,19694.94,1.89,19656.25,1.88,19586.28
2026-04-18 16:02:00,1.89,19753.45,1.91,19922.04,1.88,19534.46
2026-04-18 16:03:00,1.89,19737.2,1.9,19824.58,1.86,19340.61
2026-04-18 16:04:00,1.86,19402.87,1.88,19626.44,1.88,19534.61
2026-04-18 16:05:00,1.91,19954.38,1.93,20160.02,1.87,19437.53
2026-04-18 16:06:00,1.87,19407.03,1.89,19660.01,1.89,19756.6
2026-04-18 16:07:00,1.87,19497.22,1.88,19635.16,1.87,19483.91
2026-04-18 16:08:00,1.89,19658.26,1.9,19786.44,1.88,19591.26
2026-04-18 16:09:00,1.87,19519.35,1.89,19678.03,1.88,19627.62
2026-04-18 16:10:00,1.86,19356.14,1.92,20074.71,1.87,19476.16
2026-04-18 16:11:00,1.89,19728.3,1.91,19946.14,1.86,19351.17
2026-04-18 16:12:00,1.9,19838.77,1.91,19955.16,1.89,19739.17
2026-04-18 16:13:00,1.9,19799.56,1.89,19685.13,1.89,19742.6
2026-04-18 16:14:00,1.9,19869.25,1.88,19634.26,1.88,19560.34
2026-04-18 16:15:00,1.87,19506.78,1.92,20052.67,1.87,19449.54
2026-04-18 16:16:00,1.88,19543.27,1.93,20156.77,1.89,19689.13
2026-04-18 16:17:00,1.87,19497.22,1.88,19627.84,1.9,19807.84
2026-04-18 16:18:00,1.9,19858.41,1.91,20013.51,1.88,19638.08
2026-04-18 16:19:00,1.87,19433.27,1.92,20046.71,1.89,19740.02
2026-04-18 16:20:00,1.87,19432.07,1.91,19970.55,1.87,19510.25
2026-04-18 16:21:00,1.88,19538.94,1.91,20023.73,1.86,19328.21
2026-04-18 16:22:00,1.88,19649.72,1.88,19574.04,1.88,19554.25
2026-04-18 16:23:00,1.91,19922.46,1.89,19723.59,1.89,19669.04
2026-04-18 16:24:00,1.87,19451.5,1.89,19687.56,1.89,19697.51
2026-04-18 16:25:00,1.91,19944.37,1.93,20188.82,1.89,19770.16
2026-04-18 16:26:00,1.88,19622.39,1.89,19669.25,1.86,19286.02
2026-04-18 16:27:00,1.89,19765.19,1.93,20185.19,1.86,19369.78
2026-04-18 16:28:00,1.88,19645.76,1.92,20031.54,1.89,19697.96
2026-04-18 16:29:00,1.9,19890.83,1.92,20075.73,1.9,19825.2
2026-04-18 16:30:00,1.88,19591.93,1.92,20026.48,1.88,19618.51
2026-04-18 16:31:00,1.91,19995.92,1.9,19781.38,1.89,19716.38
2026-04-18 16:32:00,1.91,19960.59,1.9,19789.34,1.87,19489.39
2026-04-18 16:33:00,1.91,19966.7,1.91,19948.28,1.9,19895.38
2026-04-18 16:34:00,1.9,19864.6,1.88,19643.96,1.89,19746.47
2026-04-18 16:35:00,1.91,19982.26,1.9,19893.06,1.89,19722.53
2026-04-18 16:36:00,1.9,19852.98,1.89,19737.21,1.88,19580.76
2026-04-18 16:37:00,1.88,19606.33,1.89,19672.8,1.86,19374.25
2026-04-18 16:38:00,1.9,19782.82,1.92,20052.51,1.9,19808.23
2026-04-18 16:39:00,1.89,19752.19,1.91,19910.07,1.86,19388.04
2026-04-18 16:40:00,1.91,19914.57,1.9,19794.6,1.87,19415.26
2026-04-18 16:41:00,1.91,19963.5,1.9,19873.16,1.88,19650.02
2026-04-18 16:42:00,1.88,19649.83,1.89,19706.44,1.9,19850.68
2026-04-18 16:43:00,1.9,19847.78,1.9,19802.63,1.9,19849.19
2026-04-18 16:44:00,1.88,19622.36,1.89,19700.34,1.91,19904.33
2026-04-18 16:45:00,1.91,20014.39,1.91,20011.62,1.9,19848.39
2026-04-18 16:46:00,1.88,19582.83,1.9,19822.1,1.87,19447.72
2026-04-18 16:47:00,1.91,19937.77,1.9,19890.13,1.88,19624.81
2026-04-18 16:48:00,1.91,19930.09,1.92,20073.82,1.89,19703.05
2026-04-18 16:49:00,1.91,19976.02,1.92,20101.45,1.88,19567.95
2026-04-18 16:50:00,1.89,19684.33,1.9,19865.1,1.87,19514.99
2026-04-18 16:51:00,1.88,19566.03,1.91,19991.05,1.87,19437.35
2026-04-18 16:52:00,1.91,20021.68,1.89,19728.62,1.88,19565.38
2026-04-18 16:53:00,1.9,19859.77,1.9,19871.1,1.91,19952.23
2026-04-18 16:54:00,1.92,20047.78,1.9,19803.78,1.88,19642.17
2026-04-18 16:55:00,1.91,20006.18,1.92,20039.65,1.88,19576.34
2026-04-18 16:56:00,1.88,19583.41,1.9,19854.97,1.91,19957.2
2026-04-18 16:57:00,1.89,19664.38,1.89,19717.33,1.89,19727.15
2026-04-18 16:58:00,1.88,19551.4,1.89,19702.71,1.88,19620.54
2026-04-18 16:59:00,1.88,19568.47,1.91,20006.4,1.88,19558.95
2026-04-18 17:00:00,1.92,20137.52,1.9,19793.44,1.9,19839.91
2026-04-18 17:01:00,1.92,20040.03,1.92,20137.92,1.91,19970.78
2026-04-18 17:02:00,1.91,19997.04,1.89,19723.75,1.91,19915.13
2026-04-18 17:03:00,1.87,19527.37,1.89,19679.95,1.88,19641.09
2026-04-18 17:04:00,1.9,19882.46,1.9,19888.93,1.9,19814.44
2026-04-18 17:05:00,1.91,19957.92,1.93,20239.9,1.91,20020.28
2026-04-18 17:06:00,1.89,19679.22,1.91,19989.59,1.9,19886.36
2026-04-18 17:07:00,1.88,19599.52,1.89,19762.29,1.9,19814.92
2026-04-18 17:08:00,1.93,20169.63,1.93,20162.3,1.88,19647.35
2026-04-18 17:09:00,1.91,20016.33,1.93,20220.59,1.9,19872.62
2026-04-18 17:10:00,1.88,19597.57,1.93,20262.28,1.91,19982.17
2026-04-18 17:11:00,1.88,19555.79,1.93,20167.04,1.88,19603.1
2026-04-18 17:12:00,1.89,19719.26,1.93,20209.48,1.9,19895.4
2026-04-18 17:13:00,1.89,19679.95,1.94,20324.12,1.88,19608.69
2026-04-18 17:14:00,1.89,19758.31,1.91,19980.23,1.91,19979.63
2026-04-18 17:15:00,1.91,19990.47,1.94,20334.58,1.89,19662.51
2026-04-18 17:16:00,1.93,20152.14,1.93,20241.38,1.89,19690.8
2026-04-18 17:17:00,1.89,19724.55,1.9,19830.59,1.9,19831.73
2026-04-18 17:18:00,1.92,20121.44,1.89,19768.37,1.88,19615.85
2026-04-18 17:19:00,1.89,19718.51,1.93,20229.23,1.89,19690.89
2026-04-18 17:20:00,1.88,19618.01,1.9,19824.56,1.89,19711.52
2026-04-18 17:21:00,1.89,19729.08,1.9,19877.81,1.89,19710.02
2026-04-18 17:22:00,1.89,19659.59,1.92,20069.36,1.87,19505.22
2026-04-18 17:23:00,1.91,19962.97,1.91,19942.35,1.9,19829.29
2026-04-18 17:24:00,1.91,19934.22,1.92,20076.17,1.9,19817.82
2026-04-18 17:25:00,1.92,20134.04,1.93,20163.71,1.88,19542.67
2026-04-18 17:26:00,1.92,20107.25,1.9,19860.99,1.91,19922.47
2026-04-18 17:27:00,1.9,19829.16,1.93,20273.63,1.92,20028.83
2026-04-18 17:28:00,1.89,19768.55,1.94,20324.62,1.88,19653.25
2026-04-18 17:29:00,1.9,19793.88,1.94,20308.83,1.91,19999.38
2026-04-18 17:30:00,1.92,20038.69,1.95,20410.46,1.89,19694.62
2026-04-18 17:31:00,1.93,20204.61,1.9,19858.03,1.87,19519.05
2026-04-18 17:32:00,1.93,20152.57,1.9,19807.01,1.89,19692.55
2026-04-18 17:33:00,1.92,20098.24,1.92,20127.42,1.89,19682.1
2026-04-18 17:34:00,1.88,19603.43,1.94,20370.26,1.9,19822.68
2026-04-18 17:35:00,1.92,20090.66,1.93,20200.23,1.92,20040.61
2026-04-18 17:36:00,1.91,19977.92,1.91,19928.88,1.91,20023.62
2026-04-18 17:37:00,1.93,20198.75,1.91,19939.82,1.89,19747.55
2026-04-18 17:38:00,1.89,19665.14,1.9,19877.75,1.9,19857.78
2026-04-18 17:39:00,1.89,19676.71,1.93,20170.14,1.89,19726.83
2026-04-18 17:40:00,1.91,20013.11,1.94,20276.11,1.87,19487.99
2026-04-18 17:41:00,1.9,19900.45,1.92,20081.5,1.92,20090.31
2026-04-18 17:42:00,1.93,20176.1,1.94,20340.05,1.92,20046.41
2026-04-18 17:43:00,1.93,20206.0,1.91,19988.11,1.91,20006.74
2026-04-18 17:44:00,1.91,19966.68,1.9,19892.69,1.91,19938.94
2026-04-18 17:45:00,1.9,19880.92,1.93,20182.89,1.9,19781.27
2026-04-18 17:46:00,1.91,19910.51,1.91,19967.04,1.89,19719.14
2026-04-18 17:47:00,1.93,20230.25,1.9,19855.0,1.9,19881.25
2026-04-18 17:48:00,1.91,20019.88,1.92,20087.56,1.91,20002.62
2026-04-18 17:49:00,1.93,20199.24,1.93,20211.35,1.88,19558.38
2026-04-18 17:50:00,1.91,20018.11,1.91,19918.16,1.9,19844.15
2026-04-18 17:51:00,1.92,20049.83,1.93,20197.77,1.92,20143.0
2026-04-18 17:52:00,1.92,20061.64,1.92,20060.17,1.91,19933.33
2026-04-18 17:53:00,1.9,19847.58,1.92,20117.37,1.89,19664.99
2026-04-18 17:54:00,1.89,19681.8,1.91,19925.61,1.88,19637.06
2026-04-18 17:55:00,1.91,19909.54,1.94,20296.2,1.91,19978.45
2026-04-18 17:56:00,1.89,19723.78,1.95,20435.65,1.92,20088.67
2026-04-18 17:57:00,1.91,19933.64,1.93,20202.91,1.92,20043.35
2026-04-18 17:58:00,1.9,19859.04,1.95,20467.41,1.92,20040.48
2026-04-18 17:59:00,1.91,19919.99,1.95,20398.97,1.88,19626.27
2026-04-18 18:00:00,1.92,20028.81,1.92,20064.71,1.91,19912.93
2026-04-18 18:01:00,1.92,20044.04,1.94,20363.49,1.9,19865.72
2026-04-18 18:02:00,1.9,19900.53,1.93,20162.65,1.92,20108.0
2026-04-18 18:03:00,1.93,20199.87,1.92,20130.19,1.92,20038.11
2026-04-18 18:04:00,1.93,20249.58,1.93,20258.57,1.91,19970.56
2026-04-18 18:05:00,1.94,20312.79,1.91,19975.06,1.88,19653.07
2026-04-18 18:06:00,1.9,19858.19,1.91,19927.96,1.9,19894.63
2026-04-18 18:07:00,1.93,20237.37,1.91,19919.91,1.91,20013.51
2026-04-18 18:08:00,1.9,19876.39,1.94,20339.67,1.89,19747.68
2026-04-18 18:09:00,1.89,19712.01,1.93,20215.35,1.92,20144.46
2026-04-18 18:10:00,1.92,20148.03,1.9,19900.26,1.89,19770.63
2026-04-18 18:11:00,1.92,20100.82,1.91,20015.8,1.9,19885.35
2026-04-18 18:12:00,1.9,19827.79,1.94,20335.6,1.92,20110.56
2026-04-18 18:13:00,1.92,20047.37,1.93,20226.58,1.9,19873.81
2026-04-18 18:14:00,1.92,20102.39,1.94,20305.75,1.88,19607.31
2026-04-18 18:15:00,1.9,19859.3,1.93,20150.44,1.89,19749.25
2026-04-18 18:16:00,1.94,20289.94,1.93,20196.88,1.89,19716.55
2026-04-18 18:17:00,1.92,20056.78,1.92,20031.75,1.92,20040.59
2026-04-18 18:18:00,1.89,19775.07,1.91,19923.41,1.9,19883.63
2026-04-18 18:19:00,1.9,19856.8,1.92,20057.47,1.9,19780.27
2026-04-18 18:20:00,1.91,19965.33,1.92,20062.79,1.89,19676.03
2026-04-18 18:21:00,1.9,19896.18,1.91,20010.75,1.93,20169.4
2026-04-18 18:22:00,1.91,20000.51,1.93,20241.63,1.92,20113.3
2026-04-18 18:23:00,1.93,20175.37,1.95,20463.48,1.91,19919.71
2026-04-18 18:24:00,1.93,20246.53,1.94,20392.71,1.91,19944.08
2026-04-18 18:25:00,1.94,20296.39,1.92,20061.4,1.92,20127.67
2026-04-18 18:26:00,1.92,20059.59,1.93,20256.18,1.88,19633.08
2026-04-18 18:27:00,1.93,20154.73,1.92,20050.91,1.88,19634.97
2026-04-18 18:28:00,1.9,19887.71,1.95,20401.63,1.91,20019.81
2026-04-18 18:29:00,1.9,19860.69,1.92,20096.02,1.9,19803.33
2026-04-18 18:30:00,1.93,20156.96,1.92,20144.55,1.93,20248.43
2026-04-18 18:31:00,1.9,19857.61,1.95,20472.55,1.91,19940.89
2026-04-18 18:32:00,1.93,20170.2,1.92,20092.68,1.9,19818.25
2026-04-18 18:33:00,1.93,20262.73,1.93,20153.22,1.89,19707.27
2026-04-18 18:34:00,1.92,20137.56,1.95,20513.41,1.93,20206.64
2026-04-18 18:35:00,1.91,19967.85,1.95,20440.28,1.89,19764.22
2026-04-18 18:36:00,1.91,19934.15,1.93,20236.41,1.91,19979.31
2026-04-18 18:37:00,1.93,20158.76,1.92,20100.22,1.9,19779.79
2026-04-18 18:38:00,1.95,20432.97,1.94,20282.55,1.91,19929.95
2026-04-18 18:39:00,1.94,20374.92,1.92,20081.22,1.93,20234.86
2026-04-18 18:40:00,1.9,19864.17,1.91,19944.26,1.93,20198.28
2026-04-18 18:41:00,1.9,19811.07,1.93,20252.33,1.92,20092.79
2026-04-18 18:42:00,1.93,20173.53,1.91,19995.29,1.89,19711.38
2026-04-18 18:43:00,1.91,19980.33,1.92,20057.54,1.9,19846.05
2026-04-18 18:44:00,1.94,20347.22,1.94,20362.17,1.9,19805.35
2026-04-18 18:45:00,1.93,20193.52,1.95,20517.55,1.89,19733.08
2026-04-18 18:46:00,1.92,20053.51,1.91,19973.44,1.93,20230.52
2026-04-18 18:47:00,1.93,20228.13,1.91,19977.1,1.92,20145.36
2026-04-18 18:48:00,1.93,20178.55,1.91,19989.88,1.9,19861.57
2026-04-18 18:49:00,1.92,20104.54,1.92,20144.04,1.9,19779.59
2026-04-18 18:50:00,1.92,20074.71,1.93,20203.4,1.91,20002.24
2026-04-18 18:51:00,1.9,19885.65,1.92,20033.77,1.92,20043.0
2026-04-18 18:52:00,1.9,19827.57,1.92,20064.33,1.94,20316.38
2026-04-18 18:53:00,1.93,20173.17,1.96,20552.89,1.89,19747.08
2026-04-18 18:54:00,1.94,20342.44,1.96,20592.78,1.91,20021.37
2026-04-18 18:55:00,1.93,20213.95,1.93,20254.68,1.91,19986.88
2026-04-18 18:56:00,1.94,20305.39,1.93,20165.49,1.92,20115.66
2026-04-18 18:57:00,1.9,19868.97,1.93,20158.62,1.94,20307.38
2026-04-18 18:58:00,1.95,20429.74,1.93,20188.9,1.93,20192.27
2026-04-18 18:59:00,1.94,20324.18,1.93,20152.05,1.9,19803.27
2026-04-18 19:00:00,1.91,20018.13,1.94,20375.59,1.91,19952.29
2026-04-18 19:01:00,1.95,20451.4,1.93,20198.85,1.93,20207.02
2026-04-18 19:02:00,1.94,20326.73,1.94,20355.73,1.91,20015.65
2026-04-18 19:03:00,1.91,19950.94,1.93,20185.16,1.94,20320.22
2026-04-18 19:04:00,1.91,19992.35,1.95,20500.23,1.94,20340.41
2026-04-18 19:05:00,1.95,20412.99,1.95,20518.82,1.93,20216.43
2026-04-18 19:06:00,1.95,20422.24,1.95,20426.61,1.94,20286.69
2026-04-18 19:07:00,1.91,20010.6,1.93,20232.9,1.91,19992.29
2026-04-18 19:08:00,1.93,20262.4,1.96,20591.77,1.91,19962.15
2026-04-18 19:09:00,1.95,20429.69,1.94,20375.69,1.9,19818.49
2026-04-18 19:10:00,1.95,20445.8,1.96,20613.08,1.91,19996.18
2026-04-18 19:11:00,1.93,20267.07,1.95,20500.45,1.91,19916.13
2026-04-18 19:12:00,1.93,20177.09,1.94,20327.21,1.92,20146.77
2026-04-18 19:13:00,1.91,19984.12,1.96,20605.24,1.92,20141.11
2026-04-18 19:14:00,1.93,20194.3,1.94,20320.35,1.92,20103.8
2026-04-18 19:15:00,1.94,20347.96,1.95,20405.04,1.93,20232.3
2026-04-18 19:16:00,1.93,20245.92,1.95,20515.26,1.91,19954.17
2026-04-18 19:17:00,1.93,20218.03,1.95,20407.27,1.91,19921.93
2026-04-18 19:18:00,1.94,20310.8,1.93,20229.7,1.92,20052.19
2026-04-18 19:19:00,1.95,20505.1,1.96,20597.71,1.92,20078.38
2026-04-18 19:20:00,1.93,20218.69,1.96,20611.23,1.93,20200.04
2026-04-18 19:21:00,1.91,19966.53,1.95,20460.56,1.93,20246.03
2026-04-18 19:22:00,1.92,20059.53,1.94,20346.65,1.91,20001.24
2026-04-18 19:23:00,1.94,20365.22,1.94,20282.08,1.91,20005.7
2026-04-18 19:24:00,1.94,20328.13,1.93,20201.87,1.91,19961.57
2026-04-18 19:25:00,1.94,20315.45,1.96,20637.48,1.9,19812.92
2026-04-18 19:26:00,1.92,20042.66,1.96,20594.71,1.92,20111.14
2026-04-18 19:27:00,1.93,20268.81,1.96,20644.07,1.93,20212.98
2026-04-18 19:28:00,1.93,20181.78,1.95,20513.86,1.9,19893.59
2026-04-18 19:29:00,1.94,20322.7,1.96,20594.46,1.95,20408.76
2026-04-18 19:30:00,1.96,20555.51,1.97,20712.58,1.92,20143.21
2026-04-18 19:31:00,1.95,20449.0,1.96,20553.7,1.95,20451.16
2026-04-18 19:32:00,1.91,19982.05,1.94,20370.58,1.94,20311.73
2026-04-18 19:33:00,1.93,20193.97,1.93,20216.42,1.92,20145.63
2026-04-18 19:34:00,1.93,20255.29,1.96,20643.07,1.94,20284.23
2026-04-18 19:35:00,1.94,20387.0,1.94,20317.71,1.91,19983.45
2026-04-18 19:36:00,1.95,20431.56,1.94,20360.68,1.91,20022.19
2026-04-18 19:37:00,1.93,20173.79,1.93,20240.27,1.93,20170.51
2026-04-18 19:38:00,1.91,19991.04,1.94,20367.11,1.95,20411.56
2026-04-18 19:39:00,1.95,20505.88,1.97,20658.88,1.95,20435.91
2026-04-18 19:40:00,1.91,20023.25,1.93,20152.47,1.91,19905.05
2026-04-18 19:41:00,1.92,20113.86,1.93,20152.52,1.92,20091.58
2026-04-18 19:42:00,1.93,20187.09,1.97,20704.67,1.94,20359.16
2026-04-18 19:43:00,1.95,20440.8,1.96,20574.5,1.92,20072.95
2026-04-18 19:44:00,1.96,20562.27,1.94,20351.04,1.93,20250.77
2026-04-18 19:45:00,1.93,20235.86,1.97,20668.01,1.91,19968.88
2026-04-18 19:46:00,1.96,20593.16,1.96,20522.0,1.94,20330.49
2026-04-18 19:47:00,1.95,20490.36,1.96,20636.97,1.91,19926.82
2026-04-18 19:48:00,1.93,20187.46,1.95,20463.5,1.91,19964.27
2026-04-18 19:49:00,1.95,20478.83,1.97,20721.89,1.95,20459.77
2026-04-18 19:50:00,1.91,20023.98,1.93,20159.45,1.93,20162.07
2026-04-18 19:51:00,1.95,20437.14,1.95,20424.07,1.91,19984.93
2026-04-18 19:52:00,1.95,20480.42,1.96,20535.74,1.94,20351.93
2026-04-18 19:53:00,1.93,20204.72,1.93,20250.35,1.91,19953.61
2026-04-18 19:54:00,1.94,20365.03,1.95,20429.03,1.92,20137.16
2026-04-18 19:55:00,1.92,20082.75,1.97,20766.36,1.94,20290.51
2026-04-18 19:56:00,1.94,20337.8,1.97,20730.55,1.95,20448.06
2026-04-18 19:57:00,1.93,20258.0,1.94,20296.16,1.94,20329.19
2026-04-18 19:58:00,1.94,20317.13,1.96,20533.61,1.95,20407.23
2026-04-18 19:59:00,1.94,20376.64,1.93,20250.47,1.95,20430.78
2026-04-18 20:00:00,1.93,20221.81,1.97,20698.58,1.92,20084.33
2026-04-18 20:01:00,1.95,20499.2,1.94,20304.79,1.95,20421.13
2026-04-18 20:02:00,1.94,20299.13,1.97,20688.43,1.92,20098.64
2026-04-18 20:03:00,1.95,20427.16,1.94,20370.41,1.91,19920.9
2026-04-18 20:04:00,1.95,20431.17,1.96,20543.5,1.94,20327.28
2026-04-18 20:05:00,1.93,20263.34,1.94,20317.34,1.93,20151.28
2026-04-18 20:06:00,1.93,20167.21,1.94,20340.49,1.95,20521.59
2026-04-18 20:07:00,1.93,20238.74,1.97,20665.68,1.94,20321.51
2026-04-18 20:08:00,1.92,20068.21,1.94,20339.76,1.94,20349.84
2026-04-18 20:09:00,1.94,20311.45,1.98,20794.03,1.92,20119.55
2026-04-18 20:10:00,1.93,20232.9,1.93,20173.08,1.95,20411.02
2026-04-18 20:11:00,1.95,20495.05,1.94,20332.28,1.95,20438.07
2026-04-18 20:12:00,1.96,20624.52,1.97,20668.22,1.93,20195.33
2026-04-18 20:13:00,1.97,20701.64,1.97,20737.74,1.93,20235.81
2026-04-18 20:14:00,1.94,20319.2,1.95,20521.96,1.95,20518.57
2026-04-18 20:15:00,1.93,20225.16,1.94,20351.65,1.94,20286.95
2026-04-18 20:16:00,1.97,20665.45,1.95,20431.28,1.93,20262.59
2026-04-18 20:17:00,1.96,20557.1,1.97,20766.54,1.94,20298.05
2026-04-18 20:18:00,1.96,20553.82,1.94,20368.37,1.92,20097.55
2026-04-18 20:19:00,1.92,20133.35,1.95,20479.69,1.94,20388.27
2026-04-18 20:20:00,1.95,20477.71,1.97,20709.28,1.95,20441.98
2026-04-18 20:21:00,1.96,20530.23,1.95,20508.26,1.94,20367.42
2026-04-18 20:22:00,1.95,20413.54,1.98,20792.47,1.96,20571.58
2026-04-18 20:23:00,1.94,20386.75,1.95,20499.68,1.95,20460.91
2026-04-18 20:24:00,1.92,20075.96,1.96,20578.98,1.94,20341.09
2026-04-18 20:25:00,1.94,20279.58,1.96,20559.37,1.93,20238.07
2026-04-18 20:26:00,1.95,20467.65,1.98,20797.7,1.93,20183.06
2026-04-18 20:27:00,1.93,20184.63,1.94,20354.03,1.93,20178.3
2026-04-18 20:28:00,1.94,20287.05,1.94,20357.33,1.94,20321.36
2026-04-18 20:29:00,1.96,20531.54,1.93,20211.68,1.91,19993.57
2026-04-18 20:30:00,1.94,20394.13,1.97,20681.06,1.91,20024.78
2026-04-18 20:31:00,1.96,20581.05,1.94,20330.83,1.96,20617.9
2026-04-18 20:32:00,1.94,20371.7,1.94,20388.96,1.92,20034.14
2026-04-18 20:33:00,1.93,20220.88,1.95,20463.15,1.96,20622.6
2026-04-18 20:34:00,1.95,20414.43,1.97,20730.52,1.95,20411.13
2026-04-18 20:35:00,1.93,20150.15,1.94,20357.09,1.92,20098.97
2026-04-18 20:36:00,1.93,20230.0,1.94,20336.6,1.93,20264.81
2026-04-18 20:37:00,1.96,20619.08,1.97,20692.63,1.96,20594.21
2026-04-18 20:38:00,1.92,20126.06,1.96,20639.18,1.92,20071.19
2026-04-18 20:39:00,1.94,20299.57,1.95,20501.45,1.92,20147.86
2026-04-18 20:40:00,1.93,20196.04,1.97,20729.41,1.94,20310.14
2026-04-18 20:41:00,1.95,20436.51,1.96,20627.85,1.92,20027.92
2026-04-18 20:42:00,1.93,20170.79,1.95,20400.5,1.94,20307.25
2026-04-18 20:43:00,1.96,20570.43,1.96,20577.08,1.92,20050.4
2026-04-18 20:44:00,1.93,20169.84,1.96,20533.71,1.96,20553.28
2026-04-18 20:45:00,1.94,20366.84,1.96,20565.92,1.95,20432.67
2026-04-18 20:46:00,1.96,20620.38,1.97,20726.81,1.93,20239.52
2026-04-18 20:47:00,1.96,20580.97,1.96,20616.75,1.92,20135.97
2026-04-18 20:48:00,1.97,20687.43,1.97,20757.95,1.95,20446.91
2026-04-18 20:49:00,1.97,20742.74,1.97,20678.68,1.93,20207.14
2026-04-18 20:50:00,1.92,20141.21,1.95,20478.9,1.93,20178.9
2026-04-18 20:51:00,1.94,20360.88,1.95,20451.33,1.95,20517.33
2026-04-18 20:52:00,1.94,20309.69,1.96,20591.33,1.94,20294.66
2026-04-18 20:53:00,1.96,20619.73,1.98,20847.49,1.92,20101.4
2026-04-18 20:54:00,1.95,20484.52,1.95,20422.87,1.93,20191.91
2026-04-18 20:55:00,1.93,20271.63,1.98,20827.44,1.92,20144.82
2026-04-18 20:56:00,1.94,20277.35,1.95,20442.74,1.92,20107.08
2026-04-18 20:57:00,1.93,20260.66,1.99,20905.07,1.97,20691.54
2026-04-18 20:58:00,1.97,20745.63,1.98,20886.14,1.94,20349.87
2026-04-18 20:59:00,1.94,20282.15,1.96,20628.01,1.95,20473.14
2026-04-18 21:00:00,1.95,20418.22,1.98,20849.42,1.94,20328.53
2026-04-18 21:01:00,1.93,20237.3,1.96,20553.5,1.95,20461.53
2026-04-18 21:02:00,1.98,20825.64,1.99,20935.25,1.97,20676.99
2026-04-18 21:03:00,1.97,20724.42,1.96,20597.77,1.95,20410.57
2026-04-18 21:04:00,1.95,20437.81,1.96,20581.23,1.94,20317.1
2026-04-18 21:05:00,1.96,20579.61,1.99,21001.3,1.92,20146.17
2026-04-18 21:06:00,1.94,20390.41,1.98,20869.39,1.95,20407.41
2026-04-18 21:07:00,1.96,20545.81,1.96,20552.93,1.94,20352.53
2026-04-18 21:08:00,1.96,20579.46,1.98,20813.94,1.96,20564.04
2026-04-18 21:09:00,1.97,20714.56,1.96,20644.81,1.92,20141.48
2026-04-18 21:10:00,1.98,20834.06,1.98,20798.08,1.92,20095.83
2026-04-18 21:11:00,1.97,20706.22,1.96,20603.18,1.92,20135.43
2026-04-18 21:12:00,1.96,20580.2,1.98,20798.74,1.96,20531.23
2026-04-18 21:13:00,1.97,20689.14,1.95,20485.47,1.95,20506.26
2026-04-18 21:14:00,1.95,20516.42,1.97,20702.11,1.93,20181.72
2026-04-18 21:15:00,1.97,20676.32,1.96,20612.87,1.96,20613.5
2026-04-18 21:16:00,1.97,20742.2,1.95,20402.7,1.96,20599.31
2026-04-18 21:17:00,1.96,20642.76,1.99,20897.46,1.93,20257.02
2026-04-18 21:18:00,1.96,20536.76,1.98,20811.53,1.93,20188.43
2026-04-18 21:19:00,1.97,20756.57,1.99,20972.63,1.94,20299.26
2026-04-18 21:20:00,1.96,20544.62,1.96,20550.01,1.93,20228.78
2026-04-18 21:21:00,1.95,20473.65,2.0,21018.05,1.95,20415.45
2026-04-18 21:22:00,1.97,20761.08,1.96,20540.84,1.97,20662.95
2026-04-18 21:23:00,1.97,20685.21,1.96,20522.1,1.95,20416.46
2026-04-18 21:24:00,1.93,20260.79,1.97,20678.78,1.95,20495.92
2026-04-18 21:25:00,1.96,20609.03,1.97,20685.05,1.96,20596.98
2026-04-18 21:26:00,1.96,20606.64,1.96,20638.96,1.96,20534.05
2026-04-18 21:27:00,1.95,20434.75,1.98,20892.03,1.95,20456.78
2026-04-18 21:28:00,1.95,20442.29,1.96,20534.63,1.93,20257.15
2026-04-18 21:29:00,1.98,20831.68,1.97,20653.68,1.94,20291.71
2026-04-18 21:30:00,1.94,20332.42,1.99,20936.12,1.97,20717.14
2026-04-18 21:31:00,1.95,20455.38,1.98,20883.08,1.97,20667.12
2026-04-18 21:32:00,1.98,20816.33,1.95,20507.73,1.93,20188.99
2026-04-18 21:33:00,1.96,20541.76,1.98,20822.0,1.95,20486.42
2026-04-18 21:34:00,1.96,20634.54,1.98,20804.88,1.96,20536.24
2026-04-18 21:35:00,1.98,20810.05,1.96,20644.84,1.93,20187.62
2026-04-18 21:36:00,1.95,20479.23,1.96,20596.12,1.96,20543.38
2026-04-18 21:37:00,1.96,20529.51,1.97,20747.74,1.94,20368.51
2026-04-18 21:38:00,1.95,20446.49,1.99,20971.94,1.94,20378.83
2026-04-18 21:39:00,1.99,20913.58,1.97,20769.11,1.93,20158.62
2026-04-18 21:40:00,1.95,20501.42,1.95,20508.49,1.97,20674.13
2026-04-18 21:41:00,1.94,20346.04,1.96,20542.49,1.96,20542.12
2026-04-18 21:42:00,1.94,20385.72,1.97,20714.73,1.96,20600.54
2026-04-18 21:43:00,1.94,20325.48,1.98,20848.54,1.94,20366.36
2026-04-18 21:44:00,1.96,20611.83,2.0,21093.55,1.96,20572.03
2026-04-18 21:45:00,1.96,20572.17,1.97,20737.31,1.93,20243.46
2026-04-18 21:46:00,1.97,20767.61,1.96,20620.02,1.93,20211.2
2026-04-18 21:47:00,1.97,20720.04,1.98,20812.94,1.95,20398.62
2026-04-18 21:48:00,1.94,20293.5,1.99,21012.5,1.97,20680.0
2026-04-18 21:49:00,1.95,20431.43,1.95,20491.65,1.97,20727.75
2026-04-18 21:50:00,1.98,20784.02,1.99,20896.57,1.96,20612.34
2026-04-18 21:51:00,1.96,20574.0,1.99,21005.34,1.96,20601.4
2026-04-18 21:52:00,1.97,20701.8,1.97,20668.06,1.94,20380.8
2026-04-18 21:53:00,1.96,20641.94,1.98,20816.88,1.96,20570.27
2026-04-18 21:54:00,1.95,20416.44,1.98,20782.81,1.96,20601.76
2026-04-18 21:55:00,1.95,20517.51,1.98,20830.35,1.95,20471.1
2026-04-18 21:56:00,1.96,20607.8,1.99,20979.61,1.94,20362.79
2026-04-18 21:57:00,1.99,20917.51,1.96,20587.94,1.96,20603.61
2026-04-18 21:58:00,1.96,20637.05,2.0,21055.22,1.97,20664.97
2026-04-18 21:59:00,1.99,20927.94,1.96,20548.26,1.95,20497.44
2026-04-18 22:00:00,1.95,20405.72,1.98,20848.68,1.98,20772.33
2026-04-18 22:01:00,1.95,20460.67,1.98,20860.03,1.97,20756.23
2026-04-18 22:02:00,1.99,20930.99,1.99,20913.62,1.95,20474.81
2026-04-18 22:03:00,1.95,20519.89,1.99,20940.36,1.96,20617.98
2026-04-18 22:04:00,1.97,20765.88,1.99,20894.41,1.95,20459.21
2026-04-18 22:05:00,1.94,20366.52,1.99,20973.85,1.94,20385.55
2026-04-18 22:06:00,1.97,20682.55,1.99,21013.13,1.96,20544.16
2026-04-18 22:07:00,1.96,20594.8,1.98,20855.97,1.97,20762.53
2026-04-18 22:08:00,1.97,20735.07,2.0,21131.17,1.95,20437.05
2026-04-18 22:09:00,1.98,20784.13,1.96,20604.15,1.97,20659.26
2026-04-18 22:10:00,2.0,21029.58,2.0,21111.17,1.95,20441.6
2026-04-18 22:11:00,1.97,20750.3,1.96,20586.0,1.96,20582.39
2026-04-18 22:12:00,1.97,20722.39,1.99,20945.34,1.98,20837.98
2026-04-18 22:13:00,1.95,20398.77,2.01,21180.79,1.96,20531.59
2026-04-18 22:14:00,1.96,20596.14,1.97,20754.01,1.95,20418.73
2026-04-18 22:15:00,1.99,20927.4,1.96,20622.11,1.98,20843.23
2026-04-18 22:16:00,1.97,20670.32,2.0,21121.26,1.96,20554.67
2026-04-18 22:17:00,1.94,20371.26,1.99,20901.53,1.95,20518.47
2026-04-18 22:18:00,1.97,20759.03,2.0,21140.19,1.97,20742.66
2026-04-18 22:19:00,1.97,20703.85,1.99,20978.98,1.96,20543.13
2026-04-18 22:20:00,1.99,20998.89,2.0,21097.28,1.94,20326.28
2026-04-18 22:21:00,1.96,20612.07,1.99,20967.68,1.95,20520.28
2026-04-18 22:22:00,1.95,20513.25,1.97,20767.15,1.97,20712.24
2026-04-18 22:23:00,1.98,20838.59,2.0,21075.92,1.94,20350.79
2026-04-18 22:24:00,1.96,20643.29,1.96,20633.83,1.96,20544.55
2026-04-18 22:25:00,1.98,20884.34,1.97,20647.6,1.98,20803.59
2026-04-18 22:26:00,1.97,20694.42,1.97,20752.68,1.95,20476.09
2026-04-18 22:27:00,2.0,21068.2,2.01,21172.21,1.95,20480.93
2026-04-18 22:28:00,1.97,20719.36,1.99,21003.44,1.97,20685.17
2026-04-18 22:29:00,1.98,20856.91,1.97,20746.38,1.97,20722.82
2026-04-18 22:30:00,1.98,20784.22,2.0,21106.77,1.97,20705.0
2026-04-18 22:31:00,1.95,20478.37,1.99,20979.44,1.96,20576.63
2026-04-18 22:32:00,1.99,20920.57,1.99,20954.64,1.95,20441.24
2026-04-18 22:33:00,1.97,20729.59,1.99,20898.49,1.96,20526.0
2026-04-18 22:34:00,1.97,20688.87,1.98,20841.69,1.94,20391.48
2026-04-18 22:35:00,1.99,20903.13,2.01,21204.22,1.95,20427.42
2026-04-18 22:36:00,1.99,21000.34,1.96,20626.61,1.94,20353.79
2026-04-18 22:37:00,1.96,20633.94,1.98,20793.5,1.96,20528.05
2026-04-18 22:38:00,1.97,20685.88,2.0,21053.98,1.95,20514.42
2026-04-18 22:39:00,1.96,20603.03,2.0,21036.37,1.96,20572.7
2026-04-18 22:40:00,1.96,20567.03,1.97,20648.73,1.95,20515.21
2026-04-18 22:41:00,1.95,20469.42,1.98,20825.17,1.97,20675.4
2026-04-18 22:42:00,2.0,21031.61,1.98,20843.6,1.95,20461.43
2026-04-18 22:43:00,2.0,21075.67,1.98,20818.96,1.95,20407.05
2026-04-18 22:44:00,1.98,20888.69,2.01,21224.33,1.95,20414.04
2026-04-18 22:45:00,2.0,21037.23,1.98,20883.55,1.97,20690.6
2026-04-18 22:46:00,1.96,20557.69,1.98,20807.71,1.94,20374.39
2026-04-18 22:47:00,1.97,20657.01,1.97,20670.47,1.98,20798.15
2026-04-18 22:48:00,1.96,20631.76,2.0,21061.75,1.96,20556.67
2026-04-18 22:49:00,1.99,20926.72,2.0,21025.21,1.96,20620.11
2026-04-18 22:50:00,1.99,20972.9,1.99,20969.4,1.96,20640.25
2026-04-18 22:51:00,1.99,20951.66,1.97,20657.49,1.95,20439.48
2026-04-18 22:52:00,1.98,20860.49,1.97,20707.65,1.99,20923.21
2026-04-18 22:53:00,1.98,20853.36,1.98,20866.99,1.95,20457.94
2026-04-18 22:54:00,1.97,20754.66,1.99,20915.82,1.99,20997.83
2026-04-18 22:55:00,1.98,20881.25,2.01,21248.98,1.97,20768.91
2026-04-18 22:56:00,1.98,20792.37,1.99,20929.42,1.95,20416.35
2026-04-18 22:57:00,1.98,20806.78,1.99,20945.83,1.98,20892.93
2026-04-18 22:58:00,1.98,20858.56,1.99,20923.51,1.95,20487.78
2026-04-18 22:59:00,2.0,21044.18,1.98,20893.01,1.96,20555.56
2026-04-18 23:00:00,1.99,20908.72,2.0,21118.23,1.96,20600.18
2026-04-18 23:01:00,2.0,21122.55,2.02,21327.26,1.97,20720.82
2026-04-18 23:02:00,1.98,20774.66,1.98,20813.97,1.98,20888.07
2026-04-18 23:03:00,1.98,20793.69,1.98,20801.87,1.98,20849.78
2026-04-18 23:04:00,1.96,20636.43,1.97,20694.75,1.99,20933.73
2026-04-18 23:05:00,1.98,20809.3,1.98,20824.66,1.98,20788.34
2026-04-18 23:06:00,1.99,20989.35,2.01,21202.01,1.96,20570.07
2026-04-18 23:07:00,1.97,20745.57,1.99,20909.04,1.99,20937.84
2026-04-18 23:08:00,1.98,20882.94,1.98,20857.55,1.99,20909.83
2026-04-18 23:09:00,1.97,20726.93,2.01,21195.6,1.99,20917.55
2026-04-18 23:10:00,1.96,20598.97,1.99,20936.21,1.95,20479.29
2026-04-18 23:11:00,2.0,21028.44,1.99,20915.95,1.98,20851.24
2026-04-18 23:12:00,2.0,21116.53,1.99,20926.56,1.95,20497.19
2026-04-18 23:13:00,1.96,20559.78,2.01,21146.04,1.99,20917.32
2026-04-18 23:14:00,2.0,21076.07,2.02,21361.58,1.98,20772.04
2026-04-18 23:15:00,1.98,20793.06,2.0,21087.28,1.99,20935.88
2026-04-18 23:16:00,1.97,20732.27,1.97,20721.5,1.98,20836.06
2026-04-18 23:17:00,2.01,21160.85,1.99,20970.29,1.97,20699.5
2026-04-18 23:18:00,1.99,20895.25,2.01,21208.6,1.99,21012.28
2026-04-18 23:19:00,2.0,21039.11,2.01,21226.39,1.95,20517.59
2026-04-18 23:20:00,2.0,21022.59,2.02,21360.31,2.0,21021.19
2026-04-18 23:21:00,1.96,20591.9,2.01,21151.35,1.98,20801.72
2026-04-18 23:22:00,1.99,20953.54,1.99,20925.4,1.97,20653.01
2026-04-18 23:23:00,2.0,21040.58,2.0,21024.93,1.97,20663.35
2026-04-18 23:24:00,1.99,20970.07,2.02,21297.57,1.97,20718.89
2026-04-18 23:25:00,1.98,20846.36,2.02,21307.54,1.98,20880.85
2026-04-18 23:26:00,1.97,20665.45,1.98,20849.92,1.97,20740.94
2026-04-18 23:27:00,1.99,20990.74,2.02,21299.08,1.98,20802.94
2026-04-18 23:28:00,2.0,21034.81,2.01,21207.77,1.96,20544.56
2026-04-18 23:29:00,2.0,21137.6,2.02,21332.34,1.96,20545.6
2026-04-18 23:30:00,1.99,20906.56,2.01,21236.98,1.98,20847.3
2026-04-18 23:31:00,2.01,21205.8,1.99,20944.53,1.96,20547.49
2026-04-18 23:32:00,1.98,20778.24,1.99,20929.91,1.96,20569.93
2026-04-18 23:33:00,1.97,20722.75,2.01,21202.95,1.95,20478.15
2026-04-18 23:34:00,1.99,20937.85,1.98,20885.02,1.96,20611.63
2026-04-18 23:35:00,1.98,20838.86,2.02,21299.02,1.99,20916.73
2026-04-18 23:36:00,1.97,20729.27,1.99,20958.42,1.99,20896.01
2026-04-18 23:37:00,1.98,20888.11,2.02,21354.3,1.97,20698.16
2026-04-18 23:38:00,2.0,21104.97,2.02,21344.59,2.01,21145.44
2026-04-18 23:39:00,2.01,21167.97,2.02,21336.94,1.96,20529.18
2026-04-18 23:40:00,1.99,20926.19,2.0,21081.15,1.98,20795.81
2026-04-18 23:41:00,1.97,20736.88,2.0,21055.75,1.96,20637.15
2026-04-18 23:42:00,1.99,20934.75,1.98,20843.27,2.0,21024.21
2026-04-18 23:43:00,1.97,20730.68,1.98,20859.68,1.99,20897.83
2026-04-18 23:44:00,1.99,20931.33,2.0,21080.53,1.99,21004.61
2026-04-18 23:45:00,1.97,20765.49,1.98,20824.63,1.98,20862.82
2026-04-18 23:46:00,2.02,21314.0,2.02,21304.22,1.99,20936.53
2026-04-18 23:47:00,1.99,21005.88,1.98,20874.53,1.98,20791.09
2026-04-18 23:48:00,1.98,20891.88,1.98,20824.53,1.99,21016.19
2026-04-18 23:49:00,2.0,21122.99,2.01,21216.99,1.97,20667.12
2026-04-18 23:50:00,1.99,20895.22,1.99,20970.84,1.97,20682.98
2026-04-18 23:51:00,1.98,20890.77,2.01,21243.43,1.97,20699.92
2026-04-18 23:52:00,2.01,21251.56,1.99,21008.83,2.0,21132.18
2026-04-18 23:53:00,2.0,21020.12,2.01,21216.08,1.97,20659.8
2026-04-18 23:54:00,2.01,21213.78,2.02,21369.05,2.0,21060.92
2026-04-18 23:55:00,1.99,21000.13,2.03,21402.84,1.99,20966.1
2026-04-18 23:56:00,2.01,21192.04,2.0,21063.03,1.99,20942.14
2026-04-18 23:57:00,1.98,20888.45,2.0,21141.37,1.99,20964.12
2026-04-18 23:58:00,2.01,21185.66,1.99,20993.26,1.99,20938.27
2026-04-18 23:59:00,1.99,20991.02,2.02,21340.62,1.98,20867.45
2026-04-19 00:00:00,1.99,20980.8,2.01,21242.67,2.0,21041.7
2026-04-19 00:01:00,1.98,20804.84,1.99,20980.22,1.98,20813.07
2026-04-19 00:02:00,2.01,21191.63,2.01,21230.39,1.97,20690.71
2026-04-19 00:03:00,2.0,21024.92,2.02,21383.76,1.97,20714.26
2026-04-19 00:04:00,2.0,21109.02,2.02,21368.61,1.97,20755.05
2026-04-19 00:05:00,2.01,21224.21,1.99,20910.05,1.98,20834.15
2026-04-19 00:06:00,1.98,20793.08,1.98,20886.13,1.98,20830.32
2026-04-19 00:07:00,2.0,21062.54,2.02,21269.13,1.97,20706.38
2026-04-19 00:08:00,1.98,20893.71,2.0,21135.95,1.98,20830.56
2026-04-19 00:09:00,2.02,21273.69,2.0,21032.78,1.99,20991.41
2026-04-19 00:10:00,1.99,20948.51,2.02,21288.65,1.98,20805.91
2026-04-19 00:11:00,2.02,21317.75,1.99,20915.84,2.01,21183.94
2026-04-19 00:12:00,2.01,21240.03,2.0,21123.08,1.99,21014.02
2026-04-19 00:13:00,1.98,20806.17,2.0,21114.81,1.98,20834.32
2026-04-19 00:14:00,2.02,21308.92,2.03,21424.51,2.0,21105.05
2026-04-19 00:15:00,2.01,21165.63,2.03,21469.54,2.0,21136.88
2026-04-19 00:16:00,2.0,21076.34,2.01,21180.92,1.99,20897.47
2026-04-19 00:17:00,1.99,20949.62,2.01,21213.07,2.0,21111.78
2026-04-19 00:18:00,2.02,21377.63,2.0,21131.76,1.96,20597.1
2026-04-19 00:19:00,1.97,20722.81,2.04,21566.64,1.99,20897.73
2026-04-19 00:20:00,1.99,21000.32,2.03,21446.63,2.0,21082.96
2026-04-19 00:21:00,2.01,21209.5,1.98,20881.21,1.96,20622.57
2026-04-19 00:22:00,2.02,21378.84,2.01,21191.5,2.0,21081.36
2026-04-19 00:23:00,2.02,21297.88,1.99,20957.99,1.99,20956.82
2026-04-19 00:24:00,2.01,21191.8,1.99,20910.08,1.97,20669.26
2026-04-19 00:25:00,1.98,20812.64,2.02,21307.07,1.96,20637.51
2026-04-19 00:26:00,2.01,21223.75,2.0,21137.27,1.99,20905.17
2026-04-19 00:27:00,1.99,20954.26,2.01,21226.64,1.98,20826.27
2026-04-19 00:28:00,1.98,20836.35,2.0,21085.76,1.99,20902.69
2026-04-19 00:29:00,1.98,20861.59,2.03,21501.81,2.0,21032.71
2026-04-19 00:30:00,2.01,21262.56,2.0,21033.6,1.97,20682.78
2026-04-19 00:31:00,2.01,21185.09,2.03,21413.13,1.98,20836.95
2026-04-19 00:32:00,2.0,21137.94,1.99,20902.74,2.01,21238.94
2026-04-19 00:33:00,1.97,20756.5,2.02,21366.55,2.01,21236.82
2026-04-19 00:34:00,1.98,20873.92,2.01,21241.45,1.97,20670.33
2026-04-19 00:35:00,2.0,21039.75,1.99,20962.75,1.98,20885.75
2026-04-19 00:36:00,2.01,21235.93,1.99,20944.9,2.0,21070.54
2026-04-19 00:37:00,2.01,21188.78,2.0,21041.52,1.98,20785.58
2026-04-19 00:38:00,1.98,20830.01,2.04,21532.48,2.0,21089.7
2026-04-19 00:39:00,2.02,21319.43,2.02,21275.19,2.01,21193.11
2026-04-19 00:40:00,2.01,21235.45,2.02,21339.18,1.98,20780.8
2026-04-19 00:41:00,2.02,21337.11,2.03,21444.64,2.0,21064.13
2026-04-19 00:42:00,2.02,21348.82,2.02,21270.97,2.02,21270.18
2026-04-19 00:43:00,2.0,21023.42,2.04,21538.51,2.01,21164.36
2026-04-19 00:44:00,1.99,20946.78,2.03,21440.95,1.99,20969.44
2026-04-19 00:45:00,2.0,21114.2,2.03,21420.58,2.01,21261.32
2026-04-19 00:46:00,2.02,21381.64,2.03,21472.4,1.97,20762.55
2026-04-19 00:47:00,2.01,21194.18,2.03,21403.45,2.01,21179.77
2026-04-19 00:48:00,2.02,21281.3,2.02,21282.65,2.0,21110.9
2026-04-19 00:49:00,2.0,21091.21,1.99,20987.02,1.98,20831.03
2026-04-19 00:50:00,2.01,21169.35,2.02,21331.31,2.01,21179.37
2026-04-19 00:51:00,1.99,20971.01,2.04,21601.35,1.98,20824.18
2026-04-19 00:52:00,2.02,21281.71,2.01,21253.19,1.99,20918.93
2026-04-19 00:53:00,1.99,20914.01,2.04,21571.76,2.02,21344.37
2026-04-19 00:54:00,2.01,21250.96,2.03,21508.19,2.02,21276.1
2026-04-19 00:55:00,2.03,21427.65,2.01,21213.9,1.98,20818.02
2026-04-19 00:56:00,2.0,21139.54,2.0,21090.79,2.0,21093.41
2026-04-19 00:57:00,2.02,21316.32,2.01,21236.17,2.01,21151.97
2026-04-19 00:58:00,2.01,21151.26,2.03,21476.63,2.0,21107.57
2026-04-19 00:59:00,2.0,21054.63,2.03,21456.58,1.99,20989.59
2026-04-19 01:00:00,2.02,21288.37,2.02,21285.14,1.98,20786.56
2026-04-19 01:01:00,1.98,20892.78,2.02,21303.82,2.0,21096.64
2026-04-19 01:02:00,1.99,20905.2,2.04,21521.64,1.99,21005.16
2026-04-19 01:03:00,2.0,21085.14,2.01,21222.97,2.0,21132.71
2026-04-19 01:04:00,2.02,21385.92,2.01,21165.92,1.99,20976.13
2026-04-19 01:05:00,2.02,21315.84,2.03,21499.1,2.02,21349.8
2026-04-19 01:06:00,1.98,20885.08,2.02,21376.83,2.02,21295.15
2026-04-19 01:07:00,2.03,21396.11,2.02,21307.3,1.97,20721.71
2026-04-19 01:08:00,2.03,21466.16,2.01,21229.94,2.01,21239.0
2026-04-19 01:09:00,2.02,21353.95,2.01,21186.09,2.01,21209.63
2026-04-19 01:10:00,1.98,20870.33,2.02,21353.7,1.99,20920.76
2026-04-19 01:11:00,2.0,21084.34,2.03,21455.43,1.98,20811.56
2026-04-19 01:12:00,2.0,21107.68,2.01,21193.48,1.97,20755.34
2026-04-19 01:13:00,2.01,21226.13,2.02,21354.66,2.0,21031.28
2026-04-19 01:14:00,2.01,21183.43,2.04,21608.29,1.99,20931.47
2026-04-19 01:15:00,2.0,21065.92,2.04,21532.64,1.99,20960.93
2026-04-19 01:16:00,1.99,20929.11,2.0,21062.56,2.01,21145.39
2026-04-19 01:17:00,2.02,21320.71,2.03,21424.12,1.98,20824.71
2026-04-19 01:18:00,2.0,21025.3,2.03,21402.27,1.99,20901.73
2026-04-19 01:19:00,2.02,21340.39,2.03,21439.84,2.0,21074.7
2026-04-19 01:20:00,2.01,21264.89,2.02,21316.1,2.0,21043.38
2026-04-19 01:21:00,2.01,21212.9,2.02,21293.42,1.98,20790.26
2026-04-19 01:22:00,2.02,21308.67,2.04,21547.75,2.01,21238.04
2026-04-19 01:23:00,2.02,21285.71,2.01,21163.93,2.02,21319.42
2026-04-19 01:24:00,2.0,21140.69,2.01,21248.8,2.02,21292.45
2026-04-19 01:25:00,2.02,21329.96,2.04,21611.65,2.0,21019.49
2026-04-19 01:26:00,2.0,21129.17,2.0,21117.47,2.0,21118.96
2026-04-19 01:27:00,2.02,21297.69,2.05,21686.89,2.01,21239.59
2026-04-19 01:28:00,2.03,21483.36,2.02,21338.77,1.99,20937.87
2026-04-19 01:29:00,1.99,20922.3,2.01,21204.53,2.0,21047.3
2026-04-19 01:30:00,2.02,21318.08,2.01,21243.44,1.99,20972.12
2026-04-19 01:31:00,2.01,21187.56,2.04,21590.57,2.01,21242.83
2026-04-19 01:32:00,2.01,21256.21,2.01,21250.43,2.01,21194.15
2026-04-19 01:33:00,2.02,21379.73,2.04,21561.12,1.99,20941.59
2026-04-19 01:34:00,1.99,20928.17,2.03,21484.59,2.01,21193.44
2026-04-19 01:35:00,1.99,21014.51,2.03,21393.48,1.98,20832.53
2026-04-19 01:36:00,2.04,21615.75,2.01,21197.51,2.01,21164.17
2026-04-19 01:37:00,2.04,21516.25,2.02,21318.87,2.0,21110.42
2026-04-19 01:38:00,2.03,21510.37,2.03,21499.73,1.99,20916.67
2026-04-19 01:39:00,2.03,21458.87,2.02,21297.54,2.01,21208.42
2026-04-19 01:40:00,2.01,21188.39,2.05,21707.44,1.99,21009.74
2026-04-19 01:41:00,2.01,21194.38,2.05,21679.83,1.99,21003.54
2026-04-19 01:42:00,2.0,21065.3,2.06,21790.13,2.01,21179.89
2026-04-19 01:43:00,2.0,21018.19,2.03,21493.25,1.98,20885.89
2026-04-19 01:44:00,2.01,21210.03,2.02,21279.94,2.02,21273.44
2026-04-19 01:45:00,2.0,21036.69,2.01,21246.64,2.01,21159.45
2026-04-19 01:46:00,2.04,21618.69,2.05,21654.46,2.02,21299.7
2026-04-19 01:47:00,2.04,21537.44,2.01,21185.67,2.01,21236.12
2026-04-19 01:48:00,2.04,21636.91,2.02,21287.58,1.99,20978.15
2026-04-19 01:49:00,2.02,21382.19,2.02,21269.27,1.98,20890.28
2026-04-19 01:50:00,2.03,21488.82,2.01,21217.44,2.02,21366.14
2026-04-19 01:51:00,2.0,21065.33,2.03,21471.79,2.0,21045.38
2026-04-19 01:52:00,1.99,20989.85,2.02,21384.54,2.02,21316.05
2026-04-19 01:53:00,2.02,21269.5,2.03,21411.81,1.99,20903.2
2026-04-19 01:54:00,2.01,21142.59,2.03,21496.34,2.02,21322.17
2026-04-19 01:55:00,2.01,21200.18,2.02,21324.03,2.0,21063.21
2026-04-19 01:56:00,1.99,21013.05,2.02,21290.43,2.04,21542.67
2026-04-19 01:57:00,2.0,21057.28,2.02,21307.8,2.01,21184.73
2026-04-19 01:58:00,2.03,21418.09,2.05,21679.96,1.99,21008.13
2026-04-19 01:59:00,2.03,21418.94,2.03,21466.6,2.01,21246.68
2026-04-19 02:00:00,2.03,21472.84,2.03,21421.74,2.0,21116.45
2026-04-19 02:01:00,2.04,21552.12,2.03,21455.93,1.99,20939.48
2026-04-19 02:02:00,2.0,21056.9,2.01,21228.09,1.99,20989.66
2026-04-19 02:03:00,2.02,21317.87,2.05,21698.77,2.02,21326.83
2026-04-19 02:04:00,2.04,21548.8,2.02,21362.67,2.01,21257.5
2026-04-19 02:05:00,2.01,21247.09,2.01,21240.09,2.04,21569.26
2026-04-19 02:06:00,2.01,21171.64,2.02,21278.51,2.03,21497.83
2026-04-19 02:07:00,2.03,21400.36,2.03,21434.68,2.03,21458.42
2026-04-19 02:08:00,2.04,21620.06,2.02,21342.55,2.01,21209.91
2026-04-19 02:09:00,2.02,21354.29,2.03,21437.36,1.99,20955.61
2026-04-19 02:10:00,2.03,21460.99,2.05,21722.43,2.0,21073.76
2026-04-19 02:11:00,2.03,21422.92,2.03,21427.84,2.03,21490.94
2026-04-19 02:12:00,2.0,21084.58,2.03,21458.93,2.03,21490.91
2026-04-19 02:13:00,2.02,21303.4,2.04,21623.35,2.02,21378.25
2026-04-19 02:14:00,2.04,21549.49,2.06,21831.39,2.01,21258.48
2026-04-19 02:15:00,2.04,21580.22,2.03,21466.65,2.0,21092.32
2026-04-19 02:16:00,2.04,21601.08,2.05,21761.28,2.03,21466.2
2026-04-19 02:17:00,2.03,21474.59,2.05,21642.32,2.0,21063.19
2026-04-19 02:18:00,2.04,21601.58,2.05,21677.09,2.0,21078.41
2026-04-19 02:19:00,2.02,21272.57,2.05,21687.1,2.02,21388.29
2026-04-19 02:20:00,2.02,21272.45,2.05,21689.13,2.01,21222.2
2026-04-19 02:21:00,2.04,21559.76,2.05,21664.14,2.02,21312.39
2026-04-19 02:22:00,2.04,21519.76,2.06,21828.61,2.04,21520.54
2026-04-19 02:23:00,2.01,21175.55,2.03,21485.05,2.01,21237.09
2026-04-19 02:24:00,2.03,21430.81,2.02,21319.77,2.0,21076.48
2026-04-19 02:25:00,2.01,21205.6,2.03,21408.65,2.03,21475.42
2026-04-19 02:26:00,2.03,21421.85,2.01,21224.1,2.02,21345.46
2026-04-19 02:27:00,2.01,21153.79,2.02,21302.48,2.04,21543.71
2026-04-19 02:28:00,2.02,21342.58,2.05,21662.66,2.03,21435.78
2026-04-19 02:29:00,2.03,21485.78,2.04,21591.98,2.0,21107.29
2026-04-19 02:30:00,2.02,21385.18,2.04,21590.11,2.02,21341.4
2026-04-19 02:31:00,2.03,21429.92,2.06,21825.94,2.02,21308.85
2026-04-19 02:32:00,2.02,21382.17,2.04,21548.28,2.02,21320.41
2026-04-19 02:33:00,2.02,21362.63,2.04,21532.73,2.0,21140.45
2026-04-19 02:34:00,2.05,21755.83,2.02,21338.67,2.03,21458.04
2026-04-19 02:35:00,2.04,21568.07,2.04,21516.86,2.01,21211.77
2026-04-19 02:36:00,2.03,21455.68,2.06,21794.65,2.01,21195.33
2026-04-19 02:37:00,2.06,21787.24,2.06,21881.44,2.03,21507.4
2026-04-19 02:38:00,2.03,21430.57,2.07,21886.13,1.99,21010.45
2026-04-19 02:39:00,2.04,21586.78,2.05,21691.9,2.0,21035.47
2026-04-19 02:40:00,2.05,21707.44,2.03,21436.87,2.0,21119.36
2026-04-19 02:41:00,2.02,21299.92,2.07,21947.81,2.04,21595.72
2026-04-19 02:42:00,2.04,21597.92,2.05,21711.99,2.03,21431.33
2026-04-19 02:43:00,2.02,21278.16,2.05,21725.36,2.03,21513.75
2026-04-19 02:44:00,2.02,21329.78,2.05,21707.79,2.04,21528.6
2026-04-19 02:45:00,2.03,21412.14,2.05,21736.93,2.01,21251.32
2026-04-19 02:46:00,2.04,21592.37,2.02,21367.33,2.04,21625.77
2026-04-19 02:47:00,2.01,21261.02,2.04,21582.02,2.0,21135.99
2026-04-19 02:48:00,2.03,21447.99,2.06,21784.98,2.01,21173.19
2026-04-19 02:49:00,2.02,21311.29,2.06,21882.4,2.01,21208.99
2026-04-19 02:50:00,2.04,21560.17,2.02,21307.05,2.05,21667.67
2026-04-19 02:51:00,2.05,21692.97,2.06,21800.08,2.03,21427.46
2026-04-19 02:52:00,2.04,21564.27,2.03,21442.9,2.01,21236.8
2026-04-19 02:53:00,2.05,21739.68,2.03,21396.26,2.01,21186.18
2026-04-19 02:54:00,2.02,21323.23,2.05,21672.24,2.03,21426.14
2026-04-19 02:55:00,2.05,21698.77,2.05,21657.18,2.02,21389.93
2026-04-19 02:56:00,2.02,21269.6,2.03,21418.4,2.03,21427.49
2026-04-19 02:57:00,2.04,21579.23,2.05,21736.35,2.0,21063.33
2026-04-19 02:58:00,2.01,21189.42,2.06,21873.17,2.03,21495.56
2026-04-19 02:59:00,2.03,21482.47,2.05,21652.57,2.0,21107.52
2026-04-19 03:00:00,2.02,21380.44,2.03,21459.61,2.04,21631.62
2026-04-19 03:01:00,2.05,21719.6,2.07,21942.56,2.02,21282.25
2026-04-19 03:02:00,2.05,21727.53,2.03,21443.71,2.02,21281.54
2026-04-19 03:03:00,2.03,21494.96,2.04,21622.85,2.01,21170.5
2026-04-19 03:04:00,2.02,21313.36,2.03,21491.41,2.03,21490.04
2026-04-19 03:05:00,2.04,21600.34,2.06,21828.4,2.03,21504.82
2026-04-19 03:06:00,2.03,21486.71,2.07,21946.02,2.0,21141.52
2026-04-19 03:07:00,2.02,21326.68,2.05,21653.71,2.05,21697.03
2026-04-19 03:08:00,2.01,21244.23,2.04,21593.27,2.03,21398.68
2026-04-19 03:09:00,2.03,21498.26,2.08,22031.71,2.05,21708.87
2026-04-19 03:10:00,2.03,21500.4,2.03,21444.49,2.04,21586.71
2026-04-19 03:11:00,2.04,21637.66,2.04,21575.85,2.02,21293.94
2026-04-19 03:12:00,2.06,21859.96,2.07,21938.54,2.0,21122.51
2026-04-19 03:13:00,2.04,21542.39,2.03,21405.36,2.01,21236.45
2026-04-19 03:14:00,2.06,21797.49,2.04,21535.5,2.02,21310.85
2026-04-19 03:15:00,2.02,21310.11,2.08,22014.77,2.04,21582.47
2026-04-19 03:16:00,2.06,21876.85,2.05,21755.63,2.02,21304.84
2026-04-19 03:17:00,2.01,21242.2,2.05,21749.82,2.02,21360.48
2026-04-19 03:18:00,2.02,21279.16,2.06,21816.53,2.02,21323.78
2026-04-19 03:19:00,2.06,21819.32,2.05,21698.88,2.05,21702.28
2026-04-19 03:20:00,2.02,21297.41,2.03,21482.34,2.0,21126.36
2026-04-19 03:21:00,2.04,21593.47,2.03,21419.36,2.04,21610.27
2026-04-19 03:22:00,2.05,21693.72,2.06,21812.2,2.01,21165.94
2026-04-19 03:23:00,2.06,21795.66,2.07,21929.13,2.05,21638.68
2026-04-19 03:24:00,2.05,21660.83,2.04,21568.65,2.01,21174.38
2026-04-19 03:25:00,2.05,21686.08,2.08,22018.53,2.05,21717.36
2026-04-19 03:26:00,2.05,21656.68,2.07,21921.63,2.05,21660.94
2026-04-19 03:27:00,2.02,21326.91,2.05,21663.52,2.0,21140.55
2026-04-19 03:28:00,2.07,21908.25,2.05,21682.1,2.02,21317.35
2026-04-19 03:29:00,2.05,21699.54,2.06,21787.72,2.01,21156.59
2026-04-19 03:30:00,2.07,21912.26,2.05,21649.38,2.05,21686.95
2026-04-19 03:31:00,2.01,21255.68,2.03,21496.03,2.04,21557.57
2026-04-19 03:32:00,2.06,21783.41,2.08,22044.84,2.03,21399.19
2026-04-19 03:33:00,2.02,21372.6,2.07,22007.85,2.01,21247.61
2026-04-19 03:34:00,2.06,21819.82,2.06,21868.8,2.02,21342.83
2026-04-19 03:35:00,2.06,21865.1,2.05,21653.7,2.02,21344.65
2026-04-19 03:36:00,2.03,21493.01,2.06,21877.17,2.04,21626.38
2026-04-19 03:37:00,2.04,21637.84,2.03,21500.48,2.04,21570.25
2026-04-19 03:38:00,2.02,21323.63,2.04,21594.83,2.03,21401.41
2026-04-19 03:39:00,2.06,21837.63,2.08,22029.61,2.04,21602.41
2026-04-19 03:40:00,2.04,21533.65,2.07,21971.17,2.03,21390.64
2026-04-19 03:41:00,2.03,21400.57,2.05,21727.53,2.02,21321.87
2026-04-19 03:42:00,2.05,21760.87,2.03,21396.87,2.04,21602.82
2026-04-19 03:43:00,2.05,21707.87,2.06,21771.51,2.02,21380.41
2026-04-19 03:44:00,2.07,21952.18,2.07,22004.92,2.04,21547.18
2026-04-19 03:45:00,2.07,21907.47,2.05,21737.23,2.02,21315.02
2026-04-19 03:46:00,2.06,21847.99,2.06,21805.29,2.02,21364.73
2026-04-19 03:47:00,2.02,21389.5,2.06,21837.32,2.05,21686.15
2026-04-19 03:48:00,2.02,21339.75,2.05,21707.09,2.06,21795.77
2026-04-19 03:49:00,2.03,21488.56,2.03,21507.62,2.03,21431.98
2026-04-19 03:50:00,2.04,21570.55,2.03,21478.49,2.02,21293.28
2026-04-19 03:51:00,2.07,21961.54,2.07,21995.46,2.02,21295.03
2026-04-19 03:52:00,2.04,21542.04,2.08,22035.79,2.06,21778.82
2026-04-19 03:53:00,2.04,21547.5,2.06,21839.45,2.05,21696.18
2026-04-19 03:54:00,2.03,21425.5,2.04,21615.22,2.02,21293.46
2026-04-19 03:55:00,2.03,21390.88,2.05,21650.24,2.06,21824.12
2026-04-19 03:56:00,2.05,21653.79,2.04,21622.69,2.04,21624.69
2026-04-19 03:57:00,2.04,21597.95,2.05,21646.57,2.05,21654.82
2026-04-19 03:58:00,2.03,21411.11,2.05,21701.66,2.05,21752.73
2026-04-19 03:59:00,2.03,21475.81,2.09,22149.51,2.02,21295.74
2026-04-19 04:00:00,2.02,21336.14,2.04,21614.1,2.02,21316.0
2026-04-19 04:01:00,2.02,21373.59,2.06,21802.22,2.02,21323.0
2026-04-19 04:02:00,2.05,21646.31,2.07,21955.42,2.06,21838.73
2026-04-19 04:03:00,2.06,21792.26,2.08,22019.67,2.06,21807.58
2026-04-19 04:04:00,2.06,21774.0,2.07,21990.63,2.04,21535.33
2026-04-19 04:05:00,2.05,21670.43,2.09,22178.52,2.05,21671.42
2026-04-19 04:06:00,2.06,21787.77,2.07,21973.41,2.02,21327.42
2026-04-19 04:07:00,2.05,21644.67,2.05,21709.82,2.04,21553.97
2026-04-19 04:08:00,2.06,21791.32,2.06,21880.95,2.06,21850.52
2026-04-19 04:09:00,2.07,21969.58,2.05,21679.73,2.05,21701.15
2026-04-19 04:10:00,2.05,21744.16,2.04,21542.59,2.06,21828.88
2026-04-19 04:11:00,2.07,21948.31,2.07,21962.7,2.06,21858.51
2026-04-19 04:12:00,2.05,21716.9,2.07,21987.65,2.03,21396.64
2026-04-19 04:13:00,2.06,21875.7,2.04,21636.77,2.06,21866.31
2026-04-19 04:14:00,2.05,21679.73,2.08,22100.71,2.05,21741.12
2026-04-19 04:15:00,2.05,21649.58,2.06,21810.54,2.07,21939.31
2026-04-19 04:16:00,2.06,21802.04,2.08,22013.29,2.04,21626.58
2026-04-19 04:17:00,2.03,21479.15,2.08,22133.61,2.03,21464.5
2026-04-19 04:18:00,2.07,21980.92,2.04,21637.1,2.03,21444.98
2026-04-19 04:19:00,2.06,21844.6,2.08,22067.1,2.07,21930.72
2026-04-19 04:20:00,2.07,21913.22,2.06,21867.06,2.04,21581.58
2026-04-19 04:21:00,2.04,21576.51,2.07,21971.33,2.05,21742.3
2026-04-19 04:22:00,2.03,21492.4,2.08,22106.11,2.05,21670.37
2026-04-19 04:23:00,2.03,21466.38,2.08,22120.5,2.05,21642.97
2026-04-19 04:24:00,2.04,21579.54,2.07,21923.39,2.04,21586.56
2026-04-19 04:25:00,2.04,21599.87,2.06,21867.51,2.04,21550.21
2026-04-19 04:26:00,2.05,21744.31,2.07,21929.04,2.06,21773.02
2026-04-19 04:27:00,2.04,21602.09,2.05,21743.39,2.07,21951.19
2026-04-19 04:28:00,2.04,21624.42,2.09,22172.72,2.03,21469.75
2026-04-19 04:29:00,2.03,21488.48,2.08,22097.42,2.03,21507.5
2026-04-19 04:30:00,2.07,21942.73,2.05,21694.41,2.05,21749.45
2026-04-19 04:31:00,2.05,21671.36,2.07,21979.34,2.02,21322.77
2026-04-19 04:32:00,2.07,21895.84,2.09,22177.33,2.06,21863.44
2026-04-19 04:33:00,2.05,21721.53,2.04,21548.34,2.04,21587.98
2026-04-19 04:34:00,2.07,22000.05,2.07,21937.08,2.05,21657.96
2026-04-19 04:35:00,2.04,21568.88,2.06,21813.94,2.02,21356.08
2026-04-19 04:36:00,2.05,21707.03,2.09,22154.88,2.06,21834.26
2026-04-19 04:37:00,2.05,21761.79,2.06,21805.35,2.07,21913.62
2026-04-19 04:38:00,2.08,22066.63,2.08,22056.51,2.04,21526.94
2026-04-19 04:39:00,2.03,21501.16,2.05,21671.87,2.02,21368.38
2026-04-19 04:40:00,2.08,22031.66,2.07,21886.52,2.02,21389.73
2026-04-19 04:41:00,2.08,22012.96,2.08,22078.43,2.04,21619.49
2026-04-19 04:42:00,2.05,21723.8,2.05,21668.75,2.05,21759.31
2026-04-19 04:43:00,2.08,22118.56,2.06,21853.55,2.07,21953.12
2026-04-19 04:44:00,2.04,21565.79,2.04,21632.38,2.03,21409.35
2026-04-19 04:45:00,2.05,21730.49,2.08,22081.39,2.04,21568.05
2026-04-19 04:46:00,2.05,21649.2,2.05,21687.36,2.05,21702.17
2026-04-19 04:47:00,2.04,21561.24,2.09,22173.5,2.05,21744.94
2026-04-19 04:48:00,2.06,21843.8,2.08,22091.25,2.07,21961.36
2026-04-19 04:49:00,2.04,21603.64,2.09,22135.4,2.07,21979.75
2026-04-19 04:50:00,2.04,21546.66,2.07,21981.9,2.05,21687.15
2026-04-19 04:51:00,2.06,21807.78,2.05,21658.16,2.06,21857.37
2026-04-19 04:52:00,2.04,21552.82,2.09,22215.65,2.04,21534.98
2026-04-19 04:53:00,2.03,21510.88,2.05,21708.75,2.05,21683.09
2026-04-19 04:54:00,2.09,22146.79,2.09,22244.18,2.06,21846.58
2026-04-19 04:55:00,2.05,21687.09,2.06,21859.13,2.07,21925.12
2026-04-19 04:56:00,2.07,21943.37,2.09,22207.82,2.04,21514.94
2026-04-19 04:57:00,2.08,22025.48,2.05,21743.52,2.02,21385.01
2026-04-19 04:58:00,2.07,21957.33,2.1,22273.14,2.05,21664.82
2026-04-19 04:59:00,2.04,21595.57,2.06,21848.04,2.07,21932.33
2026-04-19 05:00:00,2.05,21739.46,2.05,21753.88,2.06,21820.34
2026-04-19 05:01:00,2.04,21625.06,2.09,22254.8,2.06,21845.65
2026-04-19 05:02:00,2.06,21794.15,2.06,21853.5,2.05,21671.23
2026-04-19 05:03:00,2.07,21951.75,2.05,21659.65,2.07,21987.85
2026-04-19 05:04:00,2.04,21555.09,2.09,22236.5,2.04,21617.8
2026-04-19 05:05:00,2.04,21531.18,2.08,22062.03,2.07,21909.22
2026-04-19 05:06:00,2.05,21741.05,2.08,22010.89,2.07,21891.95
2026-04-19 05:07:00,2.06,21782.11,2.08,22071.09,2.07,21961.93
2026-04-19 05:08:00,2.04,21515.85,2.09,22221.64,2.04,21558.63
2026-04-19 05:09:00,2.05,21677.31,2.07,21916.2,2.05,21672.64
2026-04-19 05:10:00,2.06,21772.14,2.09,22220.84,2.07,21941.47
2026-04-19 05:11:00,2.07,21965.15,2.06,21883.48,2.04,21606.41
2026-04-19 05:12:00,2.07,21977.88,2.05,21694.07,2.07,21951.55
2026-04-19 05:13:00,2.04,21600.03,2.09,22176.28,2.04,21585.48
2026-04-19 05:14:00,2.04,21603.5,2.1,22340.93,2.04,21545.09
2026-04-19 05:15:00,2.04,21623.93,2.08,22011.67,2.05,21745.94
2026-04-19 05:16:00,2.07,21905.51,2.05,21744.17,2.06,21840.22
2026-04-19 05:17:00,2.08,22027.37,2.1,22347.22,2.08,22021.52
2026-04-19 05:18:00,2.08,22093.95,2.07,21987.96,2.06,21774.77
2026-04-19 05:19:00,2.07,21946.84,2.06,21868.85,2.04,21566.78
2026-04-19 05:20:00,2.06,21830.78,2.07,21953.3,2.04,21549.48
2026-04-19 05:21:00,2.07,21893.68,2.08,22056.57,2.03,21467.46
2026-04-19 05:22:00,2.06,21812.86,2.05,21698.14,2.04,21590.22
2026-04-19 05:23:00,2.04,21546.85,2.08,22017.58,2.05,21670.48
2026-04-19 05:24:00,2.07,21983.09,2.06,21845.85,2.07,21952.64
2026-04-19 05:25:00,2.07,21993.11,2.08,22028.41,2.04,21603.21
2026-04-19 05:26:00,2.05,21693.15,2.06,21809.71,2.07,21931.16
2026-04-19 05:27:00,2.06,21768.71,2.07,21898.43,2.06,21770.43
2026-04-19 05:28:00,2.07,22005.81,2.1,22276.75,2.07,21978.32
2026-04-19 05:29:00,2.06,21884.11,2.07,21954.63,2.04,21621.33
2026-04-19 05:30:00,2.05,21692.35,2.1,22294.65,2.04,21578.28
2026-04-19 05:31:00,2.06,21821.05,2.08,22078.19,2.06,21827.61
2026-04-19 05:32:00,2.07,21993.0,2.05,21733.42,2.04,21599.56
2026-04-19 05:33:00,2.05,21676.22,2.07,21901.04,2.07,21987.83
2026-04-19 05:34:00,2.06,21810.2,2.07,21977.0,2.04,21587.63
2026-04-19 05:35:00,2.08,22033.08,2.1,22301.83,2.05,21673.6
2026-04-19 05:36:00,2.05,21654.44,2.06,21826.78,2.07,21891.42
2026-04-19 05:37:00,2.06,21771.66,2.08,22033.23,2.04,21560.26
2026-04-19 05:38:00,2.06,21851.68,2.09,22230.75,2.03,21483.29
2026-04-19 05:39:00,2.08,22101.25,2.09,22134.73,2.04,21532.84
2026-04-19 05:40:00,2.07,21925.57,2.06,21788.68,2.05,21715.8
2026-04-19 05:41:00,2.09,22186.75,2.08,22058.37,2.08,22090.46
2026-04-19 05:42:00,2.09,22221.9,2.06,21865.61,2.04,21540.1
2026-04-19 05:43:00,2.05,21748.29,2.06,21869.93,2.07,21903.58
2026-04-19 05:44:00,2.06,21828.84,2.06,21800.03,2.05,21657.42
2026-04-19 05:45:00,2.08,22066.5,2.11,22465.67,2.09,22141.02
2026-04-19 05:46:00,2.08,22108.58,2.1,22343.72,2.07,21943.09
2026-04-19 05:47:00,2.05,21728.81,2.08,22065.16,2.07,21889.39
2026-04-19 05:48:00,2.08,22088.04,2.08,22083.23,2.07,21900.26
2026-04-19 05:49:00,2.09,22183.94,2.1,22322.51,2.07,21981.46
2026-04-19 05:50:00,2.06,21789.56,2.11,22415.36,2.04,21583.17
2026-04-19 05:51:00,2.07,21889.71,2.08,22129.11,2.07,21967.85
2026-04-19 05:52:00,2.05,21726.41,2.07,21898.45,2.08,22123.81
2026-04-19 05:53:00,2.08,22131.43,2.09,22163.33,2.04,21615.68
2026-04-19 05:54:00,2.09,22189.27,2.11,22384.79,2.05,21663.57
2026-04-19 05:55:00,2.05,21738.07,2.09,22182.03,2.05,21698.16
2026-04-19 05:56:00,2.05,21691.35,2.07,21959.39,2.04,21537.28
2026-04-19 05:57:00,2.08,22128.66,2.11,22431.49,2.06,21792.61
2026-04-19 05:58:00,2.08,22086.46,2.07,21980.55,2.09,22187.84
2026-04-19 05:59:00,2.1,22348.81,2.11,22395.95,2.08,22127.83
2026-04-19 06:00:00,2.07,21894.46,2.06,21860.16,2.06,21771.88
2026-04-19 06:01:00,2.06,21847.89,2.09,22197.44,2.05,21728.57
2026-04-19 06:02:00,2.09,22210.19,2.11,22484.45,2.05,21645.24
2026-04-19 06:03:00,2.08,22043.69,2.1,22297.33,2.05,21756.87
2026-04-19 06:04:00,2.08,22105.65,2.09,22152.78,2.07,21886.01
2026-04-19 06:05:00,2.07,22008.86,2.12,22512.8,2.07,22006.89
2026-04-19 06:06:00,2.06,21771.8,2.08,22063.73,2.07,21931.13
2026-04-19 06:07:00,2.06,21869.34,2.08,22080.58,2.05,21720.75
2026-04-19 06:08:00,2.08,22013.37,2.09,22140.77,2.08,22095.93
2026-04-19 06:09:00,2.06,21800.67,2.08,22035.61,2.06,21833.02
2026-04-19 06:10:00,2.09,22231.86,2.11,22394.42,2.05,21638.23
2026-04-19 06:11:00,2.06,21830.79,2.1,22300.94,2.06,21810.94
2026-04-19 06:12:00,2.05,21724.67,2.11,22417.09,2.08,22020.84
2026-04-19 06:13:00,2.09,22143.05,2.1,22340.0,2.07,21982.94
2026-04-19 06:14:00,2.06,21767.66,2.07,21919.33,2.07,21960.77
2026-04-19 06:15:00,2.09,22183.46,2.08,22116.03,2.09,22226.91
2026-04-19 06:16:00,2.07,21952.7,2.1,22264.94,2.07,21907.33
2026-04-19 06:17:00,2.1,22356.28,2.09,22246.75,2.06,21825.62
2026-04-19 06:18:00,2.06,21860.65,2.08,22048.58,2.06,21832.87
2026-04-19 06:19:00,2.06,21831.72,2.1,22268.84,2.09,22186.21
2026-04-19 06:20:00,2.09,22136.24,2.11,22449.36,2.06,21801.43
2026-04-19 06:21:00,2.1,22299.17,2.09,22238.49,2.05,21754.36
2026-04-19 06:22:00,2.09,22257.41,2.09,22147.63,2.08,22082.71
2026-04-19 06:23:00,2.07,21951.8,2.09,22239.16,2.06,21801.84
2026-04-19 06:24:00,2.06,21864.83,2.09,22188.53,2.1,22261.34
2026-04-19 06:25:00,2.06,21878.15,2.11,22389.36,2.07,22007.6
2026-04-19 06:26:00,2.09,22201.63,2.09,22194.98,2.07,21924.99
2026-04-19 06:27:00,2.09,22247.15,2.07,21994.94,2.08,22122.27
2026-04-19 06:28:00,2.07,21937.96,2.08,22037.7,2.07,21941.4
2026-04-19 06:29:00,2.08,22039.6,2.11,22446.04,2.06,21807.45
2026-04-19 06:30:00,2.09,22154.74,2.12,22586.35,2.1,22298.32
2026-04-19 06:31:00,2.08,22067.77,2.1,22337.99,2.08,22105.2
2026-04-19 06:32:00,2.08,22113.12,2.11,22476.75,2.09,22167.1
2026-04-19 06:33:00,2.08,22113.99,2.1,22315.42,2.08,22070.99
2026-04-19 06:34:00,2.1,22279.69,2.08,22065.13,2.07,22006.84
2026-04-19 06:35:00,2.06,21855.71,2.08,22131.78,2.1,22274.39
2026-04-19 06:36:00,2.08,22097.37,2.08,22083.64,2.08,22086.95
2026-04-19 06:37:00,2.08,22081.87,2.07,21990.81,2.06,21803.86
2026-04-19 06:38:00,2.09,22144.75,2.13,22643.56,2.06,21793.42
2026-04-19 06:39:00,2.08,22102.01,2.12,22530.36,2.05,21717.3
2026-04-19 06:40:00,2.11,22489.63,2.1,22350.66,2.07,21920.96
2026-04-19 06:41:00,2.06,21767.36,2.11,22418.24,2.1,22276.91
2026-04-19 06:42:00,2.09,22209.0,2.1,22324.4,2.1,22316.21
2026-04-19 06:43:00,2.1,22316.36,2.11,22432.25,2.08,22130.05
2026-04-19 06:44:00,2.06,21823.23,2.08,22029.22,2.06,21783.25
2026-04-19 06:45:00,2.1,22302.68,2.07,21962.98,2.08,22119.67
2026-04-19 06:46:00,2.1,22311.86,2.1,22315.21,2.09,22256.42
2026-04-19 06:47:00,2.09,22201.08,2.09,22202.72,2.06,21799.0
2026-04-19 06:48:00,2.07,21975.57,2.09,22201.68,2.08,22045.82
2026-04-19 06:49:00,2.1,22335.94,2.12,22590.15,2.06,21802.64
2026-04-19 06:50:00,2.07,22008.36,2.09,22198.06,2.09,22152.01
2026-04-19 06:51:00,2.08,22077.1,2.09,22231.4,2.1,22310.13
2026-04-19 06:52:00,2.08,22016.56,2.07,22000.03,2.05,21747.89
2026-04-19 06:53:00,2.08,22092.43,2.11,22476.72,2.09,22200.13
2026-04-19 06:54:00,2.1,22349.72,2.1,22277.56,2.07,21952.27
2026-04-19 06:55:00,2.11,22442.82,2.1,22334.99,2.1,22378.9
2026-04-19 06:56:00,2.08,22024.62,2.11,22495.05,2.09,22172.47
2026-04-19 06:57:00,2.11,22408.93,2.12,22593.66,2.09,22194.32
2026-04-19 06:58:00,2.12,22536.85,2.1,22337.35,2.07,21961.24
2026-04-19 06:59:00,2.09,22135.46,2.08,22107.94,2.08,22096.95
2026-04-19 07:00:00,2.12,22558.35,2.08,22063.46,2.09,22249.56
2026-04-19 07:01:00,2.11,22462.34,2.09,22172.86,2.1,22380.94
2026-04-19 07:02:00,2.12,22529.36,2.12,22533.17,2.09,22244.73
2026-04-19 07:03:00,2.11,22481.1,2.1,22379.53,2.07,21918.2
2026-04-19 07:04:00,2.08,22117.54,2.13,22660.05,2.09,22213.89
2026-04-19 07:05:00,2.11,22500.67,2.09,22159.58,2.09,22179.62
2026-04-19 07:06:00,2.09,22144.39,2.08,22026.8,2.08,22093.42
2026-04-19 07:07:00,2.1,22277.11,2.08,22114.05,2.09,22177.07
2026-04-19 07:08:00,2.06,21870.34,2.11,22504.21,2.09,22190.41
2026-04-19 07:09:00,2.09,22234.7,2.1,22287.47,2.08,22027.85
2026-04-19 07:10:00,2.11,22386.92,2.12,22575.43,2.1,22360.55
2026-04-19 07:11:00,2.08,22108.73,2.09,22179.79,2.11,22488.54
2026-04-19 07:12:00,2.12,22535.85,2.12,22557.23,2.1,22272.47
2026-04-19 07:13:00,2.09,22199.64,2.12,22521.63,2.09,22183.58
2026-04-19 07:14:00,2.11,22438.18,2.08,22046.54,2.11,22473.38
2026-04-19 07:15:00,2.11,22441.39,2.13,22721.46,2.09,22246.77
2026-04-19 07:16:00,2.09,22178.18,2.1,22379.69,2.08,22071.63
2026-04-19 07:17:00,2.08,22033.72,2.12,22589.29,2.09,22179.91
2026-04-19 07:18:00,2.1,22364.89,2.12,22573.54,2.08,22055.6
2026-04-19 07:19:00,2.08,22065.19,2.12,22611.89,2.11,22456.45
2026-04-19 07:20:00,2.1,22287.91,2.13,22729.69,2.09,22253.4
2026-04-19 07:21:00,2.07,22003.87,2.09,22217.24,2.06,21838.2
2026-04-19 07:22:00,2.11,22471.39,2.09,22206.39,2.1,22376.78
2026-04-19 07:23:00,2.09,22247.82,2.09,22186.08,2.06,21836.51
2026-04-19 07:24:00,2.11,22468.34,2.13,22753.08,2.07,22008.26
2026-04-19 07:25:00,2.11,22467.97,2.09,22175.18,2.09,22144.83
2026-04-19 07:26:00,2.1,22343.34,2.09,22209.5,2.07,21996.41
2026-04-19 07:27:00,2.08,22105.79,2.13,22708.64,2.07,21988.0
2026-04-19 07:28:00,2.09,22215.39,2.1,22329.47,2.09,22214.7
2026-04-19 07:29:00,2.12,22591.73,2.12,22542.44,2.1,22334.06
2026-04-19 07:30:00,2.09,22210.55,2.12,22512.24,2.1,22368.03
2026-04-19 07:31:00,2.08,22116.56,2.12,22533.51,2.11,22405.0
2026-04-19 07:32:00,2.09,22252.47,2.11,22488.34,2.12,22531.08
2026-04-19 07:33:00,2.1,22298.27,2.13,22733.35,2.09,22232.21
2026-04-19 07:34:00,2.09,22222.22,2.14,22773.73,2.07,21913.7
2026-04-19 07:35:00,2.11,22501.33,2.14,22811.36,2.07,21917.81
2026-04-19 07:36:00,2.11,22418.78,2.1,22297.92,2.08,22110.75
2026-04-19 07:37:00,2.08,22050.35,2.11,22433.43,2.1,22311.75
2026-04-19 07:38:00,2.08,22068.8,2.09,22221.96,2.1,22346.53
2026-04-19 07:39:00,2.08,22067.98,2.11,22429.86,2.11,22454.68
2026-04-19 07:40:00,2.1,22313.35,2.1,22360.98,2.11,22395.63
2026-04-19 07:41:00,2.12,22614.45,2.1,22296.91,2.07,21995.92
2026-04-19 07:42:00,2.08,22129.15,2.13,22732.11,2.08,22058.81
2026-04-19 07:43:00,2.11,22492.96,2.14,22782.01,2.11,22464.16
2026-04-19 07:44:00,2.1,22340.82,2.14,22789.34,2.11,22500.42
2026-04-19 07:45:00,2.09,22251.59,2.12,22594.39,2.07,22003.59
2026-04-19 07:46:00,2.13,22656.81,2.13,22706.13,2.08,22133.7
2026-04-19 07:47:00,2.1,22296.43,2.14,22836.01,2.1,22278.37
2026-04-19 07:48:00,2.11,22445.78,2.12,22616.73,2.11,22427.58
2026-04-19 07:49:00,2.1,22331.22,2.14,22839.31,2.1,22320.1
2026-04-19 07:50:00,2.09,22168.18,2.12,22628.01,2.07,21976.16
2026-04-19 07:51:00,2.11,22482.68,2.1,22285.72,2.11,22441.97
2026-04-19 07:52:00,2.12,22541.1,2.11,22416.72,2.08,22097.79
2026-04-19 07:53:00,2.08,22088.91,2.13,22744.0,2.07,22002.23
2026-04-19 07:54:00,2.1,22310.02,2.11,22462.03,2.1,22337.68
2026-04-19 07:55:00,2.12,22554.51,2.14,22829.66,2.12,22508.91
2026-04-19 07:56:00,2.11,22435.72,2.11,22407.69,2.12,22609.16
2026-04-19 07:57:00,2.12,22542.98,2.09,22220.46,2.07,21975.45
2026-04-19 07:58:00,2.09,22242.12,2.12,22585.22,2.12,22577.29
2026-04-19 07:59:00,2.09,22224.84,2.12,22545.74,2.09,22141.0
2026-04-19 08:00:00,2.1,22305.24,2.14,22874.35,2.07,21976.68
2026-04-19 08:01:00,2.1,22339.21,2.12,22509.25,2.12,22531.38
2026-04-19 08:02:00,2.13,22676.39,2.13,22645.31,2.12,22545.32
2026-04-19 08:03:00,2.13,22706.45,2.11,22408.34,2.09,22188.98
2026-04-19 08:04:00,2.13,22632.64,2.14,22808.88,2.12,22537.11
2026-04-19 08:05:00,2.12,22618.54,2.14,22823.79,2.08,22095.08
2026-04-19 08:06:00,2.09,22145.65,2.13,22644.08,2.08,22096.37
2026-04-19 08:07:00,2.12,22590.91,2.12,22545.36,2.12,22605.45
2026-04-19 08:08:00,2.1,22365.41,2.12,22591.04,2.09,22238.64
2026-04-19 08:09:00,2.09,22210.69,2.14,22839.68,2.08,22036.17
2026-04-19 08:10:00,2.13,22698.83,2.13,22700.64,2.11,22383.72
2026-04-19 08:11:00,2.12,22627.89,2.11,22431.77,2.08,22127.76
2026-04-19 08:12:00,2.12,22554.59,2.11,22406.75,2.12,22616.74
2026-04-19 08:13:00,2.1,22338.23,2.11,22454.45,2.1,22357.94
2026-04-19 08:14:00,2.11,22427.5,2.12,22628.95,2.12,22567.55
2026-04-19 08:15:00,2.12,22579.15,2.14,22755.46,2.1,22326.78
2026-04-19 08:16:00,2.12,22565.36,2.11,22409.97,2.08,22100.05
2026-04-19 08:17:00,2.13,22713.94,2.13,22641.57,2.08,22098.67
2026-04-19 08:18:00,2.11,22493.01,2.11,22490.8,2.11,22394.3
2026-04-19 08:19:00,2.12,22629.05,2.14,22768.26,2.13,22644.11
2026-04-19 08:20:00,2.09,22197.34,2.11,22444.46,2.09,22251.14
2026-04-19 08:21:00,2.13,22632.42,2.14,22860.49,2.11,22405.03
2026-04-19 08:22:00,2.13,22654.87,2.15,22924.53,2.11,22401.21
2026-04-19 08:23:00,2.09,22175.37,2.11,22453.85,2.13,22730.07
2026-04-19 08:24:00,2.09,22214.78,2.14,22755.16,2.09,22146.09
2026-04-19 08:25:00,2.09,22200.32,2.11,22442.51,2.12,22545.62
2026-04-19 08:26:00,2.1,22347.06,2.11,22395.87,2.11,22490.65
2026-04-19 08:27:00,2.1,22259.42,2.15,22986.15,2.12,22562.85
2026-04-19 08:28:00,2.1,22326.64,2.14,22773.02,2.1,22264.51
2026-04-19 08:29:00,2.12,22519.3,2.13,22708.72,2.08,22120.3
2026-04-19 08:30:00,2.11,22389.54,2.16,23014.93,2.11,22499.21
2026-04-19 08:31:00,2.14,22867.3,2.11,22392.85,2.11,22400.18
2026-04-19 08:32:00,2.11,22441.12,2.11,22406.24,2.08,22126.78
2026-04-19 08:33:00,2.14,22791.89,2.13,22672.51,2.12,22534.8
2026-04-19 08:34:00,2.1,22321.14,2.13,22712.73,2.12,22600.83
2026-04-19 08:35:00,2.11,22453.67,2.11,22405.39,2.1,22280.12
2026-04-19 08:36:00,2.12,22604.28,2.16,23068.88,2.1,22329.16
2026-04-19 08:37:00,2.13,22735.46,2.15,22910.85,2.14,22780.31
2026-04-19 08:38:00,2.1,22376.66,2.16,23003.05,2.12,22596.63
2026-04-19 08:39:00,2.11,22464.14,2.12,22517.02,2.09,22147.17
2026-04-19 08:40:00,2.13,22746.35,2.11,22426.96,2.13,22669.36
2026-04-19 08:41:00,2.13,22630.42,2.16,23057.2,2.1,22374.79
2026-04-19 08:42:00,2.11,22424.33,2.14,22847.0,2.1,22287.02
2026-04-19 08:43:00,2.11,22423.33,2.12,22627.72,2.11,22471.05
2026-04-19 08:44:00,2.13,22687.81,2.13,22689.58,2.13,22736.08
2026-04-19 08:45:00,2.14,22832.01,2.16,23065.12,2.11,22473.98
2026-04-19 08:46:00,2.11,22424.6,2.12,22548.1,2.12,22591.43
2026-04-19 08:47:00,2.11,22490.82,2.14,22823.84,2.12,22515.39
2026-04-19 08:48:00,2.14,22818.07,2.15,22962.17,2.1,22277.48
2026-04-19 08:49:00,2.11,22405.47,2.13,22655.14,2.13,22704.73
2026-04-19 08:50:00,2.14,22863.49,2.12,22563.36,2.1,22307.85
2026-04-19 08:51:00,2.11,22463.78,2.13,22694.82,2.11,22494.7
2026-04-19 08:52:00,2.13,22666.14,2.15,22939.87,2.13,22647.83
2026-04-19 08:53:00,2.11,22412.34,2.16,23063.12,2.12,22614.13
2026-04-19 08:54:00,2.12,22609.95,2.12,22571.61,2.09,22179.43
2026-04-19 08:55:00,2.12,22520.34,2.16,23090.53,2.11,22450.92
2026-04-19 08:56:00,2.15,22923.61,2.17,23143.72,2.09,22237.15
2026-04-19 08:57:00,2.13,22732.51,2.15,22954.27,2.09,22198.15
2026-04-19 08:58:00,2.13,22678.07,2.14,22848.32,2.12,22547.45
2026-04-19 08:59:00,2.1,22325.33,2.12,22561.04,2.12,22568.73
2026-04-19 09:00:00,2.11,22416.59,2.15,22910.5,2.1,22290.42
2026-04-19 09:01:00,2.12,22555.43,2.15,22913.32,2.13,22679.99
2026-04-19 09:02:00,2.12,22571.95,2.12,22570.08,2.13,22670.99
2026-04-19 09:03:00,2.14,22830.63,2.14,22866.43,2.14,22792.91
2026-04-19 09:04:00,2.13,22747.65,2.13,22641.87,2.1,22344.25
2026-04-19 09:05:00,2.15,22880.64,2.16,23072.4,2.1,22281.46
2026-04-19 09:06:00,2.14,22815.53,2.13,22701.69,2.1,22377.29
2026-04-19 09:07:00,2.14,22790.6,2.15,22957.26,2.1,22300.56
2026-04-19 09:08:00,2.13,22707.18,2.16,23025.79,2.09,22257.09
2026-04-19 09:09:00,2.15,22921.09,2.14,22853.21,2.14,22847.54
2026-04-19 09:10:00,2.13,22704.51,2.12,22621.61,2.12,22605.51
2026-04-19 09:11:00,2.14,22864.61,2.16,23063.46,2.11,22432.94
2026-04-19 09:12:00,2.11,22419.27,2.14,22764.47,2.14,22764.29
2026-04-19 09:13:00,2.15,22908.5,2.12,22598.51,2.12,22612.92
2026-04-19 09:14:00,2.13,22705.45,2.14,22813.67,2.09,22233.08
2026-04-19 09:15:00,2.13,22675.43,2.13,22740.28,2.13,22743.4
2026-04-19 09:16:00,2.12,22586.7,2.16,23072.64,2.11,22488.73
2026-04-19 09:17:00,2.13,22643.27,2.17,23136.6,2.11,22497.39
2026-04-19 09:18:00,2.13,22729.8,2.13,22736.96,2.14,22876.86
2026-04-19 09:19:00,2.14,22812.94,2.16,23101.08,2.13,22714.26
2026-04-19 09:20:00,2.15,22885.97,2.16,23058.0,2.1,22294.73
2026-04-19 09:21:00,2.16,23006.47,2.12,22607.58,2.1,22277.52
2026-04-19 09:22:00,2.13,22706.3,2.14,22817.4,2.14,22781.39
2026-04-19 09:23:00,2.14,22792.41,2.12,22590.39,2.15,22935.59
2026-04-19 09:24:00,2.11,22411.65,2.13,22647.42,2.1,22322.81
2026-04-19 09:25:00,2.14,22856.09,2.17,23196.81,2.11,22431.13
2026-04-19 09:26:00,2.14,22769.99,2.17,23155.38,2.12,22536.58
2026-04-19 09:27:00,2.14,22856.21,2.14,22835.35,2.12,22532.7
2026-04-19 09:28:00,2.13,22694.5,2.17,23158.76,2.12,22517.26
2026-04-19 09:29:00,2.17,23129.51,2.17,23129.74,2.15,22913.29
2026-04-19 09:30:00,2.16,23058.74,2.15,22884.58,2.14,22759.14
2026-04-19 09:31:00,2.13,22711.48,2.14,22827.18,2.13,22740.16
2026-04-19 09:32:00,2.12,22590.8,2.16,23124.02,2.14,22790.51
2026-04-19 09:33:00,2.15,22955.28,2.14,22842.68,2.12,22526.95
2026-04-19 09:34:00,2.13,22683.35,2.15,22924.1,2.11,22418.78
2026-04-19 09:35:00,2.16,23047.41,2.17,23165.4,2.13,22726.61
2026-04-19 09:36:00,2.15,22943.87,2.15,22956.23,2.1,22351.43
2026-04-19 09:37:00,2.11,22505.33,2.14,22855.97,2.13,22687.01
2026-04-19 09:38:00,2.16,23029.94,2.16,23118.24,2.14,22760.18
2026-04-19 09:39:00,2.12,22516.35,2.14,22844.74,2.12,22533.79
2026-04-19 09:40:00,2.14,22809.57,2.13,22635.98,2.14,22848.04
2026-04-19 09:41:00,2.15,22971.63,2.15,22982.91,2.15,22984.76
2026-04-19 09:42:00,2.15,22936.89,2.14,22874.79,2.14,22758.6
2026-04-19 09:43:00,2.15,22972.92,2.16,23017.4,2.12,22628.24
2026-04-19 09:44:00,2.16,23002.01,2.16,23055.71,2.11,22406.01
2026-04-19 09:45:00,2.13,22657.43,2.13,22722.41,2.12,22593.54
2026-04-19 09:46:00,2.17,23173.88,2.15,22932.6,2.14,22860.54
2026-04-19 09:47:00,2.14,22840.2,2.15,22943.47,2.16,23007.28
2026-04-19 09:48:00,2.13,22657.19,2.13,22696.53,2.13,22714.19
2026-04-19 09:49:00,2.14,22793.62,2.18,23270.09,2.12,22572.22
2026-04-19 09:50:00,2.17,23142.63,2.14,22820.72,2.11,22447.36
2026-04-19 09:51:00,2.14,22827.48,2.16,23084.92,2.11,22453.15
2026-04-19 09:52:00,2.13,22674.29,2.12,22598.71,2.11,22497.7
2026-04-19 09:53:00,2.17,23134.96,2.16,23048.23,2.12,22618.41
2026-04-19 09:54:00,2.14,22875.06,2.15,22939.51,2.15,22884.29
2026-04-19 09:55:00,2.15,22976.51,2.14,22810.17,2.11,22404.04
2026-04-19 09:56:00,2.14,22808.4,2.14,22768.48,2.11,22495.96
2026-04-19 09:57:00,2.17,23147.39,2.16,23076.41,2.13,22724.76
2026-04-19 09:58:00,2.12,22523.82,2.16,23117.18,2.15,22914.16
2026-04-19 09:59:00,2.15,22879.38,2.13,22732.01,2.13,22736.85
2026-04-19 10:00:00,2.17,23145.94,2.18,23315.92,2.14,22778.52
2026-04-19 10:01:00,2.13,22732.54,2.16,23078.76,2.13,22744.21
2026-04-19 10:02:00,2.15,22894.8,2.13,22733.58,2.14,22757.13
2026-04-19 10:03:00,2.13,22728.49,2.15,22928.98,2.11,22415.82
2026-04-19 10:04:00,2.14,22813.54,2.16,23120.53,2.12,22559.66
2026-04-19 10:05:00,2.15,22960.23,2.15,22997.64,2.14,22862.46
2026-04-19 10:06:00,2.14,22833.09,2.13,22683.3,2.11,22483.87
2026-04-19 10:07:00,2.13,22745.81,2.15,22950.85,2.11,22415.36
2026-04-19 10:08:00,2.12,22511.63,2.14,22809.74,2.12,22529.41
2026-04-19 10:09:00,2.17,23152.44,2.18,23300.29,2.12,22517.7
2026-04-19 10:10:00,2.13,22679.83,2.14,22791.65,2.14,22761.14
2026-04-19 10:11:00,2.14,22782.77,2.15,22895.25,2.11,22426.53
2026-04-19 10:12:00,2.15,22886.32,2.18,23361.6,2.12,22513.48
2026-04-19 10:13:00,2.13,22734.01,2.14,22794.51,2.15,22965.43
2026-04-19 10:14:00,2.17,23143.87,2.17,23211.98,2.14,22808.96
2026-04-19 10:15:00,2.13,22706.92,2.16,23105.96,2.14,22842.52
2026-04-19 10:16:00,2.14,22838.07,2.18,23338.31,2.16,23011.28
2026-04-19 10:17:00,2.14,22834.13,2.18,23275.77,2.12,22625.72
2026-04-19 10:18:00,2.13,22663.14,2.18,23276.83,2.12,22518.44
2026-04-19 10:19:00,2.17,23208.59,2.15,22984.22,2.14,22853.44
2026-04-19 10:20:00,2.16,23107.67,2.17,23207.14,2.11,22505.81
2026-04-19 10:21:00,2.14,22837.54,2.17,23150.43,2.13,22663.77
2026-04-19 10:22:00,2.13,22676.68,2.16,23042.09,2.14,22817.67
2026-04-19 10:23:00,2.13,22699.81,2.14,22827.77,2.11,22447.39
2026-04-19 10:24:00,2.14,22770.95,2.14,22810.22,2.16,23004.83
2026-04-19 10:25:00,2.15,22918.22,2.18,23293.83,2.14,22805.52
2026-04-19 10:26:00,2.15,22956.0,2.14,22802.24,2.14,22863.11
2026-04-19 10:27:00,2.17,23163.55,2.16,23009.85,2.14,22876.09
2026-04-19 10:28:00,2.14,22877.26,2.18,23308.03,2.14,22767.07
2026-04-19 10:29:00,2.18,23289.74,2.19,23397.23,2.13,22722.81
2026-04-19 10:30:00,2.13,22716.17,2.14,22825.59,2.15,22887.72
2026-04-19 10:31:00,2.15,22878.31,2.15,22974.03,2.16,23056.43
2026-04-19 10:32:00,2.15,22949.37,2.15,22976.65,2.14,22851.03
2026-04-19 10:33:00,2.13,22730.52,2.19,23397.66,2.13,22723.9
2026-04-19 10:34:00,2.15,22979.49,2.15,22962.9,2.15,22907.95
2026-04-19 10:35:00,2.17,23132.73,2.18,23295.88,2.14,22828.26
2026-04-19 10:36:00,2.18,23279.22,2.18,23311.03,2.13,22646.72
2026-04-19 10:37:00,2.17,23201.49,2.15,22986.09,2.13,22748.54
2026-04-19 10:38:00,2.16,23063.61,2.18,23324.23,2.12,22596.36
2026-04-19 10:39:00,2.14,22847.1,2.16,23060.97,2.17,23174.93
2026-04-19 10:40:00,2.17,23245.52,2.19,23457.57,2.17,23172.09
2026-04-19 10:41:00,2.14,22859.19,2.16,23011.97,2.14,22771.71
2026-04-19 10:42:00,2.18,23269.04,2.18,23350.01,2.17,23231.75
2026-04-19 10:43:00,2.18,23255.87,2.18,23259.75,2.17,23131.4
2026-04-19 10:44:00,2.13,22701.45,2.15,22990.44,2.15,22887.99
2026-04-19 10:45:00,2.14,22846.87,2.17,23221.67,2.16,23014.46
2026-04-19 10:46:00,2.17,23138.39,2.14,22870.86,2.16,23121.72
2026-04-19 10:47:00,2.14,22759.05,2.17,23208.37,2.16,23108.26
2026-04-19 10:48:00,2.15,22938.42,2.15,22899.8,2.14,22807.38
2026-04-19 10:49:00,2.17,23176.33,2.15,22889.15,2.14,22867.0
2026-04-19 10:50:00,2.16,23013.88,2.15,22892.4,2.17,23146.44
2026-04-19 10:51:00,2.17,23200.37,2.19,23434.97,2.13,22645.8
2026-04-19 10:52:00,2.16,23041.27,2.14,22873.96,2.13,22733.21
2026-04-19 10:53:00,2.13,22721.21,2.16,23030.26,2.16,23031.99
2026-04-19 10:54:00,2.16,23060.15,2.18,23312.55,2.15,23000.3
2026-04-19 10:55:00,2.16,23059.92,2.15,22959.61,2.14,22854.88
2026-04-19 10:56:00,2.17,23240.29,2.15,22909.92,2.12,22603.7
2026-04-19 10:57:00,2.15,22985.77,2.17,23248.08,2.17,23238.5
2026-04-19 10:58:00,2.15,22886.13,2.2,23514.91,2.16,23075.73
2026-04-19 10:59:00,2.16,23084.54,2.17,23181.25,2.14,22768.9
2026-04-19 11:00:00,2.14,22846.94,2.17,23195.93,2.17,23231.02
2026-04-19 11:01:00,2.17,23236.58,2.16,23108.39,2.16,23108.83
2026-04-19 11:02:00,2.18,23350.03,2.19,23473.43,2.14,22807.52
2026-04-19 11:03:00,2.15,22935.39,2.16,23125.46,2.13,22710.56
2026-04-19 11:04:00,2.17,23177.77,2.15,22980.58,2.17,23179.83
2026-04-19 11:05:00,2.17,23177.82,2.17,23238.12,2.17,23158.35
2026-04-19 11:06:00,2.17,23178.46,2.18,23326.26,2.13,22663.37
2026-04-19 11:07:00,2.15,22967.15,2.17,23137.26,2.17,23200.98
2026-04-19 11:08:00,2.17,23148.56,2.17,23167.14,2.17,23164.92
2026-04-19 11:09:00,2.16,23017.45,2.18,23274.37,2.13,22751.52
2026-04-19 11:10:00,2.17,23207.65,2.16,23064.91,2.17,23237.5
2026-04-19 11:11:00,2.17,23221.7,2.19,23445.3,2.13,22718.68
2026-04-19 11:12:00,2.15,22980.67,2.17,23164.78,2.17,23233.93
2026-04-19 11:13:00,2.17,23247.29,2.2,23509.64,2.14,22771.0
2026-04-19 11:14:00,2.16,23004.63,2.18,23326.98,2.17,23175.37
2026-04-19 11:15:00,2.19,23495.55,2.16,23002.04,2.13,22717.83
2026-04-19 11:16:00,2.15,22930.46,2.18,23255.76,2.18,23251.15
2026-04-19 11:17:00,2.14,22830.1,2.17,23213.27,2.14,22818.58
2026-04-19 11:18:00,2.16,23125.77,2.2,23560.46,2.18,23365.46
2026-04-19 11:19:00,2.15,22981.57,2.19,23425.48,2.13,22687.52
2026-04-19 11:20:00,2.16,23070.68,2.18,23346.9,2.18,23347.31
2026-04-19 11:21:00,2.15,22950.54,2.16,23088.25,2.15,22892.21
2026-04-19 11:22:00,2.15,22905.58,2.15,22973.55,2.17,23141.21
2026-04-19 11:23:00,2.19,23446.64,2.18,23349.25,2.15,22996.07
2026-04-19 11:24:00,2.18,23270.12,2.17,23170.09,2.15,22959.94
2026-04-19 11:25:00,2.15,22927.64,2.18,23312.86,2.18,23301.81
2026-04-19 11:26:00,2.16,23095.15,2.16,23080.52,2.14,22810.69
2026-04-19 11:27:00,2.16,23073.92,2.17,23227.92,2.18,23276.75
2026-04-19 11:28:00,2.17,23148.24,2.16,23097.06,2.18,23290.39
2026-04-19 11:29:00,2.16,23106.35,2.18,23335.56,2.13,22717.56
2026-04-19 11:30:00,2.19,23377.04,2.16,23029.2,2.16,23117.69
2026-04-19 11:31:00,2.16,23052.86,2.17,23130.12,2.15,22933.97
2026-04-19 11:32:00,2.16,23031.4,2.18,23360.9,2.18,23276.46
2026-04-19 11:33:00,2.16,23019.58,2.2,23598.38,2.15,22901.67
2026-04-19 11:34:00,2.19,23467.12,2.19,23463.13,2.17,23243.89
2026-04-19 11:35:00,2.16,23099.74,2.16,23013.42,2.15,22916.3
2026-04-19 11:36:00,2.18,23361.86,2.18,23314.35,2.18,23333.11
2026-04-19 11:37:00,2.2,23513.98,2.2,23603.87,2.18,23322.18
2026-04-19 11:38:00,2.17,23167.85,2.17,23203.88,2.18,23326.42
2026-04-19 11:39:00,2.19,23448.24,2.19,23474.62,2.15,22998.16
2026-04-19 11:40:00,2.17,23189.31,2.18,23317.47,2.16,23017.71
2026-04-19 11:41:00,2.19,23482.46,2.16,23055.53,2.16,23008.62
2026-04-19 11:42:00,2.2,23532.96,2.19,23445.2,2.19,23425.12
2026-04-19 11:43:00,2.17,23218.67,2.18,23331.13,2.16,23052.54
2026-04-19 11:44:00,2.18,23356.1,2.2,23538.66,2.15,22910.64
2026-04-19 11:45:00,2.18,23334.32,2.19,23454.54,2.18,23263.26
2026-04-19 11:46:00,2.18,23285.71,2.18,23367.13,2.17,23200.52
2026-04-19 11:47:00,2.14,22876.15,2.16,23101.65,2.15,22920.43
2026-04-19 11:48:00,2.17,23223.43,2.17,23232.8,2.14,22832.02
2026-04-19 11:49:00,2.19,23383.01,2.16,23105.45,2.14,22854.75
2026-04-19 11:50:00,2.19,23469.89,2.21,23695.27,2.17,23191.32
2026-04-19 11:51:00,2.15,22985.79,2.16,23089.2,2.19,23445.95
2026-04-19 11:52:00,2.17,23152.98,2.16,23062.77,2.19,23453.16
2026-04-19 11:53:00,2.18,23252.74,2.2,23548.49,2.15,22894.37
2026-04-19 11:54:00,2.15,22938.57,2.19,23399.65,2.17,23192.18
2026-04-19 11:55:00,2.2,23598.19,2.19,23402.6,2.15,22901.3
2026-04-19 11:56:00,2.16,23033.25,2.21,23691.14,2.16,23103.23
2026-04-19 11:57:00,2.16,23071.56,2.17,23217.48,2.18,23342.01
2026-04-19 11:58:00,2.17,23195.64,2.21,23624.76,2.15,22982.01
2026-04-19 11:59:00,2.18,23349.63,2.21,23723.99,2.16,23062.75
2026-04-19 12:00:00,2.18,23259.92,2.17,23133.14,2.14,22861.43
2026-04-19 12:01:00,2.15,22989.74,2.19,23433.19,2.15,22900.71
2026-04-19 12:02:00,2.2,23503.72,2.18,23266.71,2.16,23026.06
2026-04-19 12:03:00,2.16,23096.18,2.19,23476.88,2.17,23131.37
2026-04-19 12:04:00,2.18,23286.08,2.18,23334.86,2.16,23111.39
2026-04-19 12:05:00,2.19,23453.47,2.17,23217.35,2.19,23429.33
2026-04-19 12:06:00,2.19,23393.18,2.18,23255.58,2.2,23501.96
2026-04-19 12:07:00,2.18,23361.72,2.22,23761.3,2.15,22898.57
2026-04-19 12:08:00,2.16,23032.15,2.18,23322.77,2.18,23366.01
2026-04-19 12:09:00,2.16,23026.25,2.19,23427.9,2.18,23323.11
2026-04-19 12:10:00,2.19,23426.09,2.19,23441.31,2.17,23186.23
2026-04-19 12:11:00,2.16,23093.68,2.18,23335.78,2.19,23448.58
2026-04-19 12:12:00,2.21,23651.69,2.18,23338.1,2.15,22913.6
2026-04-19 12:13:00,2.2,23558.41,2.17,23248.29,2.2,23556.71
2026-04-19 12:14:00,2.18,23331.47,2.19,23418.23,2.2,23555.93
2026-04-19 12:15:00,2.21,23634.84,2.2,23618.84,2.19,23465.63
2026-04-19 12:16:00,2.21,23672.33,2.2,23615.2,2.16,23050.95
2026-04-19 12:17:00,2.21,23639.8,2.2,23601.11,2.18,23326.14
2026-04-19 12:18:00,2.2,23550.86,2.2,23562.56,2.14,22871.08
2026-04-19 12:19:00,2.2,23515.02,2.17,23199.39,2.17,23144.33
2026-04-19 12:20:00,2.17,23158.74,2.18,23272.75,2.16,23049.67
2026-04-19 12:21:00,2.17,23151.02,2.17,23153.39,2.15,22889.35
2026-04-19 12:22:00,2.17,23204.65,2.19,23449.53,2.17,23222.05
2026-04-19 12:23:00,2.19,23374.83,2.21,23684.6,2.17,23229.75
2026-04-19 12:24:00,2.21,23698.58,2.2,23542.29,2.18,23268.82
2026-04-19 12:25:00,2.18,23293.74,2.19,23468.73,2.19,23474.44
2026-04-19 12:26:00,2.21,23681.47,2.18,23339.66,2.19,23470.43
2026-04-19 12:27:00,2.18,23315.71,2.23,23872.8,2.18,23365.99
2026-04-19 12:28:00,2.17,23235.61,2.22,23836.39,2.19,23444.74
2026-04-19 12:29:00,2.17,23145.03,2.2,23536.14,2.17,23199.9
2026-04-19 12:30:00,2.19,23387.8,2.23,23890.78,2.16,23086.16
2026-04-19 12:31:00,2.18,23250.41,2.22,23839.86,2.19,23424.82
2026-04-19 12:32:00,2.21,23707.1,2.18,23341.18,2.19,23411.96
2026-04-19 12:33:00,2.18,23354.24,2.22,23846.42,2.16,23073.78
2026-04-19 12:34:00,2.21,23623.53,2.19,23461.51,2.17,23160.54
2026-04-19 12:35:00,2.2,23580.25,2.21,23743.93,2.18,23347.28
2026-04-19 12:36:00,2.21,23742.65,2.18,23349.02,2.18,23258.91
2026-04-19 12:37:00,2.18,23291.68,2.2,23508.66,2.16,23016.69
2026-04-19 12:38:00,2.19,23460.18,2.19,23445.63,2.19,23432.71
2026-04-19 12:39:00,2.18,23322.34,2.19,23463.95,2.16,23124.38
2026-04-19 12:40:00,2.21,23659.54,2.19,23381.02,2.18,23286.16
2026-04-19 12:41:00,2.21,23704.69,2.22,23826.74,2.19,23408.93
2026-04-19 12:42:00,2.18,23299.42,2.19,23406.53,2.16,23003.3
2026-04-19 12:43:00,2.18,23363.25,2.2,23503.35,2.15,22957.7
2026-04-19 12:44:00,2.17,23182.1,2.18,23252.07,2.17,23187.45
2026-04-19 12:45:00,2.21,23678.48,2.18,23367.07,2.2,23513.35
2026-04-19 12:46:00,2.17,23180.74,2.2,23587.59,2.19,23378.87
2026-04-19 12:47:00,2.21,23649.46,2.18,23300.56,2.2,23611.79
2026-04-19 12:48:00,2.22,23789.13,2.22,23747.47,2.17,23130.52
2026-04-19 12:49:00,2.19,23497.78,2.22,23833.8,2.18,23314.48
2026-04-19 12:50:00,2.2,23610.29,2.19,23460.09,2.18,23314.09
2026-04-19 12:51:00,2.17,23173.09,2.21,23740.31,2.16,23018.18
2026-04-19 12:52:00,2.2,23619.65,2.22,23759.43,2.17,23232.04
2026-04-19 12:53:00,2.22,23776.85,2.23,23942.72,2.19,23421.52
2026-04-19 12:54:00,2.19,23443.12,2.21,23666.3,2.17,23248.93
2026-04-19 12:55:00,2.22,23758.5,2.2,23603.71,2.2,23586.25
2026-04-19 12:56:00,2.19,23431.84,2.22,23809.78,2.2,23536.37
2026-04-19 12:57:00,2.17,23180.19,2.22,23750.37,2.21,23633.23
2026-04-19 12:58:00,2.2,23525.53,2.2,23581.81,2.16,23059.26
2026-04-19 12:59:00,2.22,23848.87,2.18,23259.88,2.18,23369.52
2026-04-19 13:00:00,2.21,23717.44,2.19,23480.72,2.19,23418.82
2026-04-19 13:01:00,2.22,23770.17,2.23,23958.57,2.19,23415.28
2026-04-19 13:02:00,2.21,23678.78,2.22,23836.74,2.21,23650.49
2026-04-19 13:03:00,2.2,23579.66,2.19,23394.32,2.19,23423.42
2026-04-19 13:04:00,2.21,23711.57,2.21,23737.15,2.2,23542.74
2026-04-19 13:05:00,2.18,23269.39,2.19,23469.74,2.17,23169.31
2026-04-19 13:06:00,2.22,23826.02,2.18,23353.07,2.18,23367.89
2026-04-19 13:07:00,2.23,23898.87,2.21,23725.84,2.18,23253.82
2026-04-19 13:08:00,2.21,23653.91,2.2,23504.19,2.17,23182.81
2026-04-19 13:09:00,2.19,23445.15,2.23,23935.32,2.16,23118.87
2026-04-19 13:10:00,2.22,23860.61,2.19,23478.05,2.18,23341.21
2026-04-19 13:11:00,2.19,23384.42,2.22,23803.7,2.18,23306.19
2026-04-19 13:12:00,2.19,23474.86,2.22,23768.66,2.18,23279.82
2026-04-19 13:13:00,2.21,23651.49,2.19,23497.83,2.17,23246.84
2026-04-19 13:14:00,2.17,23246.48,2.19,23470.76,2.19,23429.76
2026-04-19 13:15:00,2.17,23204.81,2.2,23531.96,2.21,23679.25
2026-04-19 13:16:00,2.21,23716.68,2.22,23814.39,2.18,23264.13
2026-04-19 13:17:00,2.19,23480.19,2.2,23566.39,2.21,23652.59
2026-04-19 13:18:00,2.22,23756.44,2.2,23503.59,2.2,23604.84
2026-04-19 13:19:00,2.22,23798.75,2.2,23533.66,2.19,23384.58
2026-04-19 13:20:00,2.2,23576.71,2.19,23447.71,2.2,23513.72
2026-04-19 13:21:00,2.22,23865.37,2.24,24064.22,2.2,23600.78
2026-04-19 13:22:00,2.18,23281.99,2.22,23858.04,2.2,23524.9
2026-04-19 13:23:00,2.2,23611.91,2.23,23883.85,2.17,23200.82
2026-04-19 13:24:00,2.18,23293.86,2.2,23603.2,2.19,23414.73
2026-04-19 13:25:00,2.23,23936.19,2.2,23549.77,2.21,23688.89
2026-04-19 13:26:00,2.18,23269.13,2.2,23518.34,2.19,23421.42
2026-04-19 13:27:00,2.18,23332.33,2.19,23420.95,2.19,23494.17
2026-04-19 13:28:00,2.22,23820.86,2.21,23682.55,2.21,23649.46
2026-04-19 13:29:00,2.2,23594.21,2.19,23456.33,2.19,23391.78
2026-04-19 13:30:00,2.19,23433.57,2.24,24085.01,2.2,23507.15
2026-04-19 13:31:00,2.2,23531.86,2.2,23621.21,2.17,23225.21
2026-04-19 13:32:00,2.19,23490.41,2.2,23540.78,2.22,23854.66
2026-04-19 13:33:00,2.2,23605.46,2.19,23492.48,2.21,23656.29
2026-04-19 13:34:00,2.21,23638.19,2.21,23666.59,2.2,23510.2
2026-04-19 13:35:00,2.19,23425.9,2.21,23731.86,2.19,23406.96
2026-04-19 13:36:00,2.21,23662.11,2.2,23516.73,2.21,23631.64
2026-04-19 13:37:00,2.17,23249.62,2.24,24108.73,2.22,23755.24
2026-04-19 13:38:00,2.22,23771.56,2.24,24011.0,2.17,23194.23
2026-04-19 13:39:00,2.21,23703.36,2.22,23760.64,2.21,23626.51
2026-04-19 13:40:00,2.22,23759.55,2.24,24054.03,2.21,23699.98
2026-04-19 13:41:00,2.18,23314.43,2.19,23460.3,2.19,23475.6
2026-04-19 13:42:00,2.22,23805.46,2.21,23671.71,2.22,23830.74
2026-04-19 13:43:00,2.24,24036.36,2.23,23877.46,2.21,23684.67
2026-04-19 13:44:00,2.22,23821.8,2.23,23899.93,2.18,23253.79
2026-04-19 13:45:00,2.21,23647.54,2.21,23741.68,2.21,23704.03
2026-04-19 13:46:00,2.2,23526.08,2.19,23464.23,2.18,23314.57
2026-04-19 13:47:00,2.23,23875.4,2.22,23792.84,2.22,23860.41
2026-04-19 13:48:00,2.21,23689.67,2.22,23782.63,2.22,23822.42
2026-04-19 13:49:00,2.23,23917.88,2.22,23760.84,2.19,23477.76
2026-04-19 13:50:00,2.18,23373.4,2.23,23877.09,2.18,23360.36
2026-04-19 13:51:00,2.18,23337.74,2.19,23431.76,2.21,23668.25
2026-04-19 13:52:00,2.21,23727.49,2.21,23729.98,2.23,23910.62
2026-04-19 13:53:00,2.2,23498.16,2.23,23991.42,2.22,23804.14
2026-04-19 13:54:00,2.2,23584.06,2.2,23584.07,2.18,23311.4
2026-04-19 13:55:00,2.21,23733.58,2.21,23647.18,2.21,23690.01
2026-04-19 13:56:00,2.22,23768.63,2.25,24133.51,2.2,23621.39
2026-04-19 13:57:00,2.19,23390.01,2.21,23730.87,2.2,23599.47
2026-04-19 13:58:00,2.19,23384.77,2.23,23975.08,2.19,23451.2
2026-04-19 13:59:00,2.23,23984.42,2.21,23692.52,2.21,23653.8
2026-04-19 14:00:00,2.19,23493.46,2.21,23735.34,2.2,23557.36
2026-04-19 14:01:00,2.21,23653.76,2.2,23515.22,2.22,23779.49
2026-04-19 14:02:00,2.21,23699.96,2.21,23742.73,2.23,23907.51
2026-04-19 14:03:00,2.22,23809.85,2.25,24143.13,2.21,23654.94
2026-04-19 14:04:00,2.2,23567.7,2.21,23633.11,2.19,23467.33
2026-04-19 14:05:00,2.2,23613.92,2.25,24149.16,2.18,23353.08
2026-04-19 14:06:00,2.19,23463.26,2.2,23585.85,2.21,23672.95
2026-04-19 14:07:00,2.22,23751.54,2.22,23763.33,2.18,23360.48
2026-04-19 14:08:00,2.2,23532.24,2.25,24165.22,2.23,23927.78
2026-04-19 14:09:00,2.24,24091.45,2.23,23952.71,2.21,23660.58
2026-04-19 14:10:00,2.19,23475.69,2.21,23718.99,2.2,23604.6
2026-04-19 14:11:00,2.21,23646.99,2.2,23593.29,2.22,23827.71
2026-04-19 14:12:00,2.21,23631.2,2.24,23994.68,2.22,23763.76
2026-04-19 14:13:00,2.21,23697.33,2.21,23690.38,2.22,23867.2
2026-04-19 14:14:00,2.2,23548.95,2.22,23867.61,2.23,23892.75
2026-04-19 14:15:00,2.2,23499.3,2.22,23865.91,2.22,23764.71
2026-04-19 14:16:00,2.24,24037.25,2.24,24055.07,2.21,23679.7
2026-04-19 14:17:00,2.2,23600.57,2.24,24024.09,2.22,23757.03
2026-04-19 14:18:00,2.2,23618.54,2.23,23938.69,2.22,23856.42
2026-04-19 14:19:00,2.2,23598.42,2.21,23661.57,2.23,23881.29
2026-04-19 14:20:00,2.25,24124.55,2.2,23552.28,2.19,23401.02
2026-04-19 14:21:00,2.23,23990.06,2.26,24260.15,2.2,23508.41
2026-04-19 14:22:00,2.22,23868.41,2.21,23687.39,2.21,23693.38
2026-04-19 14:23:00,2.23,23928.3,2.21,23681.75,2.19,23471.0
2026-04-19 14:24:00,2.22,23865.56,2.26,24301.05,2.18,23370.71
2026-04-19 14:25:00,2.22,23789.94,2.22,23831.21,2.2,23509.27
2026-04-19 14:26:00,2.23,23950.04,2.22,23791.33,2.2,23509.38
2026-04-19 14:27:00,2.22,23797.84,2.21,23698.02,2.2,23609.15
2026-04-19 14:28:00,2.24,24094.58,2.24,24104.91,2.22,23790.25
2026-04-19 14:29:00,2.22,23809.44,2.25,24163.57,2.21,23736.69
2026-04-19 14:30:00,2.25,24118.72,2.23,23986.18,2.23,23974.13
2026-04-19 14:31:00,2.19,23464.86,2.22,23813.29,2.22,23754.76
2026-04-19 14:32:00,2.24,24029.73,2.24,24013.66,2.19,23386.11
2026-04-19 14:33:00,2.23,23959.73,2.25,24210.06,2.22,23832.14
2026-04-19 14:34:00,2.21,23682.91,2.24,24030.53,2.21,23633.02
2026-04-19 14:35:00,2.23,23964.26,2.21,23691.09,2.21,23627.09
2026-04-19 14:36:00,2.23,23921.36,2.22,23810.15,2.19,23429.07
2026-04-19 14:37:00,2.22,23766.01,2.26,24284.72,2.21,23652.4
2026-04-19 14:38:00,2.22,23786.95,2.22,23849.12,2.23,23940.77
2026-04-19 14:39:00,2.22,23781.09,2.25,24214.08,2.21,23646.37
2026-04-19 14:40:00,2.22,23761.31,2.21,23741.39,2.2,23608.99
2026-04-19 14:41:00,2.21,23637.25,2.24,24088.16,2.2,23501.64
2026-04-19 14:42:00,2.25,24203.59,2.23,23891.83,2.22,23752.37
2026-04-19 14:43:00,2.22,23771.93,2.24,24026.29,2.2,23530.41
2026-04-19 14:44:00,2.25,24202.79,2.25,24173.01,2.22,23822.4
2026-04-19 14:45:00,2.21,23677.64,2.22,23799.69,2.24,24024.27
2026-04-19 14:46:00,2.25,24129.13,2.24,24030.92,2.2,23609.58
2026-04-19 14:47:00,2.25,24147.76,2.24,24017.75,2.2,23579.35
2026-04-19 14:48:00,2.24,24066.24,2.25,24183.44,2.23,23944.32
2026-04-19 14:49:00,2.23,23968.65,2.23,23933.03,2.23,23890.12
2026-04-19 14:50:00,2.26,24245.16,2.25,24121.38,2.23,23893.97
2026-04-19 14:51:00,2.24,24055.18,2.23,23908.11,2.2,23616.47
2026-04-19 14:52:00,2.25,24131.42,2.24,24040.64,2.22,23747.42
2026-04-19 14:53:00,2.22,23778.16,2.24,24050.0,2.24,24020.78
2026-04-19 14:54:00,2.23,23886.3,2.22,23869.92,2.2,23519.66
2026-04-19 14:55:00,2.23,23956.59,2.23,23934.4,2.24,24073.85
2026-04-19 14:56:00,2.21,23672.71,2.24,24067.5,2.21,23634.68
2026-04-19 14:57:00,2.2,23599.52,2.26,24282.28,2.2,23508.33
2026-04-19 14:58:00,2.24,24016.83,2.26,24348.02,2.21,23726.71
2026-04-19 14:59:00,2.23,23965.48,2.26,24274.85,2.24,24020.93
2026-04-19 15:00:00,2.21,23631.83,2.25,24191.63,2.25,24175.86
2026-04-19 15:01:00,2.22,23822.36,2.22,23849.13,2.25,24126.16
2026-04-19 15:02:00,2.24,24055.31,2.23,23930.38,2.22,23772.15
2026-04-19 15:03:00,2.2,23545.47,2.24,24012.71,2.23,23911.37
2026-04-19 15:04:00,2.22,23812.55,2.23,23968.51,2.24,24093.26
2026-04-19 15:05:00,2.22,23849.55,2.25,24163.0,2.21,23696.9
2026-04-19 15:06:00,2.25,24184.81,2.24,24046.04,2.24,24078.32
2026-04-19 15:07:00,2.23,23952.92,2.25,24156.86,2.22,23753.73
2026-04-19 15:08:00,2.24,24014.08,2.26,24309.47,2.23,23898.26
2026-04-19 15:09:00,2.23,23981.8,2.27,24449.1,2.23,23989.06
2026-04-19 15:10:00,2.21,23735.41,2.21,23719.1,2.23,23943.18
2026-04-19 15:11:00,2.24,24083.6,2.25,24152.35,2.2,23551.31
2026-04-19 15:12:00,2.21,23733.09,2.23,23901.76,2.22,23785.31
2026-04-19 15:13:00,2.22,23765.02,2.22,23866.49,2.23,23885.59
2026-04-19 15:14:00,2.24,24042.33,2.23,23926.84,2.25,24145.48
2026-04-19 15:15:00,2.21,23663.19,2.23,23932.04,2.21,23689.48
2026-04-19 15:16:00,2.22,23769.92,2.25,24235.93,2.23,23885.18
2026-04-19 15:17:00,2.25,24226.88,2.27,24447.01,2.23,23953.5
2026-04-19 15:18:00,2.25,24220.73,2.22,23868.35,2.22,23774.54
2026-04-19 15:19:00,2.23,23913.67,2.22,23815.13,2.2,23515.2
2026-04-19 15:20:00,2.24,24065.06,2.23,23876.54,2.2,23511.16
2026-04-19 15:21:00,2.22,23849.49,2.23,23909.45,2.22,23762.91
2026-04-19 15:22:00,2.25,24120.4,2.26,24296.38,2.22,23851.45
2026-04-19 15:23:00,2.27,24399.56,2.23,23897.73,2.22,23771.79
2026-04-19 15:24:00,2.23,23916.64,2.23,23919.26,2.23,23916.49
2026-04-19 15:25:00,2.22,23769.99,2.24,24062.6,2.25,24162.86
2026-04-19 15:26:00,2.24,24108.76,2.25,24211.18,2.25,24198.13
2026-04-19 15:27:00,2.21,23733.16,2.25,24199.09,2.22,23787.05
2026-04-19 15:28:00,2.24,24112.84,2.24,24086.16,2.21,23701.02
2026-04-19 15:29:00,2.26,24273.17,2.26,24251.01,2.22,23869.58
2026-04-19 15:30:00,2.23,23974.7,2.24,24070.15,2.21,23731.29
2026-04-19 15:31:00,2.21,23697.91,2.22,23850.7,2.25,24125.96
2026-04-19 15:32:00,2.24,24039.92,2.24,24010.24,2.24,24095.37
2026-04-19 15:33:00,2.23,23926.8,2.24,24018.45,2.22,23802.18
2026-04-19 15:34:00,2.23,23956.88,2.24,24047.13,2.24,24055.42
2026-04-19 15:35:00,2.24,24001.45,2.24,24005.2,2.22,23821.66
2026-04-19 15:36:00,2.22,23856.54,2.28,24510.31,2.24,24116.24
2026-04-19 15:37:00,2.23,23991.4,2.24,24102.22,2.24,24048.85
2026-04-19 15:38:00,2.24,24022.05,2.23,23895.14,2.26,24291.96
2026-04-19 15:39:00,2.25,24200.09,2.26,24353.66,2.25,24123.64
2026-04-19 15:40:00,2.27,24402.99,2.25,24130.43,2.2,23559.15
2026-04-19 15:41:00,2.26,24325.02,2.23,23968.69,2.21,23684.94
2026-04-19 15:42:00,2.22,23826.65,2.28,24524.44,2.21,23699.89
2026-04-19 15:43:00,2.25,24124.17,2.24,24013.08,2.25,24217.63
2026-04-19 15:44:00,2.27,24473.34,2.25,24142.83,2.21,23726.28
2026-04-19 15:45:00,2.25,24228.83,2.24,24038.02,2.23,23934.78
2026-04-19 15:46:00,2.21,23739.92,2.27,24475.58,2.24,23998.24
2026-04-19 15:47:00,2.25,24163.88,2.27,24485.76,2.25,24119.06
2026-04-19 15:48:00,2.26,24249.15,2.24,24019.86,2.22,23794.89
2026-04-19 15:49:00,2.26,24242.05,2.25,24164.79,2.23,23940.12
2026-04-19 15:50:00,2.23,23917.42,2.28,24498.06,2.21,23716.33
2026-04-19 15:51:00,2.27,24368.79,2.23,23952.61,2.22,23777.84
2026-04-19 15:52:00,2.22,23804.38,2.25,24142.17,2.26,24351.48
2026-04-19 15:53:00,2.24,24109.53,2.24,24009.62,2.26,24308.94
2026-04-19 15:54:00,2.23,23976.63,2.29,24634.69,2.21,23663.07
2026-04-19 15:55:00,2.25,24202.26,2.26,24310.78,2.24,24117.75
2026-04-19 15:56:00,2.26,24264.01,2.29,24646.71,2.24,24069.3
2026-04-19 15:57:00,2.23,23929.96,2.24,24003.71,2.25,24156.06
2026-04-19 15:58:00,2.25,24207.19,2.29,24669.29,2.23,23975.86
2026-04-19 15:59:00,2.23,23949.04,2.24,24005.36,2.21,23629.52
2026-04-19 16:00:00,2.22,23830.34,2.26,24330.09,2.24,24026.71
2026-04-19 16:01:00,2.23,23984.17,2.26,24245.55,2.22,23850.09
2026-04-19 16:02:00,2.22,23813.04,2.28,24540.04,2.23,23957.41
2026-04-19 16:03:00,2.25,24143.61,2.26,24359.01,2.26,24250.76
2026-04-19 16:04:00,2.22,23833.74,2.28,24564.81,2.25,24151.14
2026-04-19 16:05:00,2.27,24449.45,2.25,24179.85,2.26,24258.32
2026-04-19 16:06:00,2.25,24236.92,2.26,24243.88,2.25,24181.75
2026-04-19 16:07:00,2.24,24045.68,2.23,23956.05,2.22,23790.47
2026-04-19 16:08:00,2.26,24252.68,2.25,24189.22,2.24,24105.68
2026-04-19 16:09:00,2.28,24556.48,2.27,24371.01,2.25,24181.73
2026-04-19 16:10:00,2.27,24425.19,2.24,24116.49,2.22,23776.48
2026-04-19 16:11:00,2.26,24344.1,2.24,24025.76,2.27,24372.42
2026-04-19 16:12:00,2.25,24129.7,2.27,24466.02,2.26,24290.51
2026-04-19 16:13:00,2.22,23858.9,2.25,24188.52,2.26,24360.53
2026-04-19 16:14:00,2.27,24370.42,2.24,24024.43,2.27,24432.52
2026-04-19 16:15:00,2.24,24031.13,2.24,24009.62,2.25,24216.18
2026-04-19 16:16:00,2.26,24324.61,2.25,24150.15,2.25,24143.41
2026-04-19 16:17:00,2.23,23991.13,2.24,24009.25,2.26,24283.35
2026-04-19 16:18:00,2.23,23961.76,2.28,24515.42,2.25,24228.26
2026-04-19 16:19:00,2.24,24104.89,2.27,24475.66,2.23,23913.74
2026-04-19 16:20:00,2.25,24199.43,2.25,24218.71,2.22,23850.06
2026-04-19 16:21:00,2.28,24549.54,2.29,24634.15,2.24,24040.82
2026-04-19 16:22:00,2.27,24372.73,2.29,24630.72,2.24,24088.24
2026-04-19 16:23:00,2.22,23835.34,2.27,24443.08,2.23,23881.98
2026-04-19 16:24:00,2.27,24413.24,2.29,24735.63,2.26,24314.3
2026-04-19 16:25:00,2.26,24307.62,2.25,24145.27,2.27,24368.27
2026-04-19 16:26:00,2.23,23876.84,2.25,24237.19,2.22,23860.49
2026-04-19 16:27:00,2.24,24064.79,2.27,24381.68,2.23,23922.05
2026-04-19 16:28:00,2.24,24012.16,2.29,24656.06,2.25,24144.35
2026-04-19 16:29:00,2.25,24146.73,2.28,24500.91,2.24,24095.5
2026-04-19 16:30:00,2.26,24248.32,2.25,24137.81,2.23,23886.67
2026-04-19 16:31:00,2.24,24099.04,2.24,24025.65,2.27,24384.18
2026-04-19 16:32:00,2.25,24213.13,2.26,24339.93,2.24,23997.26
2026-04-19 16:33:00,2.24,24076.33,2.24,24055.82,2.22,23836.28
2026-04-19 16:34:00,2.24,24044.49,2.27,24472.09,2.23,23964.34
2026-04-19 16:35:00,2.26,24351.19,2.26,24359.46,2.22,23836.45
2026-04-19 16:36:00,2.27,24404.77,2.28,24540.8,2.24,24021.46
2026-04-19 16:37:00,2.24,24076.16,2.26,24322.05,2.27,24436.0
2026-04-19 16:38:00,2.25,24187.91,2.26,24347.85,2.27,24423.09
2026-04-19 16:39:00,2.24,24021.49,2.26,24272.12,2.26,24310.45
2026-04-19 16:40:00,2.24,24005.36,2.25,24208.65,2.26,24304.19
2026-04-19 16:41:00,2.28,24534.84,2.29,24638.37,2.26,24332.64
2026-04-19 16:42:00,2.26,24271.94,2.27,24415.63,2.28,24506.5
2026-04-19 16:43:00,2.24,24077.38,2.28,24491.57,2.24,24045.53
2026-04-19 16:44:00,2.25,24210.15,2.26,24246.43,2.27,24401.98
2026-04-19 16:45:00,2.25,24128.95,2.26,24360.84,2.25,24136.61
2026-04-19 16:46:00,2.29,24671.77,2.24,24090.94,2.23,23940.62
2026-04-19 16:47:00,2.29,24660.28,2.27,24488.18,2.27,24473.66
2026-04-19 16:48:00,2.24,24085.87,2.28,24528.72,2.28,24548.79
2026-04-19 16:49:00,2.25,24118.27,2.28,24605.7,2.28,24513.88
2026-04-19 16:50:00,2.25,24128.74,2.26,24302.27,2.25,24156.81
2026-04-19 16:51:00,2.28,24531.55,2.27,24442.08,2.25,24137.99
2026-04-19 16:52:00,2.29,24628.86,2.28,24509.65,2.23,23877.7
2026-04-19 16:53:00,2.27,24442.12,2.25,24223.8,2.26,24286.65
2026-04-19 16:54:00,2.28,24540.36,2.3,24747.73,2.22,23867.42
2026-04-19 16:55:00,2.26,24314.8,2.25,24217.23,2.23,23942.9
2026-04-19 16:56:00,2.25,24143.87,2.27,24484.26,2.27,24378.91
2026-04-19 16:57:00,2.29,24723.22,2.29,24701.7,2.26,24267.25
2026-04-19 16:58:00,2.26,24242.2,2.27,24457.18,2.25,24209.61
2026-04-19 16:59:00,2.24,24103.65,2.28,24573.39,2.23,23950.01
2026-04-19 17:00:00,2.28,24548.81,2.27,24376.18,2.28,24565.4
2026-04-19 17:01:00,2.27,24417.89,2.29,24726.42,2.25,24215.57
2026-04-19 17:02:00,2.29,24665.24,2.29,24686.93,2.26,24263.2
2026-04-19 17:03:00,2.29,24635.22,2.26,24337.39,2.28,24603.03
2026-04-19 17:04:00,2.29,24650.06,2.29,24651.72,2.23,23920.38
2026-04-19 17:05:00,2.24,24061.6,2.25,24232.81,2.26,24307.01
2026-04-19 17:06:00,2.26,24285.44,2.27,24441.1,2.23,23984.26
2026-04-19 17:07:00,2.27,24415.24,2.3,24861.59,2.23,23959.9
2026-04-19 17:08:00,2.25,24156.82,2.28,24547.32,2.26,24333.02
2026-04-19 17:09:00,2.26,24246.95,2.25,24233.62,2.27,24473.9
2026-04-19 17:10:00,2.27,24414.89,2.3,24825.98,2.28,24504.35
2026-04-19 17:11:00,2.25,24150.76,2.28,24570.73,2.29,24630.63
2026-04-19 17:12:00,2.25,24164.74,2.28,24567.13,2.24,24037.7
2026-04-19 17:13:00,2.29,24656.18,2.3,24784.06,2.25,24159.84
2026-04-19 17:14:00,2.28,24611.74,2.28,24497.11,2.28,24542.94
2026-04-19 17:15:00,2.24,24064.34,2.27,24437.92,2.28,24555.26
2026-04-19 17:16:00,2.29,24652.4,2.26,24287.3,2.25,24204.89
2026-04-19 17:17:00,2.29,24670.48,2.25,24196.75,2.23,23913.99
2026-04-19 17:18:00,2.29,24702.52,2.26,24270.01,2.24,24018.82
2026-04-19 17:19:00,2.25,24192.76,2.29,24736.3,2.26,24346.18
2026-04-19 17:20:00,2.25,24217.63,2.32,24993.95,2.27,24471.06
2026-04-19 17:21:00,2.29,24724.2,2.27,24395.49,2.28,24578.53
2026-04-19 17:22:00,2.29,24683.6,2.29,24676.31,2.29,24618.94
2026-04-19 17:23:00,2.28,24501.66,2.29,24726.05,2.24,24064.23
2026-04-19 17:24:00,2.25,24127.4,2.27,24399.57,2.25,24223.96
2026-04-19 17:25:00,2.29,24691.05,2.28,24598.83,2.29,24636.6
2026-04-19 17:26:00,2.28,24556.32,2.26,24329.54,2.24,24059.37
2026-04-19 17:27:00,2.29,24729.18,2.3,24739.42,2.23,23993.64
2026-04-19 17:28:00,2.3,24738.11,2.3,24851.21,2.25,24189.45
2026-04-19 17:29:00,2.25,24231.31,2.3,24800.35,2.26,24261.37
2026-04-19 17:30:00,2.26,24268.56,2.26,24329.07,2.26,24308.29
2026-04-19 17:31:00,2.26,24298.3,2.3,24833.51,2.26,24364.73
2026-04-19 17:32:00,2.26,24270.67,2.26,24335.64,2.28,24591.83
2026-04-19 17:33:00,2.29,24733.7,2.31,24952.12,2.29,24653.09
2026-04-19 17:34:00,2.3,24762.97,2.31,24884.18,2.27,24418.89
2026-04-19 17:35:00,2.29,24677.37,2.27,24428.0,2.25,24161.09
2026-04-19 17:36:00,2.26,24285.84,2.31,24893.83,2.27,24373.59
2026-04-19 17:37:00,2.25,24161.24,2.31,24984.46,2.29,24643.84
2026-04-19 17:38:00,2.26,24345.57,2.26,24333.04,2.25,24241.88
2026-04-19 17:39:00,2.27,24451.59,2.29,24704.12,2.29,24671.58
2026-04-19 17:40:00,2.26,24331.22,2.31,24879.79,2.29,24719.75
2026-04-19 17:41:00,2.29,24733.5,2.31,24962.57,2.27,24422.4
2026-04-19 17:42:00,2.29,24673.68,2.27,24367.75,2.28,24601.11
2026-04-19 17:43:00,2.28,24540.97,2.32,25028.6,2.25,24161.76
2026-04-19 17:44:00,2.3,24810.6,2.3,24835.18,2.28,24609.34
2026-04-19 17:45:00,2.29,24648.37,2.31,24892.9,2.25,24180.61
2026-04-19 17:46:00,2.26,24359.22,2.29,24657.79,2.26,24282.22
2026-04-19 17:47:00,2.28,24543.18,2.3,24767.59,2.24,24002.55
2026-04-19 17:48:00,2.25,24223.09,2.29,24720.83,2.25,24185.67
2026-04-19 17:49:00,2.25,24145.32,2.29,24728.78,2.25,24122.38
2026-04-19 17:50:00,2.26,24319.88,2.28,24592.48,2.27,24387.36
2026-04-19 17:51:00,2.3,24844.47,2.3,24860.34,2.25,24240.43
2026-04-19 17:52:00,2.3,24764.78,2.32,25027.41,2.3,24813.17
2026-04-19 17:53:00,2.28,24525.43,2.28,24557.63,2.29,24627.77
2026-04-19 17:54:00,2.26,24248.44,2.28,24584.83,2.28,24611.2
2026-04-19 17:55:00,2.26,24356.56,2.29,24694.12,2.26,24319.24
2026-04-19 17:56:00,2.26,24343.95,2.31,24906.06,2.26,24260.8
2026-04-19 17:57:00,2.26,24325.55,2.3,24762.99,2.3,24817.77
2026-04-19 17:58:00,2.29,24668.49,2.32,25047.22,2.29,24627.99
2026-04-19 17:59:00,2.26,24262.07,2.26,24349.05,2.29,24661.6
2026-04-19 18:00:00,2.3,24852.3,2.28,24524.45,2.25,24162.47
2026-04-19 18:01:00,2.27,24479.49,2.28,24498.53,2.3,24800.92
2026-04-19 18:02:00,2.31,24905.75,2.31,24936.56,2.25,24157.04
2026-04-19 18:03:00,2.27,24479.12,2.32,25005.14,2.29,24687.33
2026-04-19 18:04:00,2.31,24914.45,2.32,25015.45,2.28,24579.81
2026-04-19 18:05:00,2.28,24503.72,2.29,24644.26,2.3,24842.76
2026-04-19 18:06:00,2.3,24794.59,2.32,25019.18,2.28,24504.95
2026-04-19 18:07:00,2.3,24751.14,2.31,24914.59,2.27,24371.21
2026-04-19 18:08:00,2.29,24727.62,2.32,25014.14,2.26,24268.91
2026-04-19 18:09:00,2.27,24469.31,2.29,24679.87,2.29,24680.43
2026-04-19 18:10:00,2.31,24940.95,2.29,24676.15,2.29,24707.46
2026-04-19 18:11:00,2.27,24386.87,2.29,24728.95,2.27,24466.1
2026-04-19 18:12:00,2.3,24757.13,2.33,25128.46,2.29,24699.2
2026-04-19 18:13:00,2.31,24919.06,2.3,24860.87,2.27,24482.27
2026-04-19 18:14:00,2.27,24385.49,2.31,24863.66,2.29,24629.13
2026-04-19 18:15:00,2.29,24692.8,2.28,24571.33,2.26,24298.43
2026-04-19 18:16:00,2.29,24652.5,2.29,24724.79,2.3,24795.92
2026-04-19 18:17:00,2.3,24763.8,2.27,24461.4,2.25,24159.54
2026-04-19 18:18:00,2.27,24462.2,2.32,25029.15,2.28,24524.47
2026-04-19 18:19:00,2.31,24883.28,2.31,24882.66,2.26,24298.41
2026-04-19 18:20:00,2.3,24823.29,2.28,24591.99,2.28,24556.64
2026-04-19 18:21:00,2.29,24724.12,2.28,24533.87,2.29,24715.89
2026-04-19 18:22:00,2.28,24502.91,2.28,24530.95,2.29,24638.72
2026-04-19 18:23:00,2.26,24362.63,2.29,24715.37,2.31,24915.64
2026-04-19 18:24:00,2.29,24645.1,2.29,24681.68,2.29,24714.15
2026-04-19 18:25:00,2.3,24856.9,2.32,25044.41,2.29,24616.86
2026-04-19 18:26:00,2.28,24499.65,2.31,24941.75,2.28,24535.62
2026-04-19 18:27:00,2.29,24728.52,2.28,24531.32,2.26,24294.77
2026-04-19 18:28:00,2.31,24863.73,2.27,24480.85,2.31,24884.7
2026-04-19 18:29:00,2.28,24537.27,2.28,24553.58,2.3,24751.02
2026-04-19 18:30:00,2.31,24888.18,2.32,25033.83,2.28,24601.51
2026-04-19 18:31:00,2.31,24983.32,2.33,25197.08,2.3,24790.46
2026-04-19 18:32:00,2.31,24933.71,2.31,24895.64,2.26,24285.19
2026-04-19 18:33:00,2.31,24897.64,2.32,25071.42,2.27,24411.84
2026-04-19 18:34:00,2.31,24955.59,2.32,25081.19,2.31,24955.03
2026-04-19 18:35:00,2.3,24756.81,2.28,24569.49,2.25,24209.1
2026-04-19 18:36:00,2.28,24563.96,2.31,24959.25,2.27,24469.08
2026-04-19 18:37:00,2.31,24862.33,2.31,24973.41,2.26,24337.15
2026-04-19 18:38:00,2.3,24777.51,2.3,24739.99,2.27,24462.44
2026-04-19 18:39:00,2.28,24590.37,2.33,25174.79,2.26,24292.95
2026-04-19 18:40:00,2.33,25110.43,2.31,24913.89,2.29,24675.25
2026-04-19 18:41:00,2.27,24418.57,2.32,24999.28,2.3,24803.05
2026-04-19 18:42:00,2.32,25049.08,2.28,24592.09,2.29,24668.03
2026-04-19 18:43:00,2.32,25089.97,2.33,25131.55,2.31,24868.15
2026-04-19 18:44:00,2.28,24559.16,2.28,24508.18,2.29,24625.21
2026-04-19 18:45:00,2.31,24890.92,2.33,25126.31,2.31,24940.69
2026-04-19 18:46:00,2.3,24842.32,2.28,24604.35,2.29,24662.01
2026-04-19 18:47:00,2.3,24743.73,2.33,25118.09,2.31,24953.67
2026-04-19 18:48:00,2.27,24419.43,2.32,25070.66,2.26,24300.6
2026-04-19 18:49:00,2.32,25027.79,2.31,24984.94,2.31,24950.23
2026-04-19 18:50:00,2.32,25043.7,2.31,24880.75,2.31,24898.08
2026-04-19 18:51:00,2.28,24498.98,2.31,24901.85,2.31,24915.94
2026-04-19 18:52:00,2.31,24888.12,2.3,24838.62,2.27,24433.05
2026-04-19 18:53:00,2.29,24704.89,2.34,25275.94,2.27,24424.84
2026-04-19 18:54:00,2.28,24592.8,2.3,24797.32,2.27,24445.14
2026-04-19 18:55:00,2.28,24561.88,2.34,25276.07,2.28,24586.62
2026-04-19 18:56:00,2.33,25130.08,2.3,24842.2,2.27,24401.52
2026-04-19 18:57:00,2.28,24516.39,2.31,24894.62,2.3,24771.76
2026-04-19 18:58:00,2.3,24789.77,2.28,24579.69,2.28,24591.09
2026-04-19 18:59:00,2.32,25099.51,2.3,24799.72,2.3,24851.89
2026-04-19 19:00:00,2.29,24687.18,2.29,24646.88,2.27,24392.3
2026-04-19 19:01:00,2.3,24816.26,2.31,24930.58,2.3,24799.0
2026-04-19 19:02:00,2.32,25088.67,2.3,24795.88,2.29,24736.21
2026-04-19 19:03:00,2.28,24539.85,2.31,24982.48,2.28,24573.4
2026-04-19 19:04:00,2.31,24871.91,2.32,24992.6,2.29,24649.12
2026-04-19 19:05:00,2.33,25159.3,2.32,25032.49,2.27,24417.49
2026-04-19 19:06:00,2.27,24405.33,2.32,25020.01,2.32,25101.3
2026-04-19 19:07:00,2.28,24570.47,2.32,25003.84,2.26,24351.9
2026-04-19 19:08:00,2.31,24873.05,2.32,25085.32,2.3,24831.51
2026-04-19 19:09:00,2.33,25175.24,2.3,24861.19,2.3,24854.01
2026-04-19 19:10:00,2.3,24846.38,2.31,24863.52,2.26,24353.46
2026-04-19 19:11:00,2.32,25010.34,2.32,24988.9,2.28,24531.43
2026-04-19 19:12:00,2.28,24592.75,2.3,24780.68,2.32,24995.65
2026-04-19 19:13:00,2.28,24564.62,2.32,25086.72,2.27,24401.1
2026-04-19 19:14:00,2.32,25024.58,2.31,24959.94,2.32,25003.02
2026-04-19 19:15:00,2.33,25122.02,2.33,25161.94,2.27,24385.56
2026-04-19 19:16:00,2.29,24704.71,2.31,24882.66,2.33,25122.03
2026-04-19 19:17:00,2.3,24742.47,2.29,24733.95,2.27,24376.65
2026-04-19 19:18:00,2.34,25264.62,2.31,24870.96,2.31,24870.85
2026-04-19 19:19:00,2.3,24748.78,2.32,24997.21,2.32,25096.89
2026-04-19 19:20:00,2.28,24574.15,2.3,24780.81,2.28,24529.41
2026-04-19 19:21:00,2.3,24795.65,2.3,24754.43,2.27,24371.17
2026-04-19 19:22:00,2.32,25058.4,2.29,24699.7,2.32,25072.63
2026-04-19 19:23:00,2.33,25202.8,2.34,25269.28,2.3,24859.45
2026-04-19 19:24:00,2.31,24982.35,2.32,25039.66,2.3,24799.28
2026-04-19 19:25:00,2.34,25264.45,2.29,24728.59,2.3,24846.54
2026-04-19 19:26:00,2.31,24961.03,2.3,24852.1,2.29,24654.64
2026-04-19 19:27:00,2.28,24493.48,2.33,25138.86,2.29,24723.92
2026-04-19 19:28:00,2.34,25239.75,2.31,24874.53,2.28,24607.22
2026-04-19 19:29:00,2.28,24610.64,2.32,25026.44,2.28,24570.4
2026-04-19 19:30:00,2.33,25156.25,2.31,24932.61,2.3,24810.85
2026-04-19 19:31:00,2.28,24558.68,2.34,25289.22,2.29,24722.02
2026-04-19 19:32:00,2.28,24559.0,2.35,25359.64,2.3,24758.21
2026-04-19 19:33:00,2.31,24908.28,2.32,25108.67,2.28,24520.51
2026-04-19 19:34:00,2.32,25089.66,2.35,25376.31,2.28,24524.15
2026-04-19 19:35:00,2.29,24710.39,2.35,25391.08,2.28,24527.91
2026-04-19 19:36:00,2.29,24730.9,2.29,24723.19,2.31,24896.54
2026-04-19 19:37:00,2.29,24618.3,2.3,24763.06,2.33,25175.23
2026-04-19 19:38:00,2.31,24885.09,2.31,24961.53,2.29,24705.02
2026-04-19 19:39:00,2.32,25102.75,2.3,24796.12,2.27,24465.41
2026-04-19 19:40:00,2.33,25192.71,2.32,25018.32,2.27,24431.22
2026-04-19 19:41:00,2.29,24736.13,2.32,25027.74,2.29,24690.78
2026-04-19 19:42:00,2.31,24921.5,2.3,24827.19,2.29,24637.69
2026-04-19 19:43:00,2.31,24930.74,2.31,24905.61,2.32,25104.27
2026-04-19 19:44:00,2.29,24722.16,2.33,25142.95,2.29,24689.87
2026-04-19 19:45:00,2.31,24899.92,2.35,25363.22,2.32,25015.18
2026-04-19 19:46:00,2.31,24936.21,2.32,25066.25,2.32,25035.45
2026-04-19 19:47:00,2.32,25042.54,2.3,24802.0,2.33,25158.2
2026-04-19 19:48:00,2.33,25206.03,2.35,25434.65,2.3,24849.54
2026-04-19 19:49:00,2.3,24744.34,2.33,25205.43,2.3,24849.82
2026-04-19 19:50:00,2.29,24712.94,2.31,24938.16,2.3,24819.42
2026-04-19 19:51:00,2.31,24969.01,2.34,25294.22,2.32,25043.3
2026-04-19 19:52:00,2.3,24770.73,2.31,24957.06,2.3,24758.4
2026-04-19 19:53:00,2.34,25294.4,2.33,25196.06,2.28,24593.02
2026-04-19 19:54:00,2.31,24909.52,2.36,25531.75,2.32,25078.61
2026-04-19 19:55:00,2.32,25075.43,2.31,24904.2,2.3,24748.39
2026-04-19 19:56:00,2.31,24905.77,2.36,25518.47,2.31,24873.96
2026-04-19 19:57:00,2.29,24734.63,2.3,24778.92,2.29,24624.39
2026-04-19 19:58:00,2.33,25127.63,2.33,25112.73,2.32,25027.62
2026-04-19 19:59:00,2.31,24930.04,2.31,24923.93,2.31,24944.38
2026-04-19 20:00:00,2.3,24787.78,2.31,24908.25,2.3,24800.61
2026-04-19 20:01:00,2.34,25314.63,2.33,25188.16,2.3,24826.24
2026-04-19 20:02:00,2.33,25212.88,2.34,25267.83,2.31,24870.27
2026-04-19 20:03:00,2.32,25085.79,2.34,25269.8,2.32,25078.47
2026-04-19 20:04:00,2.32,25052.18,2.34,25239.58,2.33,25126.85
2026-04-19 20:05:00,2.3,24813.88,2.31,24916.3,2.28,24501.59
2026-04-19 20:06:00,2.29,24666.21,2.36,25499.92,2.27,24486.33
2026-04-19 20:07:00,2.29,24656.48,2.31,24865.9,2.28,24546.14
2026-04-19 20:08:00,2.33,25170.39,2.34,25251.45,2.3,24852.07
2026-04-19 20:09:00,2.29,24700.81,2.3,24819.78,2.28,24586.14
2026-04-19 20:10:00,2.34,25239.47,2.31,24874.58,2.31,24919.38
2026-04-19 20:11:00,2.32,24998.83,2.34,25260.7,2.33,25160.82
2026-04-19 20:12:00,2.3,24765.45,2.32,25093.78,2.32,25100.96
2026-04-19 20:13:00,2.33,25144.07,2.33,25160.7,2.28,24577.98
2026-04-19 20:14:00,2.34,25327.52,2.31,24869.96,2.3,24781.98
2026-04-19 20:15:00,2.31,24944.33,2.31,24869.55,2.34,25234.36
2026-04-19 20:16:00,2.32,25062.87,2.31,24894.09,2.32,25031.5
2026-04-19 20:17:00,2.35,25408.66,2.35,25376.88,2.32,24997.55
2026-04-19 20:18:00,2.34,25289.04,2.33,25142.27,2.31,24959.76
2026-04-19 20:19:00,2.32,25003.61,2.35,25360.17,2.31,24917.49
2026-04-19 20:20:00,2.3,24752.28,2.33,25176.07,2.29,24621.33
2026-04-19 20:21:00,2.29,24728.8,2.32,25050.93,2.31,24881.91
2026-04-19 20:22:00,2.32,25085.44,2.31,24949.82,2.3,24795.26
2026-04-19 20:23:00,2.3,24817.28,2.33,25122.12,2.32,25088.44
2026-04-19 20:24:00,2.31,24875.35,2.36,25488.35,2.32,25036.35
2026-04-19 20:25:00,2.36,25485.04,2.32,25018.49,2.3,24813.03
2026-04-19 20:26:00,2.32,25075.11,2.34,25264.55,2.33,25166.44
2026-04-19 20:27:00,2.33,25200.78,2.31,24867.27,2.29,24715.15
2026-04-19 20:28:00,2.33,25110.46,2.34,25335.98,2.32,25035.1
2026-04-19 20:29:00,2.31,24934.58,2.36,25600.67,2.32,25020.47
2026-04-19 20:30:00,2.31,24874.3,2.34,25353.74,2.34,25273.69
2026-04-19 20:31:00,2.36,25503.58,2.33,25130.35,2.32,25024.83
2026-04-19 20:32:00,2.32,25103.88,2.35,25466.78,2.29,24712.2
2026-04-19 20:33:00,2.31,24866.61,2.32,25080.62,2.29,24694.0
2026-04-19 20:34:00,2.3,24809.67,2.32,25080.91,2.32,25042.25
2026-04-19 20:35:00,2.3,24777.35,2.34,25333.1,2.32,25031.41
2026-04-19 20:36:00,2.35,25414.35,2.32,25026.26,2.3,24738.79
2026-04-19 20:37:00,2.36,25496.24,2.37,25649.76,2.29,24722.46
2026-04-19 20:38:00,2.36,25528.16,2.33,25129.87,2.31,24959.88
2026-04-19 20:39:00,2.3,24783.95,2.33,25199.25,2.34,25269.53
2026-04-19 20:40:00,2.32,25100.98,2.34,25309.64,2.29,24641.67
2026-04-19 20:41:00,2.32,25076.72,2.34,25262.98,2.34,25331.12
2026-04-19 20:42:00,2.34,25244.2,2.36,25482.81,2.29,24632.68
2026-04-19 20:43:00,2.33,25135.58,2.31,24979.09,2.31,24983.01
2026-04-19 20:44:00,2.31,24887.49,2.36,25548.96,2.33,25131.49
2026-04-19 20:45:00,2.35,25365.02,2.33,25161.96,2.3,24836.11
2026-04-19 20:46:00,2.31,24974.6,2.33,25227.8,2.33,25157.66
2026-04-19 20:47:00,2.36,25521.31,2.37,25647.37,2.33,25135.95
2026-04-19 20:48:00,2.33,25232.58,2.34,25264.65,2.31,24905.44
2026-04-19 20:49:00,2.32,25098.66,2.33,25163.57,2.33,25111.95
2026-04-19 20:50:00,2.32,25030.62,2.32,25071.36,2.34,25311.43
2026-04-19 20:51:00,2.35,25395.03,2.33,25193.59,2.33,25223.45
2026-04-19 20:52:00,2.32,24990.95,2.35,25378.48,2.34,25249.81
2026-04-19 20:53:00,2.32,25102.36,2.37,25659.79,2.31,24870.92
2026-04-19 20:54:00,2.35,25416.4,2.35,25390.62,2.31,24920.85
2026-04-19 20:55:00,2.34,25273.58,2.37,25679.14,2.35,25373.74
2026-04-19 20:56:00,2.37,25612.91,2.37,25643.89,2.32,25065.07
2026-04-19 20:57:00,2.32,25043.37,2.37,25621.25,2.31,24892.7
2026-04-19 20:58:00,2.34,25252.5,2.32,25060.65,2.3,24823.0
2026-04-19 20:59:00,2.33,25133.73,2.31,24963.9,2.31,24892.14
2026-04-19 21:00:00,2.33,25179.69,2.32,25015.17,2.32,25109.85
2026-04-19 21:01:00,2.31,24932.05,2.32,25015.04,2.32,25071.09
2026-04-19 21:02:00,2.31,24915.31,2.37,25617.0,2.31,24938.08
2026-04-19 21:03:00,2.34,25333.55,2.33,25116.23,2.33,25147.38
2026-04-19 21:04:00,2.3,24815.58,2.36,25597.66,2.34,25339.18
2026-04-19 21:05:00,2.31,24961.56,2.36,25522.32,2.35,25406.33
2026-04-19 21:06:00,2.33,25209.23,2.32,25095.93,2.34,25246.11
2026-04-19 21:07:00,2.36,25562.68,2.32,25089.1,2.34,25343.38
2026-04-19 21:08:00,2.33,25194.37,2.33,25127.5,2.34,25249.24
2026-04-19 21:09:00,2.32,25057.44,2.38,25746.82,2.32,25082.3
2026-04-19 21:10:00,2.31,24954.73,2.37,25713.0,2.33,25165.78
2026-04-19 21:11:00,2.35,25406.05,2.36,25564.87,2.3,24768.92
2026-04-19 21:12:00,2.32,25092.5,2.38,25737.17,2.32,25035.74
2026-04-19 21:13:00,2.34,25314.63,2.37,25649.98,2.33,25130.53
2026-04-19 21:14:00,2.33,25162.2,2.35,25465.29,2.34,25324.93
2026-04-19 21:15:00,2.34,25284.07,2.36,25579.17,2.32,25065.09
2026-04-19 21:16:00,2.36,25559.33,2.35,25392.19,2.32,25084.11
2026-04-19 21:17:00,2.36,25538.48,2.36,25590.09,2.33,25222.54
2026-04-19 21:18:00,2.37,25632.53,2.38,25740.12,2.33,25164.47
2026-04-19 21:19:00,2.36,25516.5,2.32,25102.86,2.32,25048.07
2026-04-19 21:20:00,2.33,25181.87,2.36,25529.31,2.33,25180.6
2026-04-19 21:21:00,2.32,25053.75,2.35,25392.83,2.31,24878.65
2026-04-19 21:22:00,2.32,25046.67,2.35,25474.53,2.33,25128.87
2026-04-19 21:23:00,2.35,25410.76,2.38,25758.06,2.33,25127.28
2026-04-19 21:24:00,2.35,25459.29,2.39,25860.67,2.35,25475.04
2026-04-19 21:25:00,2.32,25062.99,2.34,25355.31,2.34,25328.27
2026-04-19 21:26:00,2.36,25534.88,2.38,25801.22,2.36,25579.82
2026-04-19 21:27:00,2.37,25655.5,2.37,25686.08,2.35,25412.73
2026-04-19 21:28:00,2.34,25262.75,2.33,25126.72,2.32,25010.51
2026-04-19 21:29:00,2.31,24972.15,2.36,25487.44,2.34,25355.36
2026-04-19 21:30:00,2.36,25485.1,2.34,25249.56,2.31,24910.33
2026-04-19 21:31:00,2.32,25096.61,2.36,25576.56,2.34,25238.29
2026-04-19 21:32:00,2.34,25307.53,2.38,25817.55,2.35,25390.81
2026-04-19 21:33:00,2.32,25031.11,2.37,25668.85,2.33,25215.27
2026-04-19 21:34:00,2.35,25374.85,2.34,25245.27,2.35,25455.67
2026-04-19 21:35:00,2.32,25006.64,2.33,25230.1,2.34,25346.44
2026-04-19 21:36:00,2.36,25596.34,2.33,25198.06,2.34,25270.11
2026-04-19 21:37:00,2.35,25427.37,2.38,25769.71,2.35,25476.38
2026-04-19 21:38:00,2.37,25610.87,2.33,25182.52,2.34,25321.68
2026-04-19 21:39:00,2.32,25024.72,2.34,25309.25,2.34,25347.14
2026-04-19 21:40:00,2.33,25136.55,2.35,25446.88,2.34,25259.87
2026-04-19 21:41:00,2.38,25738.44,2.33,25200.61,2.31,24946.86
2026-04-19 21:42:00,2.35,25430.02,2.33,25200.2,2.33,25193.84
2026-04-19 21:43:00,2.35,25467.2,2.35,25405.03,2.34,25255.26
2026-04-19 21:44:00,2.37,25662.36,2.38,25762.78,2.32,25058.53
2026-04-19 21:45:00,2.38,25790.86,2.38,25843.55,2.33,25142.68
2026-04-19 21:46:00,2.35,25362.65,2.35,25388.67,2.33,25135.17
2026-04-19 21:47:00,2.33,25167.69,2.35,25414.91,2.33,25176.28
2026-04-19 21:48:00,2.34,25261.17,2.35,25474.15,2.32,25012.92
2026-04-19 21:49:00,2.37,25655.18,2.33,25205.56,2.31,24943.27
2026-04-19 21:50:00,2.34,25310.97,2.38,25793.29,2.35,25393.2
2026-04-19 21:51:00,2.36,25509.77,2.36,25547.78,2.36,25491.59
2026-04-19 21:52:00,2.32,25097.83,2.34,25326.32,2.33,25153.36
2026-04-19 21:53:00,2.34,25240.27,2.37,25677.09,2.33,25119.29
2026-04-19 21:54:00,2.32,25015.78,2.39,25935.97,2.31,24967.49
2026-04-19 21:55:00,2.32,25098.22,2.39,25906.61,2.34,25343.13
2026-04-19 21:56:00,2.36,25577.42,2.38,25749.21,2.36,25569.72
2026-04-19 21:57:00,2.32,25074.75,2.37,25667.97,2.34,25289.53
2026-04-19 21:58:00,2.37,25707.69,2.38,25812.01,2.33,25120.47
2026-04-19 21:59:00,2.32,25074.36,2.34,25296.66,2.35,25402.92
2026-04-19 22:00:00,2.37,25715.97,2.35,25460.07,2.35,25382.55
2026-04-19 22:01:00,2.33,25140.56,2.39,25916.84,2.33,25223.48
2026-04-19 22:02:00,2.33,25161.74,2.36,25503.94,2.32,25075.14
2026-04-19 22:03:00,2.37,25726.93,2.38,25797.04,2.35,25468.06
2026-04-19 22:04:00,2.37,25689.42,2.35,25410.05,2.34,25304.96
2026-04-19 22:05:00,2.36,25604.77,2.35,25417.52,2.35,25411.68
2026-04-19 22:06:00,2.34,25337.65,2.37,25653.52,2.34,25272.19
2026-04-19 22:07:00,2.35,25460.17,2.37,25654.41,2.34,25323.85
2026-04-19 22:08:00,2.38,25739.5,2.35,25446.79,2.33,25167.38
2026-04-19 22:09:00,2.37,25623.79,2.34,25277.13,2.33,25195.13
2026-04-19 22:10:00,2.37,25694.45,2.38,25804.82,2.38,25730.27
2026-04-19 22:11:00,2.36,25597.14,2.38,25835.7,2.36,25501.36
2026-04-19 22:12:00,2.33,25197.81,2.37,25707.36,2.37,25609.46
2026-04-19 22:13:00,2.36,25510.34,2.35,25377.38,2.32,25051.03
2026-04-19 22:14:00,2.36,25546.08,2.34,25287.99,2.32,25076.04
2026-04-19 22:15:00,2.34,25255.06,2.38,25756.16,2.36,25561.45
2026-04-19 22:16:00,2.37,25622.01,2.39,25890.69,2.36,25502.34
2026-04-19 22:17:00,2.33,25177.09,2.35,25370.06,2.35,25370.58
2026-04-19 22:18:00,2.37,25654.24,2.38,25798.05,2.33,25162.97
2026-04-19 22:19:00,2.39,25921.66,2.39,25904.35,2.35,25405.7
2026-04-19 22:20:00,2.36,25562.69,2.37,25643.19,2.34,25317.65
2026-04-19 22:21:00,2.34,25287.76,2.36,25542.28,2.35,25464.66
2026-04-19 22:22:00,2.37,25621.85,2.36,25509.19,2.33,25157.06
2026-04-19 22:23:00,2.34,25333.67,2.37,25662.86,2.36,25525.4
2026-04-19 22:24:00,2.38,25846.05,2.4,26012.29,2.36,25520.52
2026-04-19 22:25:00,2.36,25546.92,2.35,25449.63,2.35,25393.28
2026-04-19 22:26:00,2.35,25380.38,2.4,25980.78,2.34,25305.61
2026-04-19 22:27:00,2.33,25214.28,2.35,25375.98,2.33,25205.96
2026-04-19 22:28:00,2.35,25447.83,2.38,25743.86,2.37,25699.81
2026-04-19 22:29:00,2.36,25554.37,2.35,25358.26,2.33,25163.89
2026-04-19 22:30:00,2.38,25779.96,2.35,25465.84,2.34,25321.86
2026-04-19 22:31:00,2.34,25243.67,2.39,25964.01,2.32,25051.66
2026-04-19 22:32:00,2.36,25495.0,2.38,25733.8,2.33,25125.57
2026-04-19 22:33:00,2.38,25782.82,2.38,25744.04,2.36,25590.92
2026-04-19 22:34:00,2.37,25724.44,2.36,25556.81,2.35,25450.67
2026-04-19 22:35:00,2.37,25728.69,2.39,25881.43,2.37,25705.5
2026-04-19 22:36:00,2.34,25260.92,2.34,25350.71,2.33,25181.57
2026-04-19 22:37:00,2.37,25637.62,2.4,26009.75,2.36,25524.77
2026-04-19 22:38:00,2.39,25856.05,2.36,25548.49,2.37,25614.23
2026-04-19 22:39:00,2.34,25347.76,2.37,25618.18,2.33,25169.26
2026-04-19 22:40:00,2.33,25176.02,2.38,25833.61,2.32,25067.47
2026-04-19 22:41:00,2.38,25744.25,2.35,25405.49,2.38,25761.79
2026-04-19 22:42:00,2.34,25296.91,2.38,25772.48,2.36,25514.51
2026-04-19 22:43:00,2.38,25795.31,2.39,25871.1,2.33,25155.45
2026-04-19 22:44:00,2.38,25765.22,2.4,26005.41,2.34,25331.02
2026-04-19 22:45:00,2.39,25953.61,2.39,25954.77,2.34,25286.71
2026-04-19 22:46:00,2.34,25321.03,2.36,25490.89,2.38,25750.52
2026-04-19 22:47:00,2.35,25481.65,2.39,25891.68,2.33,25174.85
2026-04-19 22:48:00,2.38,25749.29,2.34,25340.84,2.34,25347.0
2026-04-19 22:49:00,2.37,25610.4,2.36,25550.7,2.37,25684.02
2026-04-19 22:50:00,2.39,25957.21,2.38,25804.84,2.36,25543.0
2026-04-19 22:51:00,2.36,25510.41,2.38,25850.59,2.38,25769.64
2026-04-19 22:52:00,2.38,25799.93,2.39,25940.44,2.37,25606.62
2026-04-19 22:53:00,2.38,25809.05,2.38,25824.81,2.38,25780.2
2026-04-19 22:54:00,2.34,25319.78,2.38,25807.24,2.37,25636.21
2026-04-19 22:55:00,2.34,25263.47,2.36,25589.15,2.38,25825.56
2026-04-19 22:56:00,2.35,25375.45,2.36,25507.31,2.39,25884.13
2026-04-19 22:57:00,2.34,25296.35,2.41,26182.8,2.37,25617.06
2026-04-19 22:58:00,2.36,25484.53,2.41,26174.58,2.37,25647.52
2026-04-19 22:59:00,2.34,25259.12,2.37,25632.28,2.38,25788.29
2026-04-19 23:00:00,2.39,25927.24,2.4,26005.99,2.35,25374.5
2026-04-19 23:01:00,2.38,25769.06,2.36,25544.97,2.35,25400.67
2026-04-19 23:02:00,2.34,25326.27,2.37,25706.89,2.34,25343.01
2026-04-19 23:03:00,2.35,25412.21,2.38,25741.68,2.39,25934.29
2026-04-19 23:04:00,2.38,25817.73,2.35,25426.72,2.34,25276.17
2026-04-19 23:05:00,2.35,25433.19,2.37,25612.63,2.34,25264.1
2026-04-19 23:06:00,2.36,25525.71,2.4,26045.88,2.37,25682.3
2026-04-19 23:07:00,2.38,25750.29,2.39,25879.32,2.37,25709.36
2026-04-19 23:08:00,2.34,25331.48,2.36,25499.98,2.35,25358.84
2026-04-19 23:09:00,2.39,25939.49,2.39,25905.95,2.35,25474.55
2026-04-19 23:10:00,2.37,25714.09,2.36,25512.86,2.36,25603.24
2026-04-19 23:11:00,2.35,25370.72,2.35,25421.16,2.37,25618.59
2026-04-19 23:12:00,2.37,25727.54,2.39,25960.73,2.39,25966.84
2026-04-19 23:13:00,2.35,25367.1,2.41,26162.29,2.38,25777.63
2026-04-19 23:14:00,2.39,25928.59,2.36,25594.28,2.35,25439.14
2026-04-19 23:15:00,2.39,25948.78,2.39,25960.05,2.33,25170.11
2026-04-19 23:16:00,2.36,25565.04,2.39,25902.5,2.35,25444.52
2026-04-19 23:17:00,2.4,25987.66,2.39,25968.22,2.33,25207.62
2026-04-19 23:18:00,2.36,25487.33,2.39,25903.98,2.35,25480.96
2026-04-19 23:19:00,2.38,25741.69,2.38,25789.67,2.36,25563.82
2026-04-19 23:20:00,2.37,25623.33,2.41,26200.34,2.36,25566.28
2026-04-19 23:21:00,2.39,25970.85,2.38,25803.1,2.37,25726.8
2026-04-19 23:22:00,2.38,25849.72,2.4,26096.16,2.4,26000.77
2026-04-19 23:23:00,2.38,25825.03,2.36,25546.13,2.37,25675.25
2026-04-19 23:24:00,2.38,25748.91,2.37,25607.93,2.35,25369.71
2026-04-19 23:25:00,2.35,25463.1,2.39,25867.68,2.38,25746.63
2026-04-19 23:26:00,2.38,25791.54,2.4,26066.66,2.34,25293.43
2026-04-19 23:27:00,2.35,25379.79,2.42,26311.64,2.35,25450.39
2026-04-19 23:28:00,2.38,25746.69,2.4,26075.09,2.35,25449.58
2026-04-19 23:29:00,2.36,25515.43,2.4,26018.71,2.35,25443.88
2026-04-19 23:30:00,2.36,25605.15,2.38,25763.63,2.4,26009.52
2026-04-19 23:31:00,2.41,26108.33,2.39,25933.84,2.38,25730.41
2026-04-19 23:32:00,2.35,25419.08,2.42,26301.07,2.35,25475.39
2026-04-19 23:33:00,2.38,25780.46,2.38,25772.47,2.36,25502.68
2026-04-19 23:34:00,2.36,25533.54,2.38,25849.27,2.36,25558.13
2026-04-19 23:35:00,2.4,26091.1,2.41,26209.18,2.39,25862.23
2026-04-19 23:36:00,2.41,26168.94,2.4,26051.69,2.36,25601.62
2026-04-19 23:37:00,2.38,25784.38,2.41,26209.19,2.35,25456.78
2026-04-19 23:38:00,2.37,25611.75,2.41,26133.84,2.37,25681.62
2026-04-19 23:39:00,2.4,26092.54,2.39,25937.06,2.35,25364.91
2026-04-19 23:40:00,2.35,25441.38,2.39,25968.69,2.36,25550.3
2026-04-19 23:41:00,2.39,25908.67,2.36,25548.47,2.34,25355.96
2026-04-19 23:42:00,2.36,25526.28,2.38,25847.43,2.4,26001.55
2026-04-19 23:43:00,2.37,25727.0,2.36,25554.3,2.38,25770.72
2026-04-19 23:44:00,2.4,26062.32,2.4,25987.63,2.35,25481.27
2026-04-19 23:45:00,2.37,25721.94,2.4,26050.78,2.35,25398.77
2026-04-19 23:46:00,2.4,26024.99,2.41,26139.46,2.39,25913.24
2026-04-19 23:47:00,2.37,25607.63,2.37,25687.36,2.34,25316.24
2026-04-19 23:48:00,2.41,26113.22,2.37,25641.39,2.39,25968.89
2026-04-19 23:49:00,2.39,25950.97,2.39,25935.82,2.39,25928.64
2026-04-19 23:50:00,2.37,25695.67,2.41,26158.15,2.36,25544.09
2026-04-19 23:51:00,2.37,25679.92,2.43,26370.22,2.38,25743.91
2026-04-19 23:52:00,2.36,25551.59,2.4,25989.92,2.4,26016.41
2026-04-19 23:53:00,2.38,25744.41,2.37,25643.75,2.39,25912.69
2026-04-19 23:54:00,2.38,25756.18,2.4,26027.19,2.36,25591.16
2026-04-19 23:55:00,2.39,25947.6,2.37,25724.48,2.35,25433.44
2026-04-19 23:56:00,2.39,25911.38,2.36,25589.42,2.38,25768.97
2026-04-19 23:57:00,2.36,25543.7,2.42,26339.63,2.36,25576.31
2026-04-19 23:58:00,2.41,26109.64,2.43,26355.0,2.39,25885.66
2026-04-19 23:59:00,2.36,25550.92,2.43,26383.74,2.37,25607.22
2026-04-20 00:00:00,2.36,25537.26,2.37,25713.67,2.36,25576.32
2026-04-20 00:01:00,2.37,25724.6,2.4,25983.69,2.37,25662.59
2026-04-20 00:02:00,2.4,25993.33,2.38,25776.56,2.35,25436.43
2026-04-20 00:03:00,2.4,26016.03,2.38,25852.39,2.41,26131.29
2026-04-20 00:04:00,2.37,25626.11,2.39,25966.06,2.41,26152.87
2026-04-20 00:05:00,2.4,26013.91,2.43,26365.77,2.35,25448.74
2026-04-20 00:06:00,2.36,25601.89,2.42,26346.64,2.41,26119.36
2026-04-20 00:07:00,2.42,26277.3,2.38,25822.03,2.4,26100.22
2026-04-20 00:08:00,2.36,25572.96,2.41,26142.29,2.35,25459.33
2026-04-20 00:09:00,2.36,25517.66,2.43,26387.18,2.39,25914.94
2026-04-20 00:10:00,2.41,26132.42,2.41,26155.99,2.35,25460.4
2026-04-20 00:11:00,2.38,25816.91,2.38,25737.94,2.39,25891.51
2026-04-20 00:12:00,2.41,26112.06,2.42,26272.1,2.41,26123.33
2026-04-20 00:13:00,2.36,25586.73,2.38,25798.01,2.4,25978.55
2026-04-20 00:14:00,2.36,25539.04,2.41,26127.75,2.39,25886.02
2026-04-20 00:15:00,2.41,26223.95,2.39,25967.57,2.35,25424.83
2026-04-20 00:16:00,2.39,25960.88,2.41,26177.6,2.38,25783.45
2026-04-20 00:17:00,2.39,25973.24,2.43,26409.02,2.35,25401.26
2026-04-20 00:18:00,2.37,25680.14,2.4,26098.4,2.41,26132.45
2026-04-20 00:19:00,2.42,26321.67,2.42,26244.66,2.38,25805.52
2026-04-20 00:20:00,2.38,25755.58,2.39,25972.79,2.36,25555.25
2026-04-20 00:21:00,2.37,25716.17,2.38,25785.33,2.4,26006.41
2026-04-20 00:22:00,2.37,25726.02,2.41,26167.9,2.4,26059.74
2026-04-20 00:23:00,2.36,25562.92,2.41,26114.46,2.38,25810.63
2026-04-20 00:24:00,2.37,25613.35,2.38,25843.63,2.37,25619.12
2026-04-20 00:25:00,2.4,25982.19,2.4,26090.93,2.4,26059.77
2026-04-20 00:26:00,2.4,25998.18,2.4,26029.78,2.4,26099.34
2026-04-20 00:27:00,2.42,26278.05,2.39,25879.37,2.37,25695.3
2026-04-20 00:28:00,2.41,26105.63,2.38,25841.11,2.38,25793.31
2026-04-20 00:29:00,2.41,26144.56,2.39,25906.1,2.38,25823.3
2026-04-20 00:30:00,2.4,26052.88,2.42,26293.92,2.39,25904.91
2026-04-20 00:31:00,2.39,25906.57,2.41,26190.3,2.37,25727.07
2026-04-20 00:32:00,2.37,25639.75,2.39,25911.4,2.41,26132.18
2026-04-20 00:33:00,2.39,25965.41,2.39,25948.16,2.41,26209.86
2026-04-20 00:34:00,2.37,25644.75,2.41,26187.65,2.38,25770.77
2026-04-20 00:35:00,2.37,25629.95,2.44,26544.25,2.39,25942.82
2026-04-20 00:36:00,2.37,25679.85,2.42,26291.11,2.39,25869.56
2026-04-20 00:37:00,2.42,26334.77,2.38,25847.01,2.37,25686.63
2026-04-20 00:38:00,2.38,25847.1,2.41,26219.2,2.39,25962.59
2026-04-20 00:39:00,2.36,25568.66,2.41,26138.4,2.4,25996.31
2026-04-20 00:40:00,2.38,25760.75,2.4,26046.47,2.39,25950.61
2026-04-20 00:41:00,2.4,26023.6,2.43,26395.1,2.4,26056.95
2026-04-20 00:42:00,2.37,25728.26,2.41,26123.69,2.41,26175.31
2026-04-20 00:43:00,2.39,25940.35,2.44,26500.75,2.41,26136.22
2026-04-20 00:44:00,2.4,26078.6,2.42,26239.15,2.38,25732.49
2026-04-20 00:45:00,2.38,25794.29,2.4,26013.31,2.35,25474.47
2026-04-20 00:46:00,2.37,25699.52,2.42,26282.02,2.39,25963.94
2026-04-20 00:47:00,2.38,25826.46,2.39,25891.52,2.42,26299.81
2026-04-20 00:48:00,2.38,25834.86,2.41,26215.84,2.36,25545.03
2026-04-20 00:49:00,2.38,25802.61,2.39,25862.4,2.41,26123.48
2026-04-20 00:50:00,2.43,26361.1,2.41,26169.71,2.39,25941.9
2026-04-20 00:51:00,2.42,26304.38,2.41,26116.8,2.4,26038.16
2026-04-20 00:52:00,2.38,25801.59,2.41,26108.32,2.42,26274.1
2026-04-20 00:53:00,2.41,26172.11,2.41,26153.52,2.4,26054.2
2026-04-20 00:54:00,2.41,26142.48,2.42,26340.03,2.4,26024.04
2026-04-20 00:55:00,2.38,25744.81,2.4,26040.72,2.37,25620.31
2026-04-20 00:56:00,2.39,25913.24,2.41,26129.25,2.39,25854.58
2026-04-20 00:57:00,2.37,25715.47,2.4,26069.14,2.38,25748.71
2026-04-20 00:58:00,2.38,25742.31,2.39,25922.77,2.41,26162.04
2026-04-20 00:59:00,2.4,25980.82,2.42,26341.53,2.42,26235.94
2026-04-20 01:00:00,2.39,25903.56,2.39,25938.47,2.42,26315.42
2026-04-20 01:01:00,2.43,26420.66,2.42,26248.03,2.41,26190.77
2026-04-20 01:02:00,2.38,25840.36,2.42,26333.79,2.37,25626.6
2026-04-20 01:03:00,2.43,26352.44,2.38,25846.88,2.42,26340.42
2026-04-20 01:04:00,2.42,26313.83,2.45,26606.44,2.42,26226.84
2026-04-20 01:05:00,2.41,26200.28,2.43,26396.07,2.39,25889.99
2026-04-20 01:06:00,2.37,25665.96,2.42,26331.17,2.41,26221.03
2026-04-20 01:07:00,2.38,25830.37,2.45,26628.16,2.36,25579.18
2026-04-20 01:08:00,2.39,25923.54,2.39,25912.99,2.42,26287.56
2026-04-20 01:09:00,2.43,26404.47,2.4,26038.23,2.39,25918.97
2026-04-20 01:10:00,2.43,26450.53,2.44,26523.66,2.43,26399.35
2026-04-20 01:11:00,2.41,26203.21,2.4,26023.19,2.41,26178.14
2026-04-20 01:12:00,2.43,26469.53,2.45,26665.12,2.39,25973.13
2026-04-20 01:13:00,2.4,26086.06,2.45,26608.32,2.41,26108.53
2026-04-20 01:14:00,2.42,26287.28,2.41,26136.65,2.42,26279.02
2026-04-20 01:15:00,2.42,26328.79,2.43,26360.66,2.41,26213.8
2026-04-20 01:16:00,2.38,25769.15,2.42,26313.93,2.42,26226.29
2026-04-20 01:17:00,2.43,26404.88,2.44,26513.57,2.41,26156.81
2026-04-20 01:18:00,2.41,26171.39,2.43,26401.4,2.38,25794.39
2026-04-20 01:19:00,2.41,26216.69,2.41,26211.16,2.41,26136.16
2026-04-20 01:20:00,2.41,26115.74,2.4,26035.47,2.41,26166.72
2026-04-20 01:21:00,2.41,26207.68,2.43,26367.77,2.37,25697.49
2026-04-20 01:22:00,2.44,26545.27,2.44,26549.8,2.39,25872.09
2026-04-20 01:23:00,2.44,26490.41,2.44,26552.88,2.37,25706.71
2026-04-20 01:24:00,2.43,26353.77,2.41,26222.14,2.43,26404.22
2026-04-20 01:25:00,2.43,26388.2,2.42,26253.73,2.38,25791.71
2026-04-20 01:26:00,2.44,26504.99,2.45,26705.86,2.39,25973.06
2026-04-20 01:27:00,2.44,26516.8,2.4,25978.46,2.4,25992.77
2026-04-20 01:28:00,2.41,26130.51,2.41,26222.61,2.41,26203.23
2026-04-20 01:29:00,2.4,25988.31,2.44,26555.73,2.41,26208.91
2026-04-20 01:30:00,2.41,26193.39,2.4,26003.03,2.41,26145.85
2026-04-20 01:31:00,2.38,25808.03,2.44,26477.49,2.38,25730.4
2026-04-20 01:32:00,2.4,26008.74,2.43,26432.72,2.41,26218.45
2026-04-20 01:33:00,2.39,25881.05,2.45,26623.79,2.38,25825.98
2026-04-20 01:34:00,2.39,25902.97,2.41,26181.62,2.4,26079.65
2026-04-20 01:35:00,2.43,26441.17,2.42,26305.99,2.4,26083.37
2026-04-20 01:36:00,2.41,26183.99,2.41,26218.65,2.39,25859.26
2026-04-20 01:37:00,2.39,25916.56,2.44,26511.29,2.37,25707.08
2026-04-20 01:38:00,2.42,26265.85,2.42,26242.85,2.39,25915.1
2026-04-20 01:39:00,2.42,26257.66,2.45,26645.38,2.42,26253.65
2026-04-20 01:40:00,2.39,25966.72,2.45,26600.92,2.42,26268.96
2026-04-20 01:41:00,2.41,26121.38,2.45,26712.18,2.39,25927.72
2026-04-20 01:42:00,2.4,26089.41,2.42,26261.29,2.44,26488.07
2026-04-20 01:43:00,2.38,25835.68,2.45,26638.45,2.39,25872.3
2026-04-20 01:44:00,2.45,26608.82,2.45,26661.25,2.43,26471.74
2026-04-20 01:45:00,2.4,26101.17,2.41,26109.76,2.4,26012.58
2026-04-20 01:46:00,2.41,26187.07,2.44,26535.55,2.43,26387.48
2026-04-20 01:47:00,2.44,26572.94,2.45,26628.61,2.38,25749.41
2026-04-20 01:48:00,2.4,26090.7,2.45,26719.45,2.39,25901.08
2026-04-20 01:49:00,2.39,25892.77,2.4,26021.15,2.42,26324.06
2026-04-20 01:50:00,2.43,26359.13,2.45,26714.37,2.42,26239.85
2026-04-20 01:51:00,2.41,26182.84,2.44,26535.85,2.41,26187.14
2026-04-20 01:52:00,2.41,26208.8,2.41,26182.45,2.39,25907.36
2026-04-20 01:53:00,2.39,25963.49,2.41,26108.9,2.39,25954.35
2026-04-20 01:54:00,2.44,26548.03,2.45,26671.6,2.42,26279.35
2026-04-20 01:55:00,2.39,25969.35,2.42,26227.11,2.38,25838.58
2026-04-20 01:56:00,2.41,26142.05,2.41,26197.46,2.41,26222.77
2026-04-20 01:57:00,2.44,26486.34,2.44,26504.4,2.42,26336.97
2026-04-20 01:58:00,2.4,26032.32,2.41,26151.66,2.44,26483.53
2026-04-20 01:59:00,2.44,26531.31,2.41,26138.76,2.4,26073.29
2026-04-20 02:00:00,2.44,26475.72,2.42,26321.09,2.43,26453.2
2026-04-20 02:01:00,2.43,26396.81,2.45,26621.55,2.44,26554.16
2026-04-20 02:02:00,2.39,25938.11,2.45,26603.92,2.39,25945.46
2026-04-20 02:03:00,2.42,26300.57,2.46,26791.65,2.44,26538.77
2026-04-20 02:04:00,2.43,26457.2,2.45,26716.97,2.39,25884.64
2026-04-20 02:05:00,2.41,26198.16,2.43,26369.01,2.41,26178.5
2026-04-20 02:06:00,2.44,26563.28,2.44,26505.04,2.41,26115.28
2026-04-20 02:07:00,2.41,26114.96,2.45,26699.41,2.44,26565.74
2026-04-20 02:08:00,2.39,25937.88,2.43,26454.76,2.44,26547.37
2026-04-20 02:09:00,2.45,26701.7,2.43,26400.07,2.44,26540.48
2026-04-20 02:10:00,2.43,26376.76,2.47,26855.46,2.44,26506.77
2026-04-20 02:11:00,2.44,26566.53,2.42,26314.12,2.4,26005.07
2026-04-20 02:12:00,2.43,26353.25,2.42,26299.65,2.45,26604.68
2026-04-20 02:13:00,2.46,26724.25,2.41,26123.1,2.43,26412.02
2026-04-20 02:14:00,2.42,26329.13,2.46,26811.69,2.45,26599.68
2026-04-20 02:15:00,2.4,26063.17,2.46,26804.48,2.42,26288.58
2026-04-20 02:16:00,2.43,26413.16,2.45,26714.68,2.39,25971.0
2026-04-20 02:17:00,2.44,26530.25,2.41,26186.05,2.4,26073.5
2026-04-20 02:18:00,2.4,26032.18,2.46,26798.45,2.44,26534.61
2026-04-20 02:19:00,2.42,26324.85,2.43,26359.89,2.41,26181.22
2026-04-20 02:20:00,2.41,26118.91,2.46,26812.54,2.4,26062.31
2026-04-20 02:21:00,2.44,26541.23,2.46,26747.88,2.39,25901.45
2026-04-20 02:22:00,2.46,26739.67,2.44,26504.07,2.44,26580.08
2026-04-20 02:23:00,2.43,26353.42,2.46,26812.26,2.45,26636.65
2026-04-20 02:24:00,2.4,26100.55,2.46,26752.6,2.38,25836.74
2026-04-20 02:25:00,2.42,26258.67,2.44,26556.3,2.44,26495.75
2026-04-20 02:26:00,2.44,26559.9,2.46,26786.15,2.4,26045.34
2026-04-20 02:27:00,2.41,26212.62,2.47,26848.2,2.41,26129.65
2026-04-20 02:28:00,2.45,26619.4,2.45,26684.25,2.45,26613.0
2026-04-20 02:29:00,2.44,26576.5,2.46,26763.25,2.42,26316.81
2026-04-20 02:30:00,2.45,26720.9,2.46,26762.89,2.43,26438.4
2026-04-20 02:31:00,2.46,26779.89,2.41,26225.98,2.43,26379.57
2026-04-20 02:32:00,2.42,26338.83,2.45,26662.75,2.4,26101.44
2026-04-20 02:33:00,2.44,26566.93,2.44,26508.23,2.39,25917.45
2026-04-20 02:34:00,2.41,26130.1,2.44,26496.47,2.41,26189.56
2026-04-20 02:35:00,2.4,26018.75,2.41,26201.72,2.39,25956.66
2026-04-20 02:36:00,2.41,26211.36,2.41,26211.86,2.44,26495.78
2026-04-20 02:37:00,2.45,26650.49,2.46,26799.58,2.4,26076.05
2026-04-20 02:38:00,2.43,26415.84,2.42,26233.46,2.4,26066.09
2026-04-20 02:39:00,2.41,26151.01,2.44,26494.08,2.4,25991.71
2026-04-20 02:40:00,2.4,26068.41,2.43,26429.11,2.44,26539.84
2026-04-20 02:41:00,2.41,26186.79,2.47,26965.51,2.4,26078.44
2026-04-20 02:42:00,2.45,26664.36,2.46,26769.32,2.4,26081.49
2026-04-20 02:43:00,2.45,26664.78,2.45,26696.47,2.45,26627.81
2026-04-20 02:44:00,2.41,26178.79,2.44,26547.8,2.4,26078.56
2026-04-20 02:45:00,2.43,26442.0,2.46,26825.42,2.42,26295.5
2026-04-20 02:46:00,2.44,26572.69,2.43,26373.19,2.41,26126.58
2026-04-20 02:47:00,2.47,26854.65,2.44,26509.62,2.41,26190.81
2026-04-20 02:48:00,2.4,26096.74,2.45,26613.62,2.44,26498.52
2026-04-20 02:49:00,2.45,26693.56,2.44,26595.24,2.41,26222.71
2026-04-20 02:50:00,2.45,26704.87,2.45,26692.44,2.42,26298.01
2026-04-20 02:51:00,2.45,26663.64,2.46,26832.09,2.46,26724.11
2026-04-20 02:52:00,2.46,26755.53,2.41,26185.56,2.45,26624.93
2026-04-20 02:53:00,2.42,26303.41,2.48,27019.82,2.46,26758.08
2026-04-20 02:54:00,2.42,26256.87,2.42,26289.62,2.43,26454.78
2026-04-20 02:55:00,2.46,26777.7,2.42,26279.36,2.43,26433.69
2026-04-20 02:56:00,2.44,26590.1,2.48,26989.33,2.41,26187.39
2026-04-20 02:57:00,2.45,26601.29,2.48,27040.24,2.46,26740.07
2026-04-20 02:58:00,2.44,26489.47,2.46,26843.56,2.42,26236.55
2026-04-20 02:59:00,2.46,26770.86,2.45,26645.78,2.42,26293.67
2026-04-20 03:00:00,2.46,26844.0,2.45,26636.58,2.44,26537.01
2026-04-20 03:01:00,2.41,26137.77,2.42,26347.44,2.43,26473.25
2026-04-20 03:02:00,2.42,26236.25,2.42,26331.66,2.42,26264.45
2026-04-20 03:03:00,2.46,26828.44,2.43,26377.18,2.43,26420.61
2026-04-20 03:04:00,2.43,26462.22,2.42,26320.34,2.41,26103.75
2026-04-20 03:05:00,2.47,26909.77,2.43,26471.46,2.46,26794.07
2026-04-20 03:06:00,2.41,26205.87,2.42,26298.64,2.45,26688.12
2026-04-20 03:07:00,2.45,26717.21,2.47,26874.73,2.41,26152.94
2026-04-20 03:08:00,2.46,26792.21,2.47,26949.95,2.43,26366.82
2026-04-20 03:09:00,2.45,26603.2,2.45,26634.99,2.46,26761.5
2026-04-20 03:10:00,2.43,26439.87,2.42,26308.7,2.41,26173.29
2026-04-20 03:11:00,2.41,26162.25,2.47,26860.77,2.42,26295.56
2026-04-20 03:12:00,2.43,26453.0,2.48,27038.63,2.43,26385.82
2026-04-20 03:13:00,2.47,26920.97,2.46,26750.56,2.44,26489.23
2026-04-20 03:14:00,2.47,26926.88,2.43,26461.8,2.46,26743.15
2026-04-20 03:15:00,2.46,26797.53,2.44,26561.11,2.45,26626.1
2026-04-20 03:16:00,2.44,26564.36,2.48,27067.04,2.42,26253.67
2026-04-20 03:17:00,2.45,26609.53,2.47,26865.58,2.44,26529.8
2026-04-20 03:18:00,2.43,26366.13,2.43,26393.65,2.41,26122.34
2026-04-20 03:19:00,2.45,26624.77,2.45,26625.86,2.44,26484.3
2026-04-20 03:20:00,2.43,26417.46,2.43,26433.72,2.42,26310.63
2026-04-20 03:21:00,2.44,26568.76,2.46,26809.27,2.41,26215.19
2026-04-20 03:22:00,2.44,26479.28,2.46,26837.76,2.41,26131.37
2026-04-20 03:23:00,2.45,26714.88,2.48,26998.37,2.46,26737.15
2026-04-20 03:24:00,2.44,26552.98,2.48,27058.45,2.44,26507.94
2026-04-20 03:25:00,2.43,26392.78,2.47,26879.73,2.42,26287.38
2026-04-20 03:26:00,2.43,26387.29,2.48,27082.19,2.44,26561.33
2026-04-20 03:27:00,2.44,26553.54,2.42,26348.39,2.46,26780.04
2026-04-20 03:28:00,2.45,26624.76,2.44,26519.49,2.44,26556.43
2026-04-20 03:29:00,2.45,26698.31,2.48,26993.7,2.42,26274.1
2026-04-20 03:30:00,2.43,26389.88,2.43,26434.2,2.44,26484.96
2026-04-20 03:31:00,2.42,26280.01,2.47,26957.48,2.41,26135.31
2026-04-20 03:32:00,2.46,26731.5,2.46,26842.0,2.41,26145.11
2026-04-20 03:33:00,2.46,26793.54,2.45,26655.94,2.42,26284.01
2026-04-20 03:34:00,2.42,26295.75,2.45,26623.46,2.45,26631.14
2026-04-20 03:35:00,2.46,26747.13,2.48,27056.63,2.44,26475.15
2026-04-20 03:36:00,2.48,26980.01,2.45,26694.71,2.42,26307.95
2026-04-20 03:37:00,2.42,26273.45,2.45,26648.43,2.41,26163.78
2026-04-20 03:38:00,2.47,26885.56,2.47,26883.27,2.43,26385.09
2026-04-20 03:39:00,2.44,26581.57,2.49,27124.32,2.41,26165.38
2026-04-20 03:40:00,2.43,26442.94,2.48,27091.53,2.46,26823.47
2026-04-20 03:41:00,2.45,26709.41,2.48,27002.81,2.41,26171.98
2026-04-20 03:42:00,2.46,26735.53,2.49,27200.15,2.43,26425.53
2026-04-20 03:43:00,2.46,26742.56,2.5,27244.34,2.46,26796.11
2026-04-20 03:44:00,2.45,26606.06,2.47,26889.78,2.42,26227.51
2026-04-20 03:45:00,2.47,26862.05,2.46,26781.18,2.45,26673.51
2026-04-20 03:46:00,2.43,26406.33,2.46,26777.03,2.43,26385.09
2026-04-20 03:47:00,2.44,26493.69,2.47,26916.4,2.41,26208.21
2026-04-20 03:48:00,2.47,26931.11,2.47,26864.11,2.42,26309.18
2026-04-20 03:49:00,2.44,26564.99,2.48,27050.34,2.47,26931.99
2026-04-20 03:50:00,2.46,26824.28,2.49,27167.26,2.46,26809.58
2026-04-20 03:51:00,2.43,26397.64,2.49,27208.08,2.44,26482.46
2026-04-20 03:52:00,2.44,26580.87,2.49,27160.28,2.45,26599.8
2026-04-20 03:53:00,2.47,26909.86,2.5,27240.27,2.41,26197.71
2026-04-20 03:54:00,2.43,26470.35,2.44,26544.21,2.46,26831.48
2026-04-20 03:55:00,2.48,26991.69,2.5,27219.54,2.43,26452.1
2026-04-20 03:56:00,2.47,26963.9,2.46,26736.33,2.45,26612.4
2026-04-20 03:57:00,2.44,26494.76,2.44,26592.32,2.45,26663.61
2026-04-20 03:58:00,2.44,26571.66,2.46,26723.69,2.42,26349.73
2026-04-20 03:59:00,2.48,27047.92,2.44,26507.96,2.44,26499.48
2026-04-20 04:00:00,2.44,26479.98,2.46,26842.53,2.42,26272.05
2026-04-20 04:01:00,2.43,26368.7,2.49,27166.7,2.42,26254.1
2026-04-20 04:02:00,2.47,26909.76,2.49,27149.49,2.42,26234.6
2026-04-20 04:03:00,2.48,27015.18,2.46,26733.05,2.46,26807.23
2026-04-20 04:04:00,2.45,26688.94,2.5,27263.65,2.46,26815.18
2026-04-20 04:05:00,2.43,26472.85,2.49,27137.75,2.42,26298.38
2026-04-20 04:06:00,2.43,26366.23,2.49,27151.16,2.47,26967.17
2026-04-20 04:07:00,2.46,26753.07,2.5,27242.28,2.45,26650.13
2026-04-20 04:08:00,2.45,26703.49,2.46,26769.27,2.42,26320.7
2026-04-20 04:09:00,2.47,26917.88,2.47,26882.0,2.46,26787.82
2026-04-20 04:10:00,2.46,26747.68,2.44,26585.87,2.47,26943.21
2026-04-20 04:11:00,2.45,26674.22,2.46,26744.85,2.44,26541.35
2026-04-20 04:12:00,2.46,26729.35,2.47,26897.34,2.47,26931.39
2026-04-20 04:13:00,2.43,26435.79,2.44,26582.02,2.46,26763.91
2026-04-20 04:14:00,2.46,26730.52,2.49,27165.08,2.46,26788.9
2026-04-20 04:15:00,2.49,27114.77,2.46,26775.28,2.44,26557.85
2026-04-20 04:16:00,2.48,26981.03,2.47,26952.02,2.43,26446.33
2026-04-20 04:17:00,2.47,26858.38,2.49,27195.08,2.46,26767.7
2026-04-20 04:18:00,2.45,26658.65,2.47,26968.96,2.48,27037.37
2026-04-20 04:19:00,2.46,26751.05,2.46,26809.76,2.46,26746.92
2026-04-20 04:20:00,2.44,26513.14,2.48,27080.4,2.43,26372.92
2026-04-20 04:21:00,2.47,26872.26,2.45,26608.74,2.48,26997.67
2026-04-20 04:22:00,2.44,26531.92,2.49,27152.88,2.44,26513.11
2026-04-20 04:23:00,2.43,26470.34,2.48,27025.3,2.44,26499.1
2026-04-20 04:24:00,2.46,26830.3,2.46,26825.91,2.42,26299.76
2026-04-20 04:25:00,2.47,26886.55,2.48,26987.82,2.46,26746.19
2026-04-20 04:26:00,2.48,27091.94,2.44,26549.52,2.43,26356.17
2026-04-20 04:27:00,2.49,27177.17,2.44,26539.91,2.46,26734.69
2026-04-20 04:28:00,2.45,26654.66,2.5,27288.78,2.45,26716.68
2026-04-20 04:29:00,2.44,26574.39,2.46,26824.6,2.47,26850.05
2026-04-20 04:30:00,2.44,26500.06,2.45,26636.12,2.44,26535.66
2026-04-20 04:31:00,2.48,27067.57,2.45,26631.03,2.44,26582.55
2026-04-20 04:32:00,2.48,27027.4,2.49,27169.65,2.45,26644.99
2026-04-20 04:33:00,2.44,26505.12,2.5,27226.98,2.46,26724.49
2026-04-20 04:34:00,2.48,26992.19,2.48,27033.27,2.47,26961.48
2026-04-20 04:35:00,2.49,27212.46,2.48,27089.28,2.48,26986.44
2026-04-20 04:36:00,2.49,27159.63,2.45,26628.47,2.42,26321.23
2026-04-20 04:37:00,2.44,26551.82,2.51,27349.27,2.45,26670.94
2026-04-20 04:38:00,2.44,26568.55,2.48,27033.4,2.47,26885.86
2026-04-20 04:39:00,2.45,26659.14,2.47,26947.95,2.48,27010.93
2026-04-20 04:40:00,2.46,26825.65,2.46,26819.5,2.44,26549.75
2026-04-20 04:41:00,2.48,27093.75,2.46,26743.74,2.44,26593.13
2026-04-20 04:42:00,2.45,26666.41,2.51,27405.6,2.44,26498.49
2026-04-20 04:43:00,2.47,26932.93,2.47,26891.38,2.46,26800.62
2026-04-20 04:44:00,2.44,26526.58,2.45,26655.68,2.48,27093.12
2026-04-20 04:45:00,2.44,26513.25,2.46,26748.64,2.48,26974.89
2026-04-20 04:46:00,2.44,26526.55,2.5,27322.99,2.44,26577.59
2026-04-20 04:47:00,2.49,27175.06,2.45,26674.04,2.46,26792.36
2026-04-20 04:48:00,2.47,26905.49,2.47,26931.09,2.47,26868.3
2026-04-20 04:49:00,2.46,26804.48,2.48,26992.75,2.46,26729.86
2026-04-20 04:50:00,2.47,26867.01,2.47,26922.02,2.46,26837.6
2026-04-20 04:51:00,2.46,26727.0,2.46,26841.65,2.43,26470.39
2026-04-20 04:52:00,2.47,26863.55,2.46,26724.63,2.48,27018.28
2026-04-20 04:53:00,2.46,26822.37,2.5,27338.62,2.46,26751.2
2026-04-20 04:54:00,2.46,26729.96,2.45,26691.52,2.48,27008.52
2026-04-20 04:55:00,2.48,27088.99,2.48,27025.31,2.47,26851.45
2026-04-20 04:56:00,2.45,26694.2,2.46,26845.88,2.49,27155.82
2026-04-20 04:57:00,2.49,27172.77,2.51,27392.6,2.45,26650.05
2026-04-20 04:58:00,2.47,26907.91,2.51,27455.02,2.47,26893.95
2026-04-20 04:59:00,2.5,27248.22,2.48,27069.39,2.45,26653.52
2026-04-20 05:00:00,2.5,27230.67,2.48,27004.13,2.47,26901.51
2026-04-20 05:01:00,2.5,27322.17,2.51,27462.89,2.47,26927.58
2026-04-20 05:02:00,2.47,26940.63,2.5,27220.92,2.48,27062.09
2026-04-20 05:03:00,2.51,27386.04,2.51,27447.32,2.48,26998.85
2026-04-20 05:04:00,2.46,26827.29,2.51,27456.48,2.48,26983.27
2026-04-20 05:05:00,2.47,26881.57,2.45,26688.45,2.45,26636.88
2026-04-20 05:06:00,2.5,27282.13,2.5,27307.72,2.44,26504.9
2026-04-20 05:07:00,2.46,26800.57,2.49,27146.41,2.46,26779.73
2026-04-20 05:08:00,2.5,27297.31,2.46,26776.27,2.47,26880.65
2026-04-20 05:09:00,2.45,26614.74,2.51,27391.53,2.49,27198.29
2026-04-20 05:10:00,2.49,27187.94,2.49,27134.16,2.45,26719.01
2026-04-20 05:11:00,2.48,27063.79,2.45,26714.97,2.48,27007.55
2026-04-20 05:12:00,2.49,27186.79,2.5,27337.83,2.47,26924.45
2026-04-20 05:13:00,2.46,26796.46,2.51,27451.0,2.49,27109.86
2026-04-20 05:14:00,2.49,27211.99,2.51,27463.28,2.44,26546.45
2026-04-20 05:15:00,2.49,27154.53,2.47,26886.7,2.44,26516.71
2026-04-20 05:16:00,2.47,26939.18,2.48,27000.7,2.47,26929.22
2026-04-20 05:17:00,2.5,27318.2,2.46,26809.46,2.49,27160.83
2026-04-20 05:18:00,2.48,27076.77,2.46,26776.71,2.45,26702.31
2026-04-20 05:19:00,2.51,27434.03,2.49,27127.41,2.44,26492.41
2026-04-20 05:20:00,2.49,27158.82,2.48,27091.65,2.44,26487.68
2026-04-20 05:21:00,2.49,27185.22,2.51,27378.33,2.48,27012.76
2026-04-20 05:22:00,2.48,27047.0,2.47,26872.25,2.46,26783.72
2026-04-20 05:23:00,2.47,26867.54,2.49,27171.43,2.44,26549.99
2026-04-20 05:24:00,2.5,27290.5,2.52,27523.33,2.45,26678.97
2026-04-20 05:25:00,2.46,26818.97,2.51,27456.67,2.45,26669.59
2026-04-20 05:26:00,2.5,27335.58,2.51,27374.48,2.48,27055.91
2026-04-20 05:27:00,2.47,26894.42,2.49,27215.36,2.47,26905.07
2026-04-20 05:28:00,2.46,26732.39,2.52,27552.78,2.48,27091.51
2026-04-20 05:29:00,2.49,27181.71,2.52,27479.88,2.49,27163.31
2026-04-20 05:30:00,2.48,27036.67,2.52,27515.7,2.47,26913.2
2026-04-20 05:31:00,2.46,26845.8,2.47,26935.25,2.5,27325.06
2026-04-20 05:32:00,2.46,26747.78,2.47,26855.08,2.49,27187.76
2026-04-20 05:33:00,2.46,26793.28,2.51,27424.35,2.46,26791.95
2026-04-20 05:34:00,2.48,26972.87,2.51,27382.0,2.47,26852.6
2026-04-20 05:35:00,2.49,27124.28,2.52,27511.56,2.5,27279.72
2026-04-20 05:36:00,2.48,27011.24,2.48,27073.46,2.47,26880.96
2026-04-20 05:37:00,2.49,27174.54,2.49,27110.85,2.51,27392.41
2026-04-20 05:38:00,2.46,26781.68,2.53,27592.76,2.49,27103.08
2026-04-20 05:39:00,2.48,27080.1,2.53,27606.4,2.48,27044.78
2026-04-20 05:40:00,2.51,27461.92,2.52,27550.34,2.45,26660.84
2026-04-20 05:41:00,2.51,27385.32,2.48,27060.01,2.5,27332.57
2026-04-20 05:42:00,2.48,27049.76,2.5,27293.42,2.45,26715.73
2026-04-20 05:43:00,2.51,27358.25,2.49,27164.15,2.48,26984.09
2026-04-20 05:44:00,2.5,27236.55,2.48,27067.14,2.5,27234.11
2026-04-20 05:45:00,2.51,27421.67,2.53,27671.37,2.44,26572.43
2026-04-20 05:46:00,2.49,27173.16,2.53,27590.81,2.5,27274.95
2026-04-20 05:47:00,2.47,26906.53,2.49,27200.0,2.47,26857.89
2026-04-20 05:48:00,2.51,27365.11,2.46,26823.56,2.45,26670.12
2026-04-20 05:49:00,2.48,27035.81,2.49,27165.75,2.46,26830.88
2026-04-20 05:50:00,2.48,27015.48,2.49,27167.42,2.46,26785.71
2026-04-20 05:51:00,2.49,27177.54,2.53,27602.67,2.45,26650.32
2026-04-20 05:52:00,2.49,27211.79,2.52,27533.31,2.46,26756.07
2026-04-20 05:53:00,2.48,27028.0,2.5,27242.51,2.47,26884.1
2026-04-20 05:54:00,2.49,27114.17,2.51,27394.49,2.47,26905.24
2026-04-20 05:55:00,2.48,27031.87,2.52,27500.02,2.47,26968.31
2026-04-20 05:56:00,2.46,26772.06,2.51,27456.04,2.46,26753.56
2026-04-20 05:57:00,2.48,27053.72,2.49,27213.12,2.49,27108.75
2026-04-20 05:58:00,2.52,27524.35,2.48,27042.95,2.5,27303.77
2026-04-20 05:59:00,2.47,26951.65,2.49,27216.96,2.51,27358.8
2026-04-20 06:00:00,2.5,27323.19,2.52,27519.74,2.5,27335.84
2026-04-20 06:01:00,2.51,27378.36,2.48,27025.84,2.51,27371.28
2026-04-20 06:02:00,2.51,27383.51,2.49,27147.88,2.47,26949.79
2026-04-20 06:03:00,2.48,27022.07,2.48,27066.13,2.46,26756.62
2026-04-20 06:04:00,2.51,27399.78,2.49,27210.35,2.47,26968.68
2026-04-20 06:05:00,2.51,27342.32,2.52,27484.39,2.47,26898.23
2026-04-20 06:06:00,2.5,27286.76,2.53,27635.32,2.47,26890.54
2026-04-20 06:07:00,2.5,27221.51,2.52,27535.54,2.48,27020.34
2026-04-20 06:08:00,2.51,27346.6,2.48,26972.95,2.49,27171.43
2026-04-20 06:09:00,2.52,27571.86,2.51,27454.87,2.49,27148.74
2026-04-20 06:10:00,2.48,26980.15,2.48,26973.53,2.49,27180.07
2026-04-20 06:11:00,2.51,27375.52,2.49,27170.28,2.48,27075.45
2026-04-20 06:12:00,2.49,27201.76,2.48,27028.99,2.49,27139.18
2026-04-20 06:13:00,2.48,27086.24,2.53,27632.11,2.51,27452.67
2026-04-20 06:14:00,2.5,27320.95,2.52,27482.14,2.5,27304.76
2026-04-20 06:15:00,2.51,27354.91,2.52,27532.59,2.48,27091.04
2026-04-20 06:16:00,2.46,26834.25,2.47,26959.59,2.51,27354.8
2026-04-20 06:17:00,2.5,27293.14,2.52,27519.69,2.47,26964.86
2026-04-20 06:18:00,2.52,27531.49,2.49,27172.74,2.47,26898.15
2026-04-20 06:19:00,2.49,27117.75,2.5,27292.6,2.51,27365.1
2026-04-20 06:20:00,2.49,27108.98,2.53,27618.74,2.5,27291.52
2026-04-20 06:21:00,2.49,27191.31,2.48,26971.53,2.48,27037.17
2026-04-20 06:22:00,2.52,27560.83,2.54,27720.05,2.48,26984.91
2026-04-20 06:23:00,2.52,27550.8,2.48,27020.13,2.52,27467.61
2026-04-20 06:24:00,2.5,27248.82,2.52,27523.12,2.5,27338.01
2026-04-20 06:25:00,2.49,27165.35,2.52,27580.57,2.49,27191.31
2026-04-20 06:26:00,2.47,26890.79,2.51,27368.4,2.47,26945.04
2026-04-20 06:27:00,2.47,26944.17,2.53,27651.62,2.45,26698.8
2026-04-20 06:28:00,2.48,27016.6,2.53,27644.83,2.5,27325.53
2026-04-20 06:29:00,2.48,27005.36,2.53,27660.87,2.49,27194.18
2026-04-20 06:30:00,2.49,27179.24,2.48,27075.49,2.49,27110.41
2026-04-20 06:31:00,2.53,27641.79,2.5,27273.8,2.46,26765.86
2026-04-20 06:32:00,2.5,27267.46,2.52,27505.54,2.5,27300.77
2026-04-20 06:33:00,2.49,27168.67,2.49,27149.16,2.48,27000.11
2026-04-20 06:34:00,2.48,26985.79,2.5,27250.58,2.49,27197.6
2026-04-20 06:35:00,2.5,27267.52,2.51,27432.13,2.49,27126.59
2026-04-20 06:36:00,2.5,27276.83,2.5,27297.79,2.49,27100.1
2026-04-20 06:37:00,2.52,27528.26,2.49,27185.19,2.48,27064.44
2026-04-20 06:38:00,2.5,27338.8,2.53,27705.57,2.5,27255.09
2026-04-20 06:39:00,2.47,26902.5,2.51,27352.4,2.52,27494.12
2026-04-20 06:40:00,2.53,27672.23,2.52,27493.86,2.47,26881.8
2026-04-20 06:41:00,2.52,27537.12,2.52,27486.55,2.5,27327.78
2026-04-20 06:42:00,2.53,27606.56,2.49,27190.71,2.46,26811.33
2026-04-20 06:43:00,2.53,27663.62,2.5,27322.85,2.48,27065.21
2026-04-20 06:44:00,2.51,27465.83,2.55,27885.54,2.52,27480.97
2026-04-20 06:45:00,2.53,27606.07,2.51,27414.36,2.5,27321.11
2026-04-20 06:46:00,2.5,27285.34,2.51,27348.51,2.46,26775.23
2026-04-20 06:47:00,2.49,27193.07,2.49,27144.7,2.49,27100.63
2026-04-20 06:48:00,2.49,27207.6,2.5,27223.03,2.51,27390.05
2026-04-20 06:49:00,2.53,27712.61,2.53,27649.16,2.5,27324.59
2026-04-20 06:50:00,2.53,27614.72,2.49,27188.9,2.48,27050.84
2026-04-20 06:51:00,2.47,26967.6,2.53,27600.05,2.5,27294.23
2026-04-20 06:52:00,2.53,27639.79,2.52,27515.45,2.51,27356.74
2026-04-20 06:53:00,2.52,27556.57,2.49,27119.36,2.48,27072.3
2026-04-20 06:54:00,2.52,27532.23,2.53,27711.5,2.51,27342.53
2026-04-20 06:55:00,2.49,27164.51,2.49,27187.32,2.52,27503.23
2026-04-20 06:56:00,2.52,27479.34,2.49,27107.4,2.46,26804.93
2026-04-20 06:57:00,2.53,27699.2,2.53,27688.72,2.52,27499.03
2026-04-20 06:58:00,2.52,27531.12,2.51,27346.13,2.52,27535.43
2026-04-20 06:59:00,2.49,27094.14,2.5,27239.3,2.49,27153.51
2026-04-20 07:00:00,2.49,27176.92,2.54,27815.17,2.5,27245.71
2026-04-20 07:01:00,2.51,27419.55,2.53,27659.36,2.48,27005.97
2026-04-20 07:02:00,2.49,27140.25,2.52,27504.64,2.53,27674.15
2026-04-20 07:03:00,2.5,27269.44,2.55,27861.22,2.51,27347.11
2026-04-20 07:04:00,2.49,27184.28,2.54,27812.18,2.51,27372.05
2026-04-20 07:05:00,2.48,27013.93,2.49,27163.66,2.53,27637.82
2026-04-20 07:06:00,2.52,27476.3,2.55,27929.58,2.48,27043.55
2026-04-20 07:07:00,2.48,27035.61,2.54,27741.01,2.52,27583.01
2026-04-20 07:08:00,2.52,27579.76,2.5,27311.4,2.47,26931.67
2026-04-20 07:09:00,2.48,27028.29,2.53,27623.01,2.47,26872.36
2026-04-20 07:10:00,2.48,27076.85,2.54,27804.04,2.53,27602.59
2026-04-20 07:11:00,2.53,27637.03,2.54,27746.95,2.52,27481.73
2026-04-20 07:12:00,2.53,27701.66,2.5,27239.82,2.5,27290.15
2026-04-20 07:13:00,2.54,27740.55,2.51,27419.3,2.48,26997.63
2026-04-20 07:14:00,2.5,27273.51,2.52,27563.0,2.5,27267.07
2026-04-20 07:15:00,2.49,27135.63,2.52,27580.43,2.47,26958.46
2026-04-20 07:16:00,2.51,27352.09,2.53,27604.01,2.49,27098.1
2026-04-20 07:17:00,2.52,27521.08,2.53,27704.07,2.54,27718.04
2026-04-20 07:18:00,2.53,27703.53,2.54,27741.36,2.52,27552.63
2026-04-20 07:19:00,2.48,27062.22,2.51,27444.68,2.53,27672.83
2026-04-20 07:20:00,2.51,27371.9,2.51,27354.51,2.51,27377.36
2026-04-20 07:21:00,2.51,27399.02,2.54,27729.26,2.5,27261.49
2026-04-20 07:22:00,2.54,27799.94,2.52,27503.04,2.53,27652.83
2026-04-20 07:23:00,2.54,27722.99,2.54,27810.67,2.52,27564.11
2026-04-20 07:24:00,2.49,27148.68,2.54,27787.97,2.48,26987.19
2026-04-20 07:25:00,2.52,27513.54,2.52,27476.58,2.48,27018.0
2026-04-20 07:26:00,2.5,27283.55,2.52,27494.54,2.53,27647.59
2026-04-20 07:27:00,2.5,27270.51,2.55,27847.64,2.47,26899.21
2026-04-20 07:28:00,2.52,27538.49,2.49,27199.9,2.5,27223.05
2026-04-20 07:29:00,2.54,27743.94,2.54,27738.03,2.5,27254.73
2026-04-20 07:30:00,2.52,27485.11,2.55,27920.14,2.47,26953.17
2026-04-20 07:31:00,2.49,27181.64,2.53,27631.51,2.51,27377.29
2026-04-20 07:32:00,2.54,27813.35,2.51,27377.75,2.51,27345.09
2026-04-20 07:33:00,2.49,27131.28,2.51,27374.96,2.47,26956.9
2026-04-20 07:34:00,2.54,27782.72,2.53,27609.92,2.47,26945.12
2026-04-20 07:35:00,2.5,27251.06,2.51,27412.52,2.53,27651.47
2026-04-20 07:36:00,2.52,27476.62,2.55,27869.29,2.5,27298.74
2026-04-20 07:37:00,2.55,27857.99,2.55,27953.06,2.49,27145.68
2026-04-20 07:38:00,2.54,27760.31,2.52,27524.95,2.5,27220.82
2026-04-20 07:39:00,2.54,27731.46,2.56,28007.98,2.52,27498.16
2026-04-20 07:40:00,2.49,27193.01,2.52,27503.76,2.52,27583.35
2026-04-20 07:41:00,2.53,27630.04,2.51,27374.31,2.49,27148.06
2026-04-20 07:42:00,2.54,27791.98,2.54,27835.92,2.5,27282.54
2026-04-20 07:43:00,2.52,27497.47,2.53,27656.91,2.5,27297.32
2026-04-20 07:44:00,2.52,27466.58,2.52,27582.48,2.52,27552.09
2026-04-20 07:45:00,2.53,27607.25,2.54,27807.54,2.52,27551.65
2026-04-20 07:46:00,2.54,27741.67,2.51,27390.3,2.49,27184.16
2026-04-20 07:47:00,2.53,27590.35,2.54,27724.32,2.53,27681.4
2026-04-20 07:48:00,2.54,27740.39,2.55,27845.06,2.53,27681.41
2026-04-20 07:49:00,2.52,27545.49,2.53,27698.38,2.51,27440.48
2026-04-20 07:50:00,2.54,27718.1,2.51,27406.89,2.49,27094.05
2026-04-20 07:51:00,2.55,27940.0,2.52,27560.67,2.49,27150.33
2026-04-20 07:52:00,2.55,27864.85,2.53,27651.61,2.48,27071.21
2026-04-20 07:53:00,2.49,27162.15,2.56,28075.5,2.49,27191.48
2026-04-20 07:54:00,2.55,27844.68,2.56,27965.81,2.52,27497.99
2026-04-20 07:55:00,2.49,27188.55,2.55,27924.41,2.54,27719.41
2026-04-20 07:56:00,2.51,27376.75,2.55,27888.23,2.49,27156.52
2026-04-20 07:57:00,2.51,27356.61,2.56,28030.12,2.54,27722.17
2026-04-20 07:58:00,2.5,27283.15,2.51,27456.15,2.53,27699.45
2026-04-20 07:59:00,2.55,27856.07,2.52,27483.86,2.54,27789.38
2026-04-20 08:00:00,2.49,27160.25,2.54,27782.27,2.53,27659.0
2026-04-20 08:01:00,2.49,27203.36,2.5,27295.5,2.49,27160.21
2026-04-20 08:02:00,2.54,27733.66,2.55,27879.93,2.51,27367.62
2026-04-20 08:03:00,2.56,27983.23,2.52,27497.09,2.49,27196.91
2026-04-20 08:04:00,2.53,27653.74,2.55,27874.44,2.51,27379.31
2026-04-20 08:05:00,2.53,27710.36,2.56,28069.47,2.5,27290.72
2026-04-20 08:06:00,2.51,27410.6,2.52,27537.0,2.51,27455.92
2026-04-20 08:07:00,2.51,27351.48,2.53,27705.24,2.54,27769.76
2026-04-20 08:08:00,2.54,27733.28,2.51,27443.81,2.54,27784.55
2026-04-20 08:09:00,2.55,27876.72,2.54,27753.71,2.54,27778.31
2026-04-20 08:10:00,2.51,27373.33,2.5,27321.95,2.53,27594.51
2026-04-20 08:11:00,2.52,27502.84,2.57,28141.63,2.53,27649.59
2026-04-20 08:12:00,2.51,27414.62,2.55,27949.06,2.5,27299.47
2026-04-20 08:13:00,2.53,27677.25,2.54,27831.66,2.49,27106.48
2026-04-20 08:14:00,2.55,27892.15,2.52,27498.96,2.49,27164.71
2026-04-20 08:15:00,2.53,27605.39,2.54,27837.97,2.51,27410.15
2026-04-20 08:16:00,2.52,27530.7,2.54,27807.48,2.55,27848.94
2026-04-20 08:17:00,2.5,27238.19,2.57,28180.8,2.53,27620.78
2026-04-20 08:18:00,2.52,27485.74,2.56,27994.55,2.5,27256.72
2026-04-20 08:19:00,2.54,27757.23,2.57,28100.98,2.55,27904.06
2026-04-20 08:20:00,2.53,27692.92,2.55,27841.35,2.49,27106.41
2026-04-20 08:21:00,2.55,27884.73,2.54,27764.31,2.5,27282.22
2026-04-20 08:22:00,2.5,27334.0,2.57,28094.18,2.5,27335.57
2026-04-20 08:23:00,2.55,27858.87,2.54,27807.15,2.5,27330.06
2026-04-20 08:24:00,2.51,27380.03,2.52,27481.95,2.49,27185.06
2026-04-20 08:25:00,2.52,27482.33,2.54,27810.89,2.49,27139.05
2026-04-20 08:26:00,2.52,27516.24,2.52,27534.4,2.55,27863.63
2026-04-20 08:27:00,2.54,27826.21,2.51,27384.84,2.51,27405.36
2026-04-20 08:28:00,2.53,27653.99,2.53,27694.19,2.49,27188.52
2026-04-20 08:29:00,2.53,27709.49,2.54,27801.89,2.54,27758.29
2026-04-20 08:30:00,2.54,27752.14,2.53,27605.55,2.56,27969.08
2026-04-20 08:31:00,2.56,28065.66,2.57,28205.13,2.54,27778.38
2026-04-20 08:32:00,2.51,27416.2,2.54,27795.94,2.54,27796.48
2026-04-20 08:33:00,2.5,27324.47,2.53,27608.29,2.54,27751.63
2026-04-20 08:34:00,2.51,27444.44,2.54,27719.73,2.54,27768.83
2026-04-20 08:35:00,2.52,27527.54,2.57,28143.19,2.55,27874.93
2026-04-20 08:36:00,2.57,28113.68,2.58,28218.85,2.52,27513.88
2026-04-20 08:37:00,2.51,27425.38,2.56,28023.95,2.51,27359.94
2026-04-20 08:38:00,2.53,27599.39,2.56,27989.6,2.53,27662.69
2026-04-20 08:39:00,2.5,27320.88,2.58,28238.8,2.52,27529.21
2026-04-20 08:40:00,2.53,27662.21,2.54,27777.02,2.54,27729.23
2026-04-20 08:41:00,2.56,28081.87,2.54,27777.89,2.51,27404.93
2026-04-20 08:42:00,2.55,27960.78,2.57,28131.56,2.54,27786.24
2026-04-20 08:43:00,2.51,27362.29,2.54,27741.78,2.5,27277.05
2026-04-20 08:44:00,2.54,27801.08,2.52,27584.86,2.51,27361.77
2026-04-20 08:45:00,2.54,27803.77,2.53,27619.36,2.5,27229.49
2026-04-20 08:46:00,2.55,27936.39,2.55,27881.05,2.54,27777.63
2026-04-20 08:47:00,2.53,27651.63,2.53,27707.86,2.52,27538.5
2026-04-20 08:48:00,2.52,27541.34,2.57,28180.82,2.55,27903.43
2026-04-20 08:49:00,2.55,27870.85,2.56,28022.49,2.56,27977.36
2026-04-20 08:50:00,2.56,28051.93,2.55,27908.36,2.56,27978.62
2026-04-20 08:51:00,2.55,27885.1,2.54,27755.21,2.55,27906.72
2026-04-20 08:52:00,2.53,27603.65,2.55,27870.56,2.52,27557.58
2026-04-20 08:53:00,2.54,27792.33,2.56,27995.93,2.52,27563.43
2026-04-20 08:54:00,2.51,27415.75,2.56,27975.23,2.52,27562.56
2026-04-20 08:55:00,2.52,27490.17,2.56,28052.45,2.56,28040.06
2026-04-20 08:56:00,2.55,27877.3,2.54,27751.28,2.54,27800.48
2026-04-20 08:57:00,2.52,27564.3,2.54,27739.56,2.54,27835.67
2026-04-20 08:58:00,2.56,28011.5,2.52,27587.97,2.53,27590.58
2026-04-20 08:59:00,2.56,28017.8,2.55,27896.77,2.55,27844.41
2026-04-20 09:00:00,2.51,27397.69,2.56,28006.25,2.51,27394.81
2026-04-20 09:01:00,2.56,28038.26,2.56,27965.47,2.53,27694.86
2026-04-20 09:02:00,2.55,27916.36,2.55,27886.95,2.5,27319.77
2026-04-20 09:03:00,2.54,27797.71,2.53,27602.41,2.53,27626.12
2026-04-20 09:04:00,2.55,27859.11,2.54,27739.1,2.5,27316.87
2026-04-20 09:05:00,2.57,28120.88,2.56,28065.06,2.52,27544.62
2026-04-20 09:06:00,2.54,27717.98,2.58,28323.91,2.52,27527.83
2026-04-20 09:07:00,2.53,27637.11,2.57,28190.57,2.54,27796.96
2026-04-20 09:08:00,2.54,27779.18,2.58,28216.66,2.56,28025.73
2026-04-20 09:09:00,2.57,28178.34,2.56,28013.83,2.53,27690.81
2026-04-20 09:10:00,2.52,27504.27,2.59,28371.47,2.55,27862.14
2026-04-20 09:11:00,2.56,28017.95,2.58,28223.12,2.52,27574.27
2026-04-20 09:12:00,2.54,27719.35,2.55,27849.02,2.55,27945.76
2026-04-20 09:13:00,2.51,27374.9,2.56,27993.0,2.51,27460.24
2026-04-20 09:14:00,2.56,28077.6,2.53,27643.92,2.57,28091.05
2026-04-20 09:15:00,2.55,27911.39,2.59,28411.24,2.55,27848.68
2026-04-20 09:16:00,2.55,27843.1,2.56,28060.9,2.55,27928.9
2026-04-20 09:17:00,2.52,27533.65,2.55,27910.95,2.53,27631.16
2026-04-20 09:18:00,2.57,28179.02,2.53,27622.11,2.54,27745.21
2026-04-20 09:19:00,2.57,28160.61,2.55,27870.4,2.54,27725.17
2026-04-20 09:20:00,2.54,27743.88,2.57,28160.22,2.53,27672.23
2026-04-20 09:21:00,2.52,27586.24,2.59,28440.06,2.52,27545.03
2026-04-20 09:22:00,2.57,28095.59,2.57,28195.43,2.57,28165.82
2026-04-20 09:23:00,2.55,27838.82,2.56,28045.19,2.56,28015.29
2026-04-20 09:24:00,2.52,27508.83,2.54,27821.11,2.54,27755.51
2026-04-20 09:25:00,2.53,27699.24,2.58,28316.09,2.57,28179.01
2026-04-20 09:26:00,2.56,28046.37,2.58,28299.5,2.56,28001.01
2026-04-20 09:27:00,2.54,27810.58,2.57,28126.66,2.56,28040.9
2026-04-20 09:28:00,2.53,27705.48,2.59,28410.51,2.54,27819.2
2026-04-20 09:29:00,2.55,27865.4,2.58,28283.85,2.54,27714.55
2026-04-20 09:30:00,2.55,27922.56,2.54,27762.98,2.5,27338.13
2026-04-20 09:31:00,2.55,27849.93,2.56,28007.88,2.51,27366.41
2026-04-20 09:32:00,2.52,27507.82,2.55,27859.62,2.52,27583.02
2026-04-20 09:33:00,2.55,27876.95,2.55,27890.06,2.51,27372.57
2026-04-20 09:34:00,2.53,27602.83,2.55,27939.66,2.52,27537.91
2026-04-20 09:35:00,2.53,27654.11,2.53,27645.43,2.58,28222.15
2026-04-20 09:36:00,2.52,27492.88,2.53,27679.36,2.56,28016.96
2026-04-20 09:37:00,2.54,27773.61,2.55,27904.98,2.53,27697.26
2026-04-20 09:38:00,2.56,27988.49,2.55,27915.88,2.53,27687.14
2026-04-20 09:39:00,2.56,28022.25,2.54,27820.89,2.56,28049.76
2026-04-20 09:40:00,2.58,28289.92,2.6,28489.56,2.53,27591.22
2026-04-20 09:41:00,2.54,27723.1,2.53,27629.47,2.52,27559.88
2026-04-20 09:42:00,2.55,27922.67,2.57,28121.96,2.54,27786.3
2026-04-20 09:43:00,2.56,28058.65,2.56,28024.8,2.56,27982.48
2026-04-20 09:44:00,2.56,27970.61,2.59,28339.32,2.53,27628.59
2026-04-20 09:45:00,2.55,27957.88,2.55,27855.65,2.54,27808.54
2026-04-20 09:46:00,2.53,27622.02,2.58,28317.15,2.54,27783.89
2026-04-20 09:47:00,2.58,28281.43,2.54,27781.2,2.54,27835.41
2026-04-20 09:48:00,2.56,28009.74,2.55,27863.8,2.56,28023.44
2026-04-20 09:49:00,2.57,28145.06,2.59,28374.9,2.56,28008.14
2026-04-20 09:50:00,2.54,27729.96,2.57,28118.6,2.53,27643.05
2026-04-20 09:51:00,2.56,27962.59,2.56,28085.68,2.55,27896.1
2026-04-20 09:52:00,2.54,27723.02,2.58,28294.19,2.53,27612.28
2026-04-20 09:53:00,2.57,28197.38,2.58,28325.81,2.57,28191.81
2026-04-20 09:54:00,2.53,27613.07,2.55,27892.77,2.52,27576.33
2026-04-20 09:55:00,2.53,27613.56,2.58,28316.31,2.58,28248.79
2026-04-20 09:56:00,2.55,27900.52,2.59,28343.46,2.53,27663.28
2026-04-20 09:57:00,2.53,27598.58,2.6,28482.0,2.52,27482.9
2026-04-20 09:58:00,2.57,28104.1,2.56,28026.3,2.53,27658.45
2026-04-20 09:59:00,2.53,27660.33,2.55,27854.53,2.52,27559.73
2026-04-20 10:00:00,2.58,28273.97,2.55,27880.3,2.55,27955.16
2026-04-20 10:01:00,2.54,27760.88,2.59,28435.69,2.58,28290.28
2026-04-20 10:02:00,2.53,27610.55,2.59,28357.08,2.52,27484.76
2026-04-20 10:03:00,2.55,27961.44,2.54,27837.77,2.55,27858.92
2026-04-20 10:04:00,2.55,27956.33,2.57,28139.14,2.53,27622.64
2026-04-20 10:05:00,2.54,27720.0,2.59,28386.5,2.58,28241.66
2026-04-20 10:06:00,2.58,28310.29,2.6,28574.49,2.55,27958.59
2026-04-20 10:07:00,2.56,28054.3,2.57,28133.19,2.52,27570.94
2026-04-20 10:08:00,2.54,27834.76,2.54,27798.47,2.57,28103.87
2026-04-20 10:09:00,2.57,28158.29,2.6,28580.6,2.56,27981.52
2026-04-20 10:10:00,2.55,27960.54,2.55,27899.11,2.53,27607.75
2026-04-20 10:11:00,2.58,28325.21,2.59,28385.97,2.55,27933.84
2026-04-20 10:12:00,2.56,28078.76,2.59,28341.45,2.58,28215.38
2026-04-20 10:13:00,2.59,28417.84,2.57,28180.07,2.57,28111.55
2026-04-20 10:14:00,2.56,27992.4,2.6,28542.22,2.59,28354.07
2026-04-20 10:15:00,2.54,27778.98,2.61,28663.48,2.56,28061.88
2026-04-20 10:16:00,2.59,28447.44,2.55,27880.18,2.52,27580.25
2026-04-20 10:17:00,2.58,28250.51,2.56,28085.14,2.54,27831.15
2026-04-20 10:18:00,2.58,28265.56,2.59,28335.69,2.53,27659.23
2026-04-20 10:19:00,2.6,28519.6,2.58,28322.12,2.57,28104.66
2026-04-20 10:20:00,2.53,27624.44,2.56,27990.94,2.54,27772.36
2026-04-20 10:21:00,2.56,28023.74,2.59,28370.72,2.58,28299.27
2026-04-20 10:22:00,2.56,28061.92,2.58,28301.63,2.56,28078.55
2026-04-20 10:23:00,2.6,28506.05,2.6,28499.81,2.54,27822.37
2026-04-20 10:24:00,2.55,27895.33,2.58,28217.39,2.59,28359.58
2026-04-20 10:25:00,2.55,27925.18,2.58,28316.16,2.58,28228.17
2026-04-20 10:26:00,2.56,27969.48,2.57,28173.7,2.53,27596.16
2026-04-20 10:27:00,2.57,28132.3,2.59,28361.87,2.59,28378.5
2026-04-20 10:28:00,2.57,28167.78,2.55,27854.14,2.55,27919.97
2026-04-20 10:29:00,2.57,28171.1,2.6,28557.75,2.53,27627.57
2026-04-20 10:30:00,2.55,27841.67,2.57,28202.31,2.55,27928.74
2026-04-20 10:31:00,2.57,28172.82,2.57,28140.51,2.53,27683.6
2026-04-20 10:32:00,2.6,28502.16,2.58,28299.25,2.54,27750.17
2026-04-20 10:33:00,2.59,28437.18,2.57,28172.72,2.56,27981.65
2026-04-20 10:34:00,2.58,28292.26,2.55,27887.89,2.55,27934.89
2026-04-20 10:35:00,2.54,27812.47,2.59,28381.88,2.58,28236.63
2026-04-20 10:36:00,2.6,28463.4,2.57,28099.47,2.56,28005.62
2026-04-20 10:37:00,2.54,27813.01,2.57,28161.09,2.57,28119.37
2026-04-20 10:38:00,2.59,28375.28,2.54,27824.65,2.59,28341.98
2026-04-20 10:39:00,2.58,28231.67,2.57,28105.43,2.57,28115.55
2026-04-20 10:40:00,2.54,27781.56,2.61,28664.09,2.56,28014.7
2026-04-20 10:41:00,2.55,27850.18,2.56,28046.35,2.57,28153.38
2026-04-20 10:42:00,2.56,28009.84,2.55,27920.13,2.57,28122.36
2026-04-20 10:43:00,2.61,28593.79,2.61,28600.4,2.57,28145.8
2026-04-20 10:44:00,2.56,28050.0,2.57,28145.47,2.53,27699.7
2026-04-20 10:45:00,2.56,27981.29,2.58,28328.73,2.59,28346.22
2026-04-20 10:46:00,2.57,28100.77,2.58,28239.84,2.58,28304.5
2026-04-20 10:47:00,2.58,28300.19,2.57,28118.21,2.53,27634.63
2026-04-20 10:48:00,2.59,28368.34,2.6,28578.6,2.59,28414.39
2026-04-20 10:49:00,2.58,28260.21,2.59,28391.01,2.58,28275.02
2026-04-20 10:50:00,2.56,27974.45,2.59,28379.74,2.53,27698.37
2026-04-20 10:51:00,2.55,27917.47,2.57,28113.46,2.55,27854.59
2026-04-20 10:52:00,2.57,28191.1,2.57,28188.79,2.55,27937.28
2026-04-20 10:53:00,2.59,28419.82,2.58,28321.53,2.54,27743.76
2026-04-20 10:54:00,2.55,27928.83,2.59,28438.61,2.58,28307.7
2026-04-20 10:55:00,2.59,28359.21,2.59,28383.37,2.54,27830.82
2026-04-20 10:56:00,2.6,28517.87,2.6,28543.59,2.57,28180.43
2026-04-20 10:57:00,2.55,27942.3,2.61,28673.6,2.56,28013.2
2026-04-20 10:58:00,2.56,27980.25,2.58,28300.12,2.54,27786.61
2026-04-20 10:59:00,2.6,28521.29,2.58,28267.28,2.57,28206.48
2026-04-20 11:00:00,2.55,27891.55,2.61,28660.17,2.57,28134.21
2026-04-20 11:01:00,2.61,28625.81,2.59,28412.06,2.54,27791.9
2026-04-20 11:02:00,2.6,28554.68,2.61,28648.77,2.57,28162.38
2026-04-20 11:03:00,2.57,28150.63,2.57,28181.98,2.55,27886.86
2026-04-20 11:04:00,2.59,28383.6,2.58,28264.57,2.59,28376.78
2026-04-20 11:05:00,2.57,28125.36,2.61,28657.27,2.54,27821.87
2026-04-20 11:06:00,2.57,28134.11,2.61,28593.28,2.56,28016.88
2026-04-20 11:07:00,2.55,27848.28,2.61,28587.96,2.55,27852.84
2026-04-20 11:08:00,2.57,28167.33,2.59,28453.24,2.57,28097.73
2026-04-20 11:09:00,2.6,28471.09,2.61,28644.86,2.55,27848.02
2026-04-20 11:10:00,2.59,28446.71,2.62,28711.98,2.58,28275.55
2026-04-20 11:11:00,2.61,28610.91,2.61,28620.53,2.56,28032.23
2026-04-20 11:12:00,2.57,28091.7,2.6,28536.97,2.57,28115.63
2026-04-20 11:13:00,2.58,28324.41,2.63,28863.01,2.54,27761.61
2026-04-20 11:14:00,2.6,28555.22,2.59,28425.87,2.57,28099.08
2026-04-20 11:15:00,2.55,27871.45,2.62,28775.82,2.57,28172.83
2026-04-20 11:16:00,2.56,27997.93,2.62,28794.17,2.55,27911.08
2026-04-20 11:17:00,2.57,28137.85,2.59,28435.23,2.57,28101.31
2026-04-20 11:18:00,2.59,28389.59,2.61,28675.91,2.57,28180.47
2026-04-20 11:19:00,2.57,28169.81,2.56,28003.79,2.56,28002.37
2026-04-20 11:20:00,2.55,27882.13,2.59,28393.49,2.57,28134.12
2026-04-20 11:21:00,2.56,28005.92,2.58,28296.77,2.54,27785.21
2026-04-20 11:22:00,2.59,28400.87,2.57,28172.54,2.57,28115.19
2026-04-20 11:23:00,2.59,28401.02,2.62,28717.05,2.56,28022.33
2026-04-20 11:24:00,2.56,27962.49,2.58,28247.3,2.58,28263.4
2026-04-20 11:25:00,2.58,28330.53,2.59,28363.53,2.59,28419.56
2026-04-20 11:26:00,2.59,28384.62,2.62,28786.51,2.59,28410.0
2026-04-20 11:27:00,2.6,28563.47,2.62,28769.37,2.59,28444.15
2026-04-20 11:28:00,2.6,28526.19,2.61,28641.09,2.57,28196.21
2026-04-20 11:29:00,2.57,28126.94,2.58,28271.69,2.61,28586.16
2026-04-20 11:30:00,2.57,28185.49,2.59,28447.46,2.61,28612.18
2026-04-20 11:31:00,2.55,27908.85,2.59,28424.47,2.57,28138.83
2026-04-20 11:32:00,2.56,27972.27,2.61,28615.95,2.56,27977.28
2026-04-20 11:33:00,2.56,27998.27,2.61,28613.88,2.6,28577.06
2026-04-20 11:34:00,2.59,28447.04,2.62,28763.06,2.55,27912.46
2026-04-20 11:35:00,2.61,28669.91,2.58,28307.59,2.59,28434.11
2026-04-20 11:36:00,2.61,28624.67,2.57,28098.53,2.56,28030.99
2026-04-20 11:37:00,2.58,28265.65,2.62,28708.59,2.56,27966.25
2026-04-20 11:38:00,2.57,28119.82,2.58,28288.42,2.61,28601.42
2026-04-20 11:39:00,2.6,28540.64,2.59,28357.33,2.6,28466.61
2026-04-20 11:40:00,2.56,28007.36,2.59,28385.2,2.55,27869.82
2026-04-20 11:41:00,2.56,27986.16,2.58,28301.71,2.57,28188.15
2026-04-20 11:42:00,2.58,28255.6,2.62,28795.0,2.58,28224.21
2026-04-20 11:43:00,2.6,28529.96,2.63,28856.65,2.56,28077.87
2026-04-20 11:44:00,2.57,28134.76,2.63,28903.55,2.56,27964.16
2026-04-20 11:45:00,2.61,28591.37,2.63,28945.92,2.56,27963.85
2026-04-20 11:46:00,2.6,28464.41,2.61,28672.35,2.57,28127.06
2026-04-20 11:47:00,2.61,28663.95,2.57,28173.85,2.57,28142.67
2026-04-20 11:48:00,2.6,28474.38,2.6,28551.81,2.6,28515.06
2026-04-20 11:49:00,2.57,28195.74,2.58,28310.73,2.59,28449.9
2026-04-20 11:50:00,2.58,28232.57,2.6,28473.93,2.57,28133.48
2026-04-20 11:51:00,2.61,28634.0,2.62,28797.47,2.58,28277.88
2026-04-20 11:52:00,2.6,28535.24,2.61,28626.47,2.58,28216.65
2026-04-20 11:53:00,2.57,28089.02,2.58,28212.0,2.56,27994.45
2026-04-20 11:54:00,2.57,28140.32,2.61,28587.32,2.56,28085.32
2026-04-20 11:55:00,2.58,28333.79,2.61,28690.96,2.59,28337.37
2026-04-20 11:56:00,2.61,28684.0,2.61,28602.34,2.57,28203.63
2026-04-20 11:57:00,2.59,28388.38,2.6,28570.76,2.61,28604.9
2026-04-20 11:58:00,2.59,28453.44,2.59,28379.13,2.56,27981.72
2026-04-20 11:59:00,2.62,28782.03,2.63,28842.17,2.56,28007.12
2026-04-20 12:00:00,2.58,28316.76,2.63,28832.74,2.57,28112.42
2026-04-20 12:01:00,2.57,28089.11,2.58,28228.56,2.6,28524.95
2026-04-20 12:02:00,2.6,28545.82,2.6,28514.89,2.6,28542.14
2026-04-20 12:03:00,2.63,28877.14,2.63,28848.63,2.56,28074.32
2026-04-20 12:04:00,2.58,28310.65,2.6,28542.62,2.58,28250.64
2026-04-20 12:05:00,2.58,28271.7,2.6,28553.67,2.56,27963.5
2026-04-20 12:06:00,2.59,28396.34,2.61,28664.6,2.59,28343.99
2026-04-20 12:07:00,2.63,28859.05,2.62,28744.75,2.59,28353.65
2026-04-20 12:08:00,2.57,28104.39,2.64,28961.85,2.6,28495.06
2026-04-20 12:09:00,2.62,28708.93,2.6,28470.61,2.58,28228.93
2026-04-20 12:10:00,2.59,28414.34,2.58,28214.43,2.6,28499.58
2026-04-20 12:11:00,2.62,28825.87,2.63,28920.29,2.57,28131.5
2026-04-20 12:12:00,2.61,28638.85,2.6,28571.9,2.57,28179.82
2026-04-20 12:13:00,2.57,28139.9,2.62,28785.56,2.61,28626.73
2026-04-20 12:14:00,2.59,28365.29,2.64,28988.8,2.57,28154.88
2026-04-20 12:15:00,2.58,28301.3,2.58,28289.76,2.56,27980.83
2026-04-20 12:16:00,2.62,28816.41,2.6,28554.74,2.59,28442.59
2026-04-20 12:17:00,2.58,28252.23,2.58,28266.74,2.58,28311.4
2026-04-20 12:18:00,2.6,28498.56,2.64,29067.76,2.62,28711.79
2026-04-20 12:19:00,2.62,28763.46,2.58,28296.53,2.58,28280.9
2026-04-20 12:20:00,2.58,28250.13,2.62,28819.61,2.62,28778.24
2026-04-20 12:21:00,2.59,28398.88,2.58,28250.01,2.59,28455.77
2026-04-20 12:22:00,2.61,28638.44,2.63,28889.31,2.57,28182.51
2026-04-20 12:23:00,2.61,28650.63,2.65,29102.01,2.61,28651.12
2026-04-20 12:24:00,2.59,28364.64,2.58,28218.08,2.62,28719.97
2026-04-20 12:25:00,2.59,28438.43,2.64,29067.81,2.6,28461.02
2026-04-20 12:26:00,2.61,28604.06,2.61,28654.13,2.57,28152.77
2026-04-20 12:27:00,2.61,28697.64,2.59,28389.62,2.58,28285.35
2026-04-20 12:28:00,2.6,28520.59,2.6,28479.41,2.58,28277.88
2026-04-20 12:29:00,2.61,28674.91,2.6,28562.32,2.59,28347.67
2026-04-20 12:30:00,2.61,28590.25,2.6,28495.71,2.58,28234.11
2026-04-20 12:31:00,2.61,28593.49,2.65,29093.3,2.6,28524.68
2026-04-20 12:32:00,2.58,28211.43,2.59,28338.57,2.58,28316.66
2026-04-20 12:33:00,2.62,28770.55,2.61,28649.45,2.59,28359.34
2026-04-20 12:34:00,2.62,28732.49,2.63,28909.51,2.62,28727.77
2026-04-20 12:35:00,2.63,28878.04,2.58,28273.14,2.59,28432.07
2026-04-20 12:36:00,2.63,28928.9,2.62,28752.35,2.62,28765.17
2026-04-20 12:37:00,2.58,28291.43,2.59,28361.58,2.6,28541.03
2026-04-20 12:38:00,2.58,28245.72,2.59,28355.93,2.62,28751.32
2026-04-20 12:39:00,2.6,28533.96,2.59,28407.88,2.6,28499.31
2026-04-20 12:40:00,2.62,28786.43,2.65,29120.01,2.57,28090.82
2026-04-20 12:41:00,2.62,28711.89,2.65,29101.67,2.6,28533.29
2026-04-20 12:42:00,2.58,28313.87,2.63,28869.96,2.61,28683.85
2026-04-20 12:43:00,2.62,28758.25,2.65,29140.15,2.62,28770.13
2026-04-20 12:44:00,2.58,28271.32,2.59,28359.19,2.62,28765.01
2026-04-20 12:45:00,2.59,28402.44,2.58,28333.8,2.62,28810.17
2026-04-20 12:46:00,2.63,28837.07,2.62,28798.2,2.57,28153.99
2026-04-20 12:47:00,2.58,28263.86,2.6,28543.87,2.56,28085.47
2026-04-20 12:48:00,2.6,28565.62,2.63,28874.67,2.57,28195.62
2026-04-20 12:49:00,2.63,28931.14,2.62,28709.86,2.59,28393.1
2026-04-20 12:50:00,2.62,28788.88,2.6,28543.36,2.57,28148.23
2026-04-20 12:51:00,2.64,28995.55,2.62,28754.57,2.59,28438.44
2026-04-20 12:52:00,2.6,28474.84,2.62,28744.7,2.58,28265.09
2026-04-20 12:53:00,2.63,28935.8,2.59,28422.13,2.58,28287.24
2026-04-20 12:54:00,2.62,28711.27,2.63,28842.69,2.63,28889.28
2026-04-20 12:55:00,2.63,28915.65,2.62,28762.48,2.61,28605.57
2026-04-20 12:56:00,2.58,28263.34,2.64,28960.23,2.57,28201.05
2026-04-20 12:57:00,2.61,28642.44,2.59,28361.09,2.58,28288.42
2026-04-20 12:58:00,2.58,28314.67,2.59,28338.87,2.61,28591.58
2026-04-20 12:59:00,2.58,28254.25,2.65,29110.51,2.62,28712.2
2026-04-20 13:00:00,2.63,28906.41,2.65,29098.45,2.63,28844.79
2026-04-20 13:01:00,2.63,28880.04,2.59,28399.42,2.63,28862.06
2026-04-20 13:02:00,2.59,28415.92,2.6,28540.81,2.6,28504.82
2026-04-20 13:03:00,2.61,28701.96,2.63,28871.72,2.57,28209.37
2026-04-20 13:04:00,2.64,29017.99,2.6,28469.88,2.6,28500.54
2026-04-20 13:05:00,2.64,29025.83,2.59,28408.62,2.6,28544.54
2026-04-20 13:06:00,2.61,28621.63,2.6,28514.08,2.6,28460.69
2026-04-20 13:07:00,2.64,29001.25,2.61,28691.27,2.63,28867.7
2026-04-20 13:08:00,2.62,28729.26,2.65,29162.83,2.59,28344.08
2026-04-20 13:09:00,2.59,28371.79,2.63,28911.02,2.61,28601.25
2026-04-20 13:10:00,2.63,28906.26,2.63,28875.13,2.64,28957.33
2026-04-20 13:11:00,2.59,28404.01,2.6,28572.98,2.62,28738.27
2026-04-20 13:12:00,2.64,28979.18,2.59,28413.72,2.58,28299.25
2026-04-20 13:13:00,2.61,28690.51,2.65,29194.92,2.59,28357.62
2026-04-20 13:14:00,2.59,28341.68,2.64,28984.82,2.62,28779.54
2026-04-20 13:15:00,2.63,28836.1,2.59,28447.9,2.62,28763.57
2026-04-20 13:16:00,2.6,28561.07,2.63,28846.3,2.59,28354.94
2026-04-20 13:17:00,2.65,29085.27,2.62,28803.73,2.58,28316.49
2026-04-20 13:18:00,2.6,28516.09,2.65,29145.19,2.58,28210.3
2026-04-20 13:19:00,2.65,29115.47,2.61,28606.13,2.61,28645.08
2026-04-20 13:20:00,2.62,28725.44,2.61,28686.14,2.64,28970.44
2026-04-20 13:21:00,2.62,28728.26,2.66,29312.21,2.62,28783.66
2026-04-20 13:22:00,2.58,28332.49,2.6,28549.31,2.61,28609.08
2026-04-20 13:23:00,2.64,29057.13,2.63,28948.68,2.63,28926.99
2026-04-20 13:24:00,2.59,28455.91,2.64,29039.84,2.63,28953.55
2026-04-20 13:25:00,2.58,28310.83,2.61,28686.07,2.64,29065.27
2026-04-20 13:26:00,2.59,28428.02,2.61,28676.23,2.64,28969.45
2026-04-20 13:27:00,2.62,28781.29,2.65,29122.51,2.63,28910.38
2026-04-20 13:28:00,2.61,28702.05,2.64,28989.27,2.6,28574.34
2026-04-20 13:29:00,2.62,28781.7,2.61,28662.23,2.64,29007.58
2026-04-20 13:30:00,2.63,28878.2,2.65,29168.17,2.64,29052.16
2026-04-20 13:31:00,2.6,28498.24,2.66,29296.58,2.62,28829.42
2026-04-20 13:32:00,2.6,28520.68,2.61,28624.11,2.59,28381.66
2026-04-20 13:33:00,2.61,28689.97,2.63,28894.53,2.64,29040.34
2026-04-20 13:34:00,2.62,28771.14,2.65,29120.69,2.64,29058.34
2026-04-20 13:35:00,2.64,29075.43,2.63,28937.46,2.6,28579.22
2026-04-20 13:36:00,2.61,28676.79,2.62,28740.27,2.6,28550.38
2026-04-20 13:37:00,2.64,29061.0,2.61,28608.07,2.64,29020.49
2026-04-20 13:38:00,2.62,28810.85,2.63,28867.15,2.63,28868.16
2026-04-20 13:39:00,2.61,28606.6,2.64,28956.96,2.62,28822.84
2026-04-20 13:40:00,2.6,28542.65,2.62,28819.43,2.64,29027.37
2026-04-20 13:41:00,2.59,28343.24,2.65,29089.72,2.59,28404.72
2026-04-20 13:42:00,2.63,28874.04,2.65,29183.59,2.58,28226.47
2026-04-20 13:43:00,2.61,28662.99,2.64,29068.61,2.64,28973.54
2026-04-20 13:44:00,2.63,28848.6,2.62,28824.86,2.62,28711.74
2026-04-20 13:45:00,2.63,28912.49,2.62,28763.94,2.63,28914.71
2026-04-20 13:46:00,2.66,29234.32,2.65,29158.7,2.63,28860.14
2026-04-20 13:47:00,2.65,29149.2,2.67,29389.65,2.59,28357.09
2026-04-20 13:48:00,2.59,28436.6,2.66,29293.22,2.58,28325.45
2026-04-20 13:49:00,2.63,28831.64,2.64,29076.77,2.58,28294.82
2026-04-20 13:50:00,2.6,28534.42,2.63,28880.81,2.65,29087.75
2026-04-20 13:51:00,2.61,28582.42,2.66,29294.18,2.65,29133.77
2026-04-20 13:52:00,2.6,28553.74,2.67,29354.65,2.62,28714.07
2026-04-20 13:53:00,2.6,28554.42,2.61,28655.64,2.65,29113.91
2026-04-20 13:54:00,2.61,28648.88,2.62,28783.42,2.61,28686.59
2026-04-20 13:55:00,2.62,28725.02,2.61,28626.56,2.64,29043.2
2026-04-20 13:56:00,2.64,29008.82,2.63,28860.18,2.64,29023.24
2026-04-20 13:57:00,2.61,28642.58,2.67,29402.32,2.61,28645.2
2026-04-20 13:58:00,2.61,28685.3,2.62,28806.48,2.64,29020.25
2026-04-20 13:59:00,2.61,28667.52,2.63,28840.9,2.6,28516.52
2026-04-20 14:00:00,2.62,28811.93,2.67,29341.72,2.63,28911.4
2026-04-20 14:01:00,2.6,28530.36,2.66,29247.6,2.6,28570.06
2026-04-20 14:02:00,2.62,28772.71,2.67,29350.74,2.65,29110.17
2026-04-20 14:03:00,2.65,29164.5,2.64,29049.99,2.58,28278.98
2026-04-20 14:04:00,2.63,28910.79,2.64,29033.32,2.59,28407.74
2026-04-20 14:05:00,2.64,28970.42,2.63,28917.71,2.61,28657.56
2026-04-20 14:06:00,2.59,28437.6,2.63,28839.21,2.63,28877.05
2026-04-20 14:07:00,2.65,29107.75,2.63,28892.16,2.61,28627.14
2026-04-20 14:08:00,2.62,28754.96,2.63,28939.55,2.6,28469.24
2026-04-20 14:09:00,2.64,29066.24,2.67,29397.49,2.59,28385.11
2026-04-20 14:10:00,2.65,29177.73,2.65,29117.64,2.65,29089.46
2026-04-20 14:11:00,2.6,28557.39,2.62,28813.54,2.61,28642.91
2026-04-20 14:12:00,2.64,28975.04,2.65,29198.33,2.59,28378.35
2026-04-20 14:13:00,2.63,28922.43,2.64,28961.29,2.62,28817.2
2026-04-20 14:14:00,2.62,28810.53,2.65,29123.55,2.61,28701.74
2026-04-20 14:15:00,2.64,28964.7,2.64,29014.78,2.65,29174.63
2026-04-20 14:16:00,2.61,28598.91,2.61,28626.1,2.63,28928.42
2026-04-20 14:17:00,2.64,29053.57,2.61,28612.9,2.59,28381.07
2026-04-20 14:18:00,2.64,29033.65,2.62,28744.02,2.64,29009.41
2026-04-20 14:19:00,2.65,29119.6,2.63,28876.61,2.6,28536.67
2026-04-20 14:20:00,2.61,28660.41,2.68,29529.31,2.63,28835.61
2026-04-20 14:21:00,2.63,28894.78,2.62,28791.04,2.64,29044.21
2026-04-20 14:22:00,2.61,28585.01,2.66,29235.33,2.62,28823.43
2026-04-20 14:23:00,2.62,28800.82,2.64,29016.38,2.63,28858.0
2026-04-20 14:24:00,2.64,28993.9,2.67,29431.42,2.65,29141.71
2026-04-20 14:25:00,2.64,29012.36,2.67,29348.23,2.64,29038.33
2026-04-20 14:26:00,2.61,28596.93,2.68,29484.62,2.65,29180.43
2026-04-20 14:27:00,2.64,28957.64,2.63,28867.75,2.63,28848.08
2026-04-20 14:28:00,2.66,29203.28,2.64,29019.0,2.6,28551.63
2026-04-20 14:29:00,2.62,28752.59,2.67,29364.52,2.6,28487.87
2026-04-20 14:30:00,2.63,28830.7,2.67,29343.09,2.63,28850.27
2026-04-20 14:31:00,2.61,28666.67,2.68,29520.1,2.59,28408.81
2026-04-20 14:32:00,2.64,29036.77,2.64,28959.66,2.64,29001.44
2026-04-20 14:33:00,2.65,29082.45,2.68,29475.81,2.61,28583.6
2026-04-20 14:34:00,2.66,29272.53,2.64,29050.96,2.6,28484.25
2026-04-20 14:35:00,2.67,29360.59,2.63,28882.19,2.62,28769.38
2026-04-20 14:36:00,2.62,28737.97,2.62,28720.82,2.62,28760.34
2026-04-20 14:37:00,2.65,29105.28,2.64,28981.94,2.63,28898.84
2026-04-20 14:38:00,2.65,29098.44,2.63,28923.99,2.61,28664.34
2026-04-20 14:39:00,2.61,28603.63,2.64,29036.86,2.63,28906.17
2026-04-20 14:40:00,2.66,29318.31,2.63,28916.99,2.62,28798.94
2026-04-20 14:41:00,2.65,29092.07,2.66,29249.81,2.63,28871.48
2026-04-20 14:42:00,2.62,28804.14,2.64,29004.02,2.65,29096.54
2026-04-20 14:43:00,2.67,29448.95,2.66,29202.41,2.62,28728.52
2026-04-20 14:44:00,2.63,28910.02,2.63,28879.15,2.67,29365.76
2026-04-20 14:45:00,2.62,28786.61,2.67,29352.55,2.63,28907.57
2026-04-20 14:46:00,2.67,29379.67,2.66,29205.93,2.66,29319.76
2026-04-20 14:47:00,2.67,29339.37,2.62,28761.41,2.63,28950.21
2026-04-20 14:48:00,2.65,29149.05,2.63,28830.37,2.63,28851.89
2026-04-20 14:49:00,2.63,28942.19,2.69,29590.52,2.66,29295.97
2026-04-20 14:50:00,2.65,29084.96,2.68,29512.2,2.62,28811.31
2026-04-20 14:51:00,2.64,29049.2,2.66,29234.06,2.63,28939.79
2026-04-20 14:52:00,2.65,29089.99,2.68,29471.71,2.62,28771.25
2026-04-20 14:53:00,2.65,29107.96,2.69,29603.68,2.63,28942.64
2026-04-20 14:54:00,2.63,28865.53,2.64,28961.03,2.61,28681.08
2026-04-20 14:55:00,2.68,29493.77,2.62,28808.55,2.62,28764.65
2026-04-20 14:56:00,2.67,29439.53,2.66,29234.68,2.6,28488.91
2026-04-20 14:57:00,2.66,29310.61,2.62,28823.4,2.64,29022.72
2026-04-20 14:58:00,2.65,29136.13,2.65,29159.97,2.63,28937.39
2026-04-20 14:59:00,2.63,28900.17,2.64,29074.37,2.64,29016.43
2026-04-20 15:00:00,2.66,29289.27,2.68,29569.28,2.66,29288.96
2026-04-20 15:01:00,2.62,28806.89,2.63,28888.67,2.63,28876.22
2026-04-20 15:02:00,2.66,29291.34,2.67,29361.97,2.61,28599.75
2026-04-20 15:03:00,2.62,28731.19,2.67,29347.93,2.62,28727.42
2026-04-20 15:04:00,2.68,29473.99,2.66,29249.64,2.67,29407.17
2026-04-20 15:05:00,2.68,29453.31,2.65,29126.07,2.65,29140.89
2026-04-20 15:06:00,2.65,29091.09,2.63,28852.05,2.62,28706.45
2026-04-20 15:07:00,2.64,28956.99,2.64,28975.1,2.61,28689.56
2026-04-20 15:08:00,2.67,29408.59,2.67,29356.43,2.61,28600.34
2026-04-20 15:09:00,2.67,29366.83,2.63,28930.34,2.66,29300.53
2026-04-20 15:10:00,2.62,28782.5,2.68,29502.28,2.63,28936.36
2026-04-20 15:11:00,2.64,29008.23,2.69,29676.04,2.63,28946.5
2026-04-20 15:12:00,2.62,28785.61,2.64,29076.75,2.61,28687.95
2026-04-20 15:13:00,2.63,28863.25,2.65,29091.45,2.64,29069.86
2026-04-20 15:14:00,2.66,29280.34,2.68,29450.03,2.67,29418.6
2026-04-20 15:15:00,2.67,29355.34,2.67,29395.87,2.64,28981.16
2026-04-20 15:16:00,2.66,29245.18,2.65,29106.97,2.66,29325.25
2026-04-20 15:17:00,2.68,29492.27,2.63,28874.38,2.67,29355.82
2026-04-20 15:18:00,2.66,29262.6,2.69,29600.27,2.63,28861.79
2026-04-20 15:19:00,2.67,29342.65,2.66,29296.41,2.62,28806.9
2026-04-20 15:20:00,2.66,29235.42,2.63,28929.76,2.64,29055.45
2026-04-20 15:21:00,2.68,29485.78,2.67,29362.36,2.64,29002.35
2026-04-20 15:22:00,2.65,29119.13,2.65,29145.55,2.67,29405.68
2026-04-20 15:23:00,2.63,28915.42,2.65,29198.76,2.65,29129.04
2026-04-20 15:24:00,2.65,29191.26,2.63,28897.61,2.66,29241.8
2026-04-20 15:25:00,2.62,28825.41,2.69,29633.79,2.63,28936.56
2026-04-20 15:26:00,2.64,29041.83,2.63,28907.66,2.67,29326.61
2026-04-20 15:27:00,2.65,29179.71,2.67,29330.35,2.62,28727.77
2026-04-20 15:28:00,2.68,29515.5,2.65,29106.92,2.65,29201.99
2026-04-20 15:29:00,2.67,29375.17,2.68,29571.29,2.61,28593.97
2026-04-20 15:30:00,2.65,29108.81,2.64,28971.16,2.62,28723.82
2026-04-20 15:31:00,2.63,28898.11,2.67,29340.54,2.62,28791.25
2026-04-20 15:32:00,2.64,28981.8,2.7,29724.45,2.64,28989.42
2026-04-20 15:33:00,2.64,29029.48,2.69,29618.05,2.66,29250.1
2026-04-20 15:34:00,2.65,29186.42,2.68,29539.06,2.61,28679.23
2026-04-20 15:35:00,2.69,29654.62,2.66,29294.19,2.65,29149.04
2026-04-20 15:36:00,2.65,29093.83,2.66,29323.35,2.68,29516.7
2026-04-20 15:37:00,2.64,29076.96,2.64,28988.98,2.66,29319.3
2026-04-20 15:38:00,2.63,28930.96,2.67,29338.23,2.64,29029.14
2026-04-20 15:39:00,2.69,29635.92,2.65,29108.19,2.67,29328.73
2026-04-20 15:40:00,2.69,29649.39,2.69,29610.89,2.68,29490.22
2026-04-20 15:41:00,2.67,29380.32,2.66,29295.3,2.67,29388.36
2026-04-20 15:42:00,2.67,29391.47,2.65,29118.13,2.65,29140.67
2026-04-20 15:43:00,2.66,29271.35,2.64,28962.63,2.63,28872.93
2026-04-20 15:44:00,2.68,29512.71,2.69,29598.33,2.62,28776.72
2026-04-20 15:45:00,2.63,28839.31,2.67,29353.76,2.65,29175.02
2026-04-20 15:46:00,2.66,29260.48,2.64,29039.3,2.65,29162.99
2026-04-20 15:47:00,2.67,29385.08,2.67,29363.97,2.64,29049.65
2026-04-20 15:48:00,2.67,29335.15,2.66,29322.92,2.64,29038.17
2026-04-20 15:49:00,2.66,29239.52,2.67,29412.34,2.65,29152.68
2026-04-20 15:50:00,2.66,29242.5,2.66,29302.05,2.63,28874.64
2026-04-20 15:51:00,2.69,29618.91,2.68,29526.66,2.66,29262.26
2026-04-20 15:52:00,2.63,28912.33,2.7,29781.14,2.67,29328.21
2026-04-20 15:53:00,2.69,29637.0,2.69,29668.06,2.62,28786.12
2026-04-20 15:54:00,2.67,29346.14,2.69,29598.59,2.65,29170.1
2026-04-20 15:55:00,2.66,29236.2,2.71,29854.74,2.64,29010.56
2026-04-20 15:56:00,2.67,29362.63,2.67,29330.61,2.66,29309.93
2026-04-20 15:57:00,2.65,29151.82,2.64,28974.27,2.69,29628.96
2026-04-20 15:58:00,2.68,29486.33,2.65,29138.4,2.63,28908.38
2026-04-20 15:59:00,2.67,29441.16,2.66,29253.99,2.64,28956.79
2026-04-20 16:00:00,2.67,29435.58,2.67,29358.45,2.65,29145.74
2026-04-20 16:01:00,2.65,29167.98,2.65,29123.48,2.66,29239.37
2026-04-20 16:02:00,2.64,29073.86,2.7,29719.0,2.66,29296.59
2026-04-20 16:03:00,2.64,28996.93,2.66,29262.31,2.68,29523.2
2026-04-20 16:04:00,2.63,28852.41,2.69,29594.32,2.68,29506.47
2026-04-20 16:05:00,2.66,29325.22,2.67,29365.55,2.68,29453.2
2026-04-20 16:06:00,2.64,29038.64,2.64,29070.81,2.66,29280.06
2026-04-20 16:07:00,2.64,29067.86,2.65,29163.38,2.67,29405.12
2026-04-20 16:08:00,2.66,29210.48,2.66,29272.88,2.62,28813.23
2026-04-20 16:09:00,2.67,29362.22,2.66,29220.82,2.64,28999.17
2026-04-20 16:10:00,2.66,29239.86,2.69,29594.61,2.66,29227.55
2026-04-20 16:11:00,2.65,29086.17,2.68,29492.57,2.64,28957.34
2026-04-20 16:12:00,2.66,29316.35,2.66,29290.37,2.65,29103.14
2026-04-20 16:13:00,2.65,29149.48,2.68,29546.8,2.66,29243.09
2026-04-20 16:14:00,2.7,29731.6,2.66,29250.53,2.66,29279.83
2026-04-20 16:15:00,2.64,28956.15,2.67,29392.92,2.67,29391.36
2026-04-20 16:16:00,2.67,29397.03,2.71,29933.42,2.66,29314.16
2026-04-20 16:17:00,2.67,29362.76,2.71,29881.05,2.62,28779.15
2026-04-20 16:18:00,2.68,29536.88,2.66,29290.44,2.64,29000.98
2026-04-20 16:19:00,2.64,28997.89,2.69,29582.06,2.63,28872.37
2026-04-20 16:20:00,2.65,29096.36,2.69,29619.1,2.63,28838.35
2026-04-20 16:21:00,2.7,29784.31,2.7,29778.33,2.63,28883.46
2026-04-20 16:22:00,2.67,29414.41,2.69,29685.54,2.63,28917.13
2026-04-20 16:23:00,2.65,29114.16,2.65,29096.76,2.65,29078.04
2026-04-20 16:24:00,2.67,29387.85,2.65,29098.77,2.69,29666.61
2026-04-20 16:25:00,2.69,29659.49,2.65,29198.47,2.65,29169.31
2026-04-20 16:26:00,2.67,29438.87,2.69,29594.84,2.63,28950.67
2026-04-20 16:27:00,2.65,29193.51,2.69,29690.28,2.67,29374.47
2026-04-20 16:28:00,2.69,29687.84,2.66,29247.91,2.69,29654.18
2026-04-20 16:29:00,2.69,29619.31,2.68,29503.35,2.63,28932.08
2026-04-20 16:30:00,2.7,29715.65,2.68,29493.79,2.65,29183.33
2026-04-20 16:31:00,2.68,29466.09,2.72,29960.68,2.66,29224.33
2026-04-20 16:32:00,2.7,29740.64,2.65,29086.37,2.68,29458.99
2026-04-20 16:33:00,2.65,29114.66,2.7,29783.45,2.68,29537.41
2026-04-20 16:34:00,2.68,29530.62,2.68,29490.03,2.63,28911.8
2026-04-20 16:35:00,2.67,29337.24,2.7,29747.02,2.64,28998.2
2026-04-20 16:36:00,2.65,29180.49,2.65,29092.0,2.64,29054.54
2026-04-20 16:37:00,2.64,28989.87,2.69,29627.13,2.64,29055.31
2026-04-20 16:38:00,2.69,29688.8,2.65,29116.01,2.66,29247.9
2026-04-20 16:39:00,2.66,29293.21,2.69,29629.36,2.64,29016.41
2026-04-20 16:40:00,2.65,29117.48,2.72,30017.28,2.69,29586.32
2026-04-20 16:41:00,2.68,29543.45,2.71,29909.86,2.63,28946.51
2026-04-20 16:42:00,2.66,29255.71,2.65,29151.6,2.7,29718.0
2026-04-20 16:43:00,2.67,29425.35,2.66,29206.7,2.66,29277.11
2026-04-20 16:44:00,2.65,29144.78,2.67,29419.9,2.63,28922.81
2026-04-20 16:45:00,2.69,29611.68,2.72,29965.7,2.68,29502.46
2026-04-20 16:46:00,2.68,29568.76,2.65,29120.61,2.66,29317.67
2026-04-20 16:47:00,2.68,29477.17,2.66,29285.9,2.68,29497.82
2026-04-20 16:48:00,2.67,29439.44,2.72,29978.7,2.67,29360.6
2026-04-20 16:49:00,2.65,29151.29,2.71,29901.74,2.66,29309.68
2026-04-20 16:50:00,2.64,29018.96,2.72,29966.05,2.68,29511.48
2026-04-20 16:51:00,2.65,29131.69,2.67,29349.01,2.69,29660.87
2026-04-20 16:52:00,2.69,29635.47,2.68,29529.35,2.67,29400.53
2026-04-20 16:53:00,2.68,29509.61,2.67,29346.61,2.66,29228.41
2026-04-20 16:54:00,2.71,29861.81,2.7,29761.28,2.66,29315.85
2026-04-20 16:55:00,2.68,29492.93,2.69,29588.96,2.66,29247.49
2026-04-20 16:56:00,2.67,29420.58,2.72,29952.78,2.68,29526.59
2026-04-20 16:57:00,2.69,29628.86,2.72,30036.42,2.69,29665.54
2026-04-20 16:58:00,2.71,29826.46,2.67,29430.74,2.65,29079.1
2026-04-20 16:59:00,2.66,29265.7,2.71,29863.08,2.66,29235.6
2026-04-20 17:00:00,2.69,29632.52,2.67,29437.09,2.64,28960.91
2026-04-20 17:01:00,2.66,29275.08,2.66,29202.21,2.69,29645.77
2026-04-20 17:02:00,2.69,29617.78,2.68,29545.72,2.66,29212.62
2026-04-20 17:03:00,2.67,29370.34,2.69,29666.27,2.66,29284.22
2026-04-20 17:04:00,2.68,29501.64,2.66,29247.57,2.68,29455.16
2026-04-20 17:05:00,2.65,29160.18,2.69,29619.61,2.7,29735.39
2026-04-20 17:06:00,2.7,29707.04,2.73,30092.8,2.7,29770.46
2026-04-20 17:07:00,2.71,29936.54,2.66,29285.67,2.68,29479.77
2026-04-20 17:08:00,2.71,29908.66,2.72,29978.24,2.68,29470.91
2026-04-20 17:09:00,2.64,29060.57,2.71,29905.83,2.69,29672.8
2026-04-20 17:10:00,2.68,29452.6,2.68,29569.59,2.7,29767.17
2026-04-20 17:11:00,2.71,29824.59,2.66,29325.84,2.64,29065.29
2026-04-20 17:12:00,2.67,29415.84,2.68,29539.75,2.67,29424.27
2026-04-20 17:13:00,2.68,29470.22,2.66,29321.07,2.66,29224.12
2026-04-20 17:14:00,2.66,29255.0,2.66,29296.28,2.71,29869.22
2026-04-20 17:15:00,2.69,29659.0,2.67,29354.14,2.66,29318.86
2026-04-20 17:16:00,2.71,29902.33,2.66,29325.39,2.7,29794.89
2026-04-20 17:17:00,2.71,29904.08,2.69,29677.28,2.65,29100.48
2026-04-20 17:18:00,2.68,29512.26,2.69,29607.26,2.69,29653.23
2026-04-20 17:19:00,2.65,29131.63,2.68,29570.92,2.67,29353.24
2026-04-20 17:20:00,2.66,29222.35,2.67,29381.26,2.7,29799.0
2026-04-20 17:21:00,2.72,30031.99,2.67,29413.58,2.69,29627.29
2026-04-20 17:22:00,2.7,29716.32,2.71,29867.9,2.71,29862.13
2026-04-20 17:23:00,2.72,29959.65,2.68,29466.23,2.7,29731.83
2026-04-20 17:24:00,2.67,29440.47,2.73,30126.45,2.65,29086.6
2026-04-20 17:25:00,2.68,29498.65,2.68,29544.53,2.66,29250.33
2026-04-20 17:26:00,2.66,29314.17,2.72,30059.27,2.66,29253.59
2026-04-20 17:27:00,2.67,29350.43,2.69,29601.06,2.69,29693.16
2026-04-20 17:28:00,2.71,29940.28,2.72,30066.16,2.68,29498.61
2026-04-20 17:29:00,2.68,29542.69,2.69,29599.51,2.71,29865.3
2026-04-20 17:30:00,2.7,29819.12,2.71,29856.49,2.71,29878.59
2026-04-20 17:31:00,2.66,29214.79,2.73,30189.8,2.68,29520.43
2026-04-20 17:32:00,2.71,29940.11,2.72,29997.08,2.69,29660.74
2026-04-20 17:33:00,2.72,29949.38,2.73,30192.11,2.67,29380.87
2026-04-20 17:34:00,2.67,29390.39,2.69,29679.39,2.71,29901.02
2026-04-20 17:35:00,2.71,29863.52,2.71,29934.24,2.66,29250.96
2026-04-20 17:36:00,2.68,29479.98,2.67,29395.2,2.65,29109.55
2026-04-20 17:37:00,2.71,29830.19,2.72,30017.98,2.69,29623.62
2026-04-20 17:38:00,2.67,29328.98,2.68,29523.66,2.7,29797.85
2026-04-20 17:39:00,2.69,29669.39,2.72,30067.63,2.67,29414.84
2026-04-20 17:40:00,2.71,29868.02,2.67,29399.54,2.68,29472.06
2026-04-20 17:41:00,2.68,29566.97,2.68,29558.16,2.66,29295.85
2026-04-20 17:42:00,2.72,30038.92,2.73,30139.3,2.67,29349.2
2026-04-20 17:43:00,2.72,30008.97,2.69,29601.64,2.68,29555.82
2026-04-20 17:44:00,2.71,29861.21,2.73,30091.53,2.71,29847.24
2026-04-20 17:45:00,2.68,29551.48,2.68,29485.43,2.68,29543.4
2026-04-20 17:46:00,2.7,29781.2,2.71,29887.58,2.7,29720.28
2026-04-20 17:47:00,2.7,29785.67,2.73,30108.02,2.68,29494.6
2026-04-20 17:48:00,2.72,29979.51,2.72,29982.84,2.71,29856.11
2026-04-20 17:49:00,2.7,29711.45,2.69,29668.56,2.69,29651.1
2026-04-20 17:50:00,2.68,29511.53,2.73,30082.35,2.69,29662.86
2026-04-20 17:51:00,2.73,30080.06,2.73,30170.56,2.68,29489.7
2026-04-20 17:52:00,2.71,29878.12,2.68,29473.78,2.69,29684.19
2026-04-20 17:53:00,2.67,29364.86,2.7,29730.13,2.68,29486.95
2026-04-20 17:54:00,2.67,29337.63,2.75,30324.46,2.65,29195.08
2026-04-20 17:55:00,2.72,29956.05,2.72,30028.41,2.72,29950.42
2026-04-20 17:56:00,2.7,29769.25,2.7,29789.05,2.69,29595.25
2026-04-20 17:57:00,2.71,29867.99,2.72,30063.1,2.66,29285.45
2026-04-20 17:58:00,2.67,29396.69,2.73,30143.66,2.68,29476.19
2026-04-20 17:59:00,2.73,30177.93,2.74,30200.3,2.67,29443.71
2026-04-20 18:00:00,2.71,29852.94,2.71,29824.62,2.72,30002.11
2026-04-20 18:01:00,2.72,30037.92,2.74,30303.19,2.7,29803.38
2026-04-20 18:02:00,2.67,29386.66,2.73,30122.47,2.67,29380.76
2026-04-20 18:03:00,2.68,29461.74,2.73,30126.9,2.66,29258.03
2026-04-20 18:04:00,2.72,29952.27,2.72,30050.9,2.72,29960.47
2026-04-20 18:05:00,2.72,30037.46,2.68,29515.35,2.71,29864.2
2026-04-20 18:06:00,2.71,29925.73,2.72,29975.64,2.7,29760.25
2026-04-20 18:07:00,2.73,30142.24,2.72,30029.65,2.68,29484.08
2026-04-20 18:08:00,2.69,29623.96,2.71,29835.57,2.71,29868.24
2026-04-20 18:09:00,2.72,30012.13,2.72,30047.14,2.69,29623.35
2026-04-20 18:10:00,2.73,30100.23,2.68,29569.13,2.69,29604.34
2026-04-20 18:11:00,2.68,29482.83,2.73,30144.97,2.69,29669.15
2026-04-20 18:12:00,2.68,29569.9,2.68,29553.87,2.68,29502.09
2026-04-20 18:13:00,2.72,29956.91,2.69,29650.04,2.71,29865.47
2026-04-20 18:14:00,2.71,29869.62,2.74,30261.97,2.68,29572.83
2026-04-20 18:15:00,2.69,29684.77,2.69,29633.5,2.7,29789.79
2026-04-20 18:16:00,2.67,29410.48,2.72,30028.95,2.7,29783.82
2026-04-20 18:17:00,2.69,29693.55,2.74,30259.62,2.68,29556.13
2026-04-20 18:18:00,2.73,30136.43,2.69,29622.21,2.67,29363.6
2026-04-20 18:19:00,2.72,29966.08,2.74,30212.47,2.7,29700.96
2026-04-20 18:20:00,2.7,29814.53,2.68,29546.69,2.67,29399.25
2026-04-20 18:21:00,2.74,30198.26,2.72,30045.41,2.68,29568.93
2026-04-20 18:22:00,2.73,30103.93,2.7,29793.62,2.72,29987.92
2026-04-20 18:23:00,2.69,29578.33,2.72,29979.83,2.68,29509.44
2026-04-20 18:24:00,2.68,29521.06,2.71,29945.6,2.69,29628.24
2026-04-20 18:25:00,2.73,30105.06,2.7,29704.65,2.66,29225.73
2026-04-20 18:26:00,2.71,29891.18,2.69,29665.7,2.66,29240.38
2026-04-20 18:27:00,2.67,29401.56,2.72,30057.2,2.71,29856.71
2026-04-20 18:28:00,2.7,29704.51,2.75,30413.7,2.66,29269.91
2026-04-20 18:29:00,2.71,29937.65,2.74,30258.44,2.7,29797.59
2026-04-20 18:30:00,2.68,29511.48,2.74,30287.82,2.67,29333.18
2026-04-20 18:31:00,2.73,30147.53,2.7,29727.37,2.71,29849.48
2026-04-20 18:32:00,2.74,30235.14,2.73,30108.52,2.67,29369.39
2026-04-20 18:33:00,2.68,29529.61,2.75,30383.79,2.73,30073.07
2026-04-20 18:34:00,2.68,29516.21,2.71,29938.04,2.71,29870.46
2026-04-20 18:35:00,2.68,29532.53,2.69,29697.16,2.72,30022.47
2026-04-20 18:36:00,2.72,30059.88,2.74,30282.46,2.67,29332.77
2026-04-20 18:37:00,2.7,29786.23,2.73,30185.67,2.73,30072.29
2026-04-20 18:38:00,2.7,29742.1,2.73,30147.62,2.67,29365.2
2026-04-20 18:39:00,2.71,29832.04,2.73,30154.8,2.69,29614.81
2026-04-20 18:40:00,2.68,29498.86,2.7,29740.27,2.67,29330.48
2026-04-20 18:41:00,2.68,29479.32,2.7,29808.48,2.66,29282.91
2026-04-20 18:42:00,2.71,29885.28,2.74,30212.82,2.68,29494.46
2026-04-20 18:43:00,2.73,30118.14,2.71,29942.84,2.71,29864.8
2026-04-20 18:44:00,2.7,29704.45,2.69,29674.35,2.67,29413.45
2026-04-20 18:45:00,2.73,30125.46,2.72,29953.18,2.68,29459.81
2026-04-20 18:46:00,2.7,29781.53,2.71,29887.18,2.7,29737.0
2026-04-20 18:47:00,2.74,30218.11,2.75,30428.98,2.7,29745.07
2026-04-20 18:48:00,2.68,29504.14,2.76,30507.88,2.69,29584.42
2026-04-20 18:49:00,2.71,29933.69,2.72,30030.46,2.73,30121.53
2026-04-20 18:50:00,2.72,29999.2,2.73,30185.26,2.7,29799.13
2026-04-20 18:51:00,2.72,30024.38,2.7,29799.37,2.72,30062.99
2026-04-20 18:52:00,2.74,30302.83,2.7,29791.77,2.71,29934.98
2026-04-20 18:53:00,2.71,29895.9,2.71,29848.81,2.72,30003.21
2026-04-20 18:54:00,2.69,29634.87,2.69,29690.56,2.7,29802.02
2026-04-20 18:55:00,2.73,30181.42,2.75,30395.13,2.67,29422.0
2026-04-20 18:56:00,2.74,30306.24,2.69,29582.64,2.67,29390.52
2026-04-20 18:57:00,2.71,29847.42,2.69,29678.64,2.73,30092.23
2026-04-20 18:58:00,2.73,30115.56,2.74,30272.98,2.7,29732.59
2026-04-20 18:59:00,2.68,29554.09,2.69,29642.29,2.69,29617.08
2026-04-20 19:00:00,2.69,29688.41,2.76,30446.33,2.73,30078.77
2026-04-20 19:01:00,2.7,29811.07,2.76,30550.26,2.67,29440.5
2026-04-20 19:02:00,2.71,29830.49,2.7,29719.33,2.7,29711.14
2026-04-20 19:03:00,2.73,30186.54,2.76,30451.44,2.73,30166.28
2026-04-20 19:04:00,2.7,29759.27,2.75,30335.95,2.73,30112.1
2026-04-20 19:05:00,2.68,29500.69,2.73,30132.48,2.72,30004.98
2026-04-20 19:06:00,2.72,30057.56,2.75,30340.2,2.7,29786.81
2026-04-20 19:07:00,2.69,29648.84,2.72,29991.51,2.73,30138.72
2026-04-20 19:08:00,2.73,30081.09,2.75,30344.19,2.7,29710.99
2026-04-20 19:09:00,2.68,29530.37,2.76,30470.42,2.71,29844.15
2026-04-20 19:10:00,2.75,30396.72,2.74,30244.47,2.72,30016.97
2026-04-20 19:11:00,2.75,30374.23,2.69,29696.9,2.69,29585.7
2026-04-20 19:12:00,2.73,30111.9,2.73,30096.33,2.73,30180.12
2026-04-20 19:13:00,2.7,29756.73,2.72,29976.08,2.69,29674.72
2026-04-20 19:14:00,2.7,29772.19,2.74,30276.58,2.74,30230.42
2026-04-20 19:15:00,2.74,30260.88,2.74,30238.63,2.73,30185.75
2026-04-20 19:16:00,2.72,30052.54,2.71,29824.63,2.68,29572.81
2026-04-20 19:17:00,2.73,30167.51,2.72,30056.04,2.72,30014.49
2026-04-20 19:18:00,2.75,30432.12,2.72,30001.22,2.72,30033.4
2026-04-20 19:19:00,2.72,29990.31,2.71,29908.77,2.73,30089.67
2026-04-20 19:20:00,2.71,29937.27,2.73,30086.93,2.68,29536.53
2026-04-20 19:21:00,2.7,29786.88,2.7,29760.37,2.7,29821.65
2026-04-20 19:22:00,2.72,30047.16,2.77,30596.42,2.73,30162.15
2026-04-20 19:23:00,2.69,29581.74,2.76,30552.84,2.74,30230.71
2026-04-20 19:24:00,2.75,30330.62,2.71,29863.05,2.74,30252.5
2026-04-20 19:25:00,2.74,30227.61,2.71,29889.37,2.71,29910.93
2026-04-20 19:26:00,2.74,30265.86,2.74,30233.43,2.7,29703.57
2026-04-20 19:27:00,2.69,29592.75,2.75,30386.36,2.75,30353.92
2026-04-20 19:28:00,2.71,29877.69,2.74,30302.32,2.69,29639.14
2026-04-20 19:29:00,2.73,30160.53,2.75,30438.23,2.73,30164.03
2026-04-20 19:30:00,2.7,29812.6,2.75,30330.36,2.7,29755.02
2026-04-20 19:31:00,2.74,30282.29,2.76,30549.21,2.7,29716.17
2026-04-20 19:32:00,2.71,29860.58,2.72,30046.65,2.74,30300.16
2026-04-20 19:33:00,2.75,30396.3,2.71,29931.39,2.73,30092.23
2026-04-20 19:34:00,2.72,29973.14,2.76,30509.75,2.68,29500.84
2026-04-20 19:35:00,2.72,29951.63,2.77,30673.56,2.69,29685.73
2026-04-20 19:36:00,2.7,29766.9,2.73,30177.16,2.71,29830.02
2026-04-20 19:37:00,2.74,30217.9,2.75,30389.79,2.7,29793.74
2026-04-20 19:38:00,2.69,29582.3,2.74,30276.06,2.72,30013.88
2026-04-20 19:39:00,2.75,30411.04,2.73,30126.57,2.69,29589.94
2026-04-20 19:40:00,2.71,29869.4,2.76,30496.73,2.71,29897.91
2026-04-20 19:41:00,2.7,29794.05,2.74,30205.14,2.71,29852.02
2026-04-20 19:42:00,2.71,29860.55,2.77,30575.41,2.74,30263.59
2026-04-20 19:43:00,2.69,29694.0,2.7,29814.05,2.74,30203.84
2026-04-20 19:44:00,2.71,29835.8,2.72,30035.21,2.69,29616.59
2026-04-20 19:45:00,2.75,30357.46,2.77,30620.1,2.69,29588.62
2026-04-20 19:46:00,2.75,30375.16,2.71,29835.62,2.71,29855.99
2026-04-20 19:47:00,2.73,30173.72,2.77,30592.69,2.74,30210.38
2026-04-20 19:48:00,2.69,29629.74,2.74,30196.98,2.75,30362.7
2026-04-20 19:49:00,2.72,30044.44,2.71,29904.07,2.69,29624.71
2026-04-20 19:50:00,2.72,29999.45,2.77,30576.1,2.74,30276.18
2026-04-20 19:51:00,2.76,30507.95,2.73,30119.7,2.71,29917.56
2026-04-20 19:52:00,2.73,30191.73,2.72,30058.19,2.74,30235.32
2026-04-20 19:53:00,2.71,29866.91,2.76,30487.47,2.72,30052.26
2026-04-20 19:54:00,2.7,29797.18,2.72,30065.17,2.69,29668.46
2026-04-20 19:55:00,2.7,29751.58,2.77,30668.95,2.73,30094.76
2026-04-20 19:56:00,2.76,30480.65,2.71,29918.8,2.74,30210.11
2026-04-20 19:57:00,2.73,30152.5,2.78,30783.15,2.74,30238.35
2026-04-20 19:58:00,2.69,29657.03,2.71,29894.55,2.71,29848.12
2026-04-20 19:59:00,2.71,29889.02,2.76,30488.81,2.73,30118.59
2026-04-20 20:00:00,2.7,29716.64,2.76,30471.55,2.71,29881.01
2026-04-20 20:01:00,2.76,30549.75,2.75,30348.0,2.71,29839.46
2026-04-20 20:02:00,2.74,30300.22,2.71,29934.12,2.73,30116.69
2026-04-20 20:03:00,2.75,30434.07,2.72,29991.55,2.72,29960.78
2026-04-20 20:04:00,2.75,30324.42,2.77,30588.11,2.73,30175.56
2026-04-20 20:05:00,2.72,30028.95,2.75,30328.59,2.72,29966.3
2026-04-20 20:06:00,2.75,30428.13,2.78,30707.6,2.69,29622.15
2026-04-20 20:07:00,2.72,29957.9,2.75,30345.38,2.72,29950.42
2026-04-20 20:08:00,2.75,30361.83,2.74,30225.5,2.74,30195.79
2026-04-20 20:09:00,2.71,29888.92,2.76,30446.26,2.76,30506.32
2026-04-20 20:10:00,2.73,30074.15,2.72,29984.04,2.71,29906.11
2026-04-20 20:11:00,2.75,30400.0,2.72,30015.12,2.75,30349.98
2026-04-20 20:12:00,2.7,29788.96,2.74,30207.73,2.71,29912.96
2026-04-20 20:13:00,2.76,30473.3,2.73,30121.72,2.75,30426.49
2026-04-20 20:14:00,2.72,30014.94,2.78,30743.47,2.69,29681.49
2026-04-20 20:15:00,2.74,30312.37,2.72,29989.06,2.76,30547.37
2026-04-20 20:16:00,2.73,30191.07,2.71,29912.07,2.76,30531.8
2026-04-20 20:17:00,2.75,30409.23,2.76,30497.85,2.7,29800.71
2026-04-20 20:18:00,2.71,29825.11,2.71,29936.31,2.71,29853.92
2026-04-20 20:19:00,2.74,30225.87,2.73,30071.44,2.69,29696.78
2026-04-20 20:20:00,2.7,29820.0,2.76,30458.41,2.74,30231.27
2026-04-20 20:21:00,2.77,30656.21,2.78,30724.56,2.76,30453.76
2026-04-20 20:22:00,2.74,30236.83,2.75,30328.69,2.75,30324.77
2026-04-20 20:23:00,2.74,30242.95,2.73,30086.98,2.77,30584.57
2026-04-20 20:24:00,2.77,30589.54,2.78,30794.73,2.76,30508.91
2026-04-20 20:25:00,2.74,30273.75,2.76,30470.21,2.73,30084.6
2026-04-20 20:26:00,2.76,30519.71,2.72,29953.71,2.72,30066.29
2026-04-20 20:27:00,2.72,30031.1,2.74,30225.49,2.74,30303.82
2026-04-20 20:28:00,2.75,30318.26,2.77,30572.13,2.71,29937.09
2026-04-20 20:29:00,2.77,30660.01,2.76,30563.58,2.76,30478.19
2026-04-20 20:30:00,2.77,30569.8,2.73,30141.64,2.75,30392.08
2026-04-20 20:31:00,2.77,30589.9,2.75,30432.83,2.71,29942.52
2026-04-20 20:32:00,2.75,30354.2,2.78,30726.88,2.71,29874.39
2026-04-20 20:33:00,2.76,30475.25,2.76,30508.48,2.73,30140.96
2026-04-20 20:34:00,2.75,30331.56,2.74,30235.33,2.76,30451.02
2026-04-20 20:35:00,2.72,30026.84,2.73,30188.72,2.73,30138.55
2026-04-20 20:36:00,2.77,30597.93,2.73,30114.07,2.71,29880.66
2026-04-20 20:37:00,2.74,30225.67,2.73,30074.99,2.72,30061.0
2026-04-20 20:38:00,2.75,30353.97,2.73,30071.82,2.72,29975.36
2026-04-20 20:39:00,2.73,30183.65,2.78,30784.55,2.75,30367.45
2026-04-20 20:40:00,2.76,30475.6,2.72,29978.37,2.7,29794.21
2026-04-20 20:41:00,2.7,29815.42,2.77,30616.84,2.72,30057.81
2026-04-20 20:42:00,2.75,30325.17,2.79,30830.08,2.76,30460.68
2026-04-20 20:43:00,2.77,30658.05,2.78,30709.09,2.74,30243.02
2026-04-20 20:44:00,2.72,29992.32,2.77,30668.06,2.75,30441.06
2026-04-20 20:45:00,2.76,30468.31,2.75,30383.79,2.74,30213.14
2026-04-20 20:46:00,2.73,30171.12,2.75,30405.73,2.71,29867.19
2026-04-20 20:47:00,2.77,30589.61,2.77,30638.06,2.77,30571.35
2026-04-20 20:48:00,2.75,30336.94,2.74,30249.85,2.71,29926.85
2026-04-20 20:49:00,2.76,30459.26,2.72,30039.7,2.73,30159.75
2026-04-20 20:50:00,2.72,30064.26,2.79,30873.99,2.75,30321.75
2026-04-20 20:51:00,2.74,30206.53,2.73,30166.08,2.76,30467.22
2026-04-20 20:52:00,2.77,30660.02,2.75,30326.25,2.71,29920.4
2026-04-20 20:53:00,2.77,30597.4,2.79,30915.3,2.72,30064.81
2026-04-20 20:54:00,2.76,30473.28,2.79,30909.86,2.75,30389.82
2026-04-20 20:55:00,2.72,30055.85,2.78,30742.53,2.72,30068.77
2026-04-20 20:56:00,2.74,30215.9,2.75,30424.39,2.71,29916.51
2026-04-20 20:57:00,2.75,30341.98,2.76,30535.52,2.77,30601.33
2026-04-20 20:58:00,2.75,30367.86,2.76,30472.33,2.73,30092.76
2026-04-20 20:59:00,2.71,29934.82,2.73,30120.6,2.76,30540.84
2026-04-20 21:00:00,2.72,30024.47,2.74,30285.18,2.74,30204.8
2026-04-20 21:01:00,2.76,30451.17,2.75,30431.24,2.74,30243.28
2026-04-20 21:02:00,2.75,30403.71,2.76,30495.24,2.77,30685.75
2026-04-20 21:03:00,2.78,30745.72,2.78,30755.8,2.74,30295.2
2026-04-20 21:04:00,2.75,30390.44,2.75,30415.45,2.72,29997.79
2026-04-20 21:05:00,2.74,30300.3,2.78,30742.27,2.75,30432.55
2026-04-20 21:06:00,2.76,30529.14,2.75,30339.29,2.78,30714.65
2026-04-20 21:07:00,2.73,30182.77,2.75,30378.47,2.76,30495.96
2026-04-20 21:08:00,2.73,30188.12,2.76,30537.12,2.71,29943.06
2026-04-20 21:09:00,2.77,30684.12,2.76,30449.13,2.72,29982.25
2026-04-20 21:10:00,2.72,29995.5,2.73,30168.64,2.78,30696.21
2026-04-20 21:11:00,2.78,30691.93,2.77,30637.25,2.74,30253.05
2026-04-20 21:12:00,2.72,29980.27,2.75,30341.39,2.77,30663.14
2026-04-20 21:13:00,2.78,30730.06,2.75,30426.61,2.72,30056.93
2026-04-20 21:14:00,2.78,30802.41,2.75,30426.84,2.74,30287.53
2026-04-20 21:15:00,2.77,30689.89,2.78,30762.22,2.7,29821.97
2026-04-20 21:16:00,2.73,30125.42,2.8,31029.5,2.75,30380.99
2026-04-20 21:17:00,2.77,30598.57,2.76,30551.36,2.71,29913.31
2026-04-20 21:18:00,2.77,30660.42,2.8,31022.88,2.75,30399.42
2026-04-20 21:19:00,2.76,30454.16,2.8,30980.81,2.72,30041.25
2026-04-20 21:20:00,2.72,30029.21,2.79,30900.75,2.74,30280.04
2026-04-20 21:21:00,2.78,30750.53,2.78,30750.71,2.75,30370.66
2026-04-20 21:22:00,2.72,30010.02,2.78,30796.93,2.73,30121.82
2026-04-20 21:23:00,2.73,30161.92,2.73,30183.05,2.73,30074.56
2026-04-20 21:24:00,2.74,30243.08,2.75,30320.15,2.76,30551.87
2026-04-20 21:25:00,2.79,30860.69,2.79,30847.37,2.78,30710.07
2026-04-20 21:26:00,2.75,30407.37,2.79,30842.69,2.72,30021.01
2026-04-20 21:27:00,2.77,30620.59,2.75,30412.86,2.77,30585.32
2026-04-20 21:28:00,2.78,30737.31,2.8,30983.6,2.77,30657.65
2026-04-20 21:29:00,2.79,30829.09,2.75,30370.9,2.71,29855.08
2026-04-20 21:30:00,2.8,30939.99,2.75,30391.02,2.73,30085.47
2026-04-20 21:31:00,2.8,30949.1,2.8,30987.76,2.73,30169.08
2026-04-20 21:32:00,2.77,30573.19,2.74,30315.9,2.75,30358.05
2026-04-20 21:33:00,2.77,30632.04,2.78,30694.21,2.77,30680.89
2026-04-20 21:34:00,2.78,30737.77,2.79,30858.28,2.73,30124.9
2026-04-20 21:35:00,2.75,30345.48,2.76,30505.95,2.72,30031.95
2026-04-20 21:36:00,2.75,30430.38,2.8,30991.79,2.76,30542.66
2026-04-20 21:37:00,2.72,30063.99,2.74,30311.07,2.73,30174.09
2026-04-20 21:38:00,2.74,30260.79,2.8,31058.01,2.77,30652.46
2026-04-20 21:39:00,2.74,30216.95,2.8,30959.04,2.75,30361.57
2026-04-20 21:40:00,2.77,30649.23,2.81,31115.8,2.73,30180.14
2026-04-20 21:41:00,2.75,30363.97,2.77,30605.98,2.73,30137.42
2026-04-20 21:42:00,2.78,30699.18,2.79,30851.09,2.76,30561.37
2026-04-20 21:43:00,2.75,30345.61,2.79,30823.83,2.72,29959.23
2026-04-20 21:44:00,2.73,30150.22,2.76,30527.56,2.72,29950.4
2026-04-20 21:45:00,2.74,30208.04,2.8,30990.99,2.73,30151.74
2026-04-20 21:46:00,2.79,30879.61,2.74,30288.99,2.72,30061.86
2026-04-20 21:47:00,2.78,30718.2,2.79,30908.12,2.72,29957.79
2026-04-20 21:48:00,2.74,30264.23,2.79,30921.09,2.77,30601.98
2026-04-20 21:49:00,2.77,30609.18,2.75,30368.53,2.74,30281.79
2026-04-20 21:50:00,2.76,30504.42,2.81,31128.05,2.74,30215.89
2026-04-20 21:51:00,2.73,30149.58,2.81,31102.94,2.74,30280.55
2026-04-20 21:52:00,2.77,30675.78,2.8,30998.24,2.73,30134.84
2026-04-20 21:53:00,2.73,30155.25,2.78,30691.63,2.79,30911.85
2026-04-20 21:54:00,2.79,30872.52,2.78,30808.1,2.74,30256.6
2026-04-20 21:55:00,2.74,30303.86,2.75,30369.36,2.77,30587.16
2026-04-20 21:56:00,2.74,30246.6,2.77,30688.6,2.75,30429.89
2026-04-20 21:57:00,2.75,30427.21,2.75,30379.31,2.78,30700.39
2026-04-20 21:58:00,2.73,30184.62,2.8,30963.32,2.73,30085.21
2026-04-20 21:59:00,2.76,30473.4,2.79,30833.34,2.79,30879.35
2026-04-20 22:00:00,2.8,31012.61,2.81,31097.93,2.73,30072.71
2026-04-20 22:01:00,2.75,30341.82,2.81,31156.68,2.72,29977.86
2026-04-20 22:02:00,2.77,30634.95,2.79,30887.09,2.77,30666.77
2026-04-20 22:03:00,2.78,30762.4,2.76,30455.33,2.75,30360.12
2026-04-20 22:04:00,2.78,30727.08,2.81,31177.14,2.75,30348.09
2026-04-20 22:05:00,2.77,30578.22,2.81,31082.6,2.79,30834.25
2026-04-20 22:06:00,2.8,31030.18,2.81,31065.63,2.74,30276.92
2026-04-20 22:07:00,2.73,30127.69,2.77,30614.02,2.73,30168.47
2026-04-20 22:08:00,2.75,30393.45,2.77,30587.27,2.75,30392.85
2026-04-20 22:09:00,2.78,30709.12,2.79,30842.04,2.76,30538.74
2026-04-20 22:10:00,2.8,30951.96,2.79,30869.95,2.78,30805.92
2026-04-20 22:11:00,2.8,30990.52,2.8,30944.63,2.74,30303.11
2026-04-20 22:12:00,2.73,30158.26,2.75,30424.43,2.78,30757.58
2026-04-20 22:13:00,2.75,30412.04,2.75,30428.57,2.77,30688.19
2026-04-20 22:14:00,2.76,30480.77,2.78,30800.67,2.72,30011.58
2026-04-20 22:15:00,2.76,30485.44,2.79,30845.0,2.75,30405.56
2026-04-20 22:16:00,2.8,31044.0,2.77,30656.46,2.75,30354.12
2026-04-20 22:17:00,2.79,30829.33,2.75,30417.24,2.75,30422.12
2026-04-20 22:18:00,2.75,30438.8,2.77,30623.7,2.74,30268.7
2026-04-20 22:19:00,2.79,30883.82,2.79,30907.44,2.76,30477.89
2026-04-20 22:20:00,2.75,30326.3,2.82,31205.08,2.78,30723.94
2026-04-20 22:21:00,2.76,30465.38,2.79,30918.24,2.75,30380.45
2026-04-20 22:22:00,2.81,31069.18,2.75,30389.57,2.75,30385.73
2026-04-20 22:23:00,2.78,30746.8,2.79,30878.21,2.74,30285.41
2026-04-20 22:24:00,2.78,30738.93,2.75,30425.98,2.75,30371.63
2026-04-20 22:25:00,2.79,30832.1,2.81,31170.26,2.78,30746.93
2026-04-20 22:26:00,2.8,30960.72,2.75,30355.45,2.75,30356.55
2026-04-20 22:27:00,2.78,30730.5,2.78,30799.41,2.73,30174.63
2026-04-20 22:28:00,2.79,30887.91,2.82,31226.54,2.8,30962.35
2026-04-20 22:29:00,2.75,30385.33,2.76,30506.25,2.75,30403.9
2026-04-20 22:30:00,2.77,30678.2,2.76,30554.79,2.8,30970.72
2026-04-20 22:31:00,2.8,30973.04,2.77,30607.95,2.77,30649.78
2026-04-20 22:32:00,2.78,30773.07,2.82,31303.51,2.8,31002.07
2026-04-20 22:33:00,2.79,30870.48,2.75,30432.25,2.77,30644.96
2026-04-20 22:34:00,2.78,30740.42,2.75,30414.72,2.76,30456.48
2026-04-20 22:35:00,2.79,30919.72,2.76,30497.66,2.8,30961.54
2026-04-20 22:36:00,2.8,31033.94,2.77,30574.19,2.74,30245.76
2026-04-20 22:37:00,2.77,30622.24,2.81,31155.63,2.79,30934.88
2026-04-20 22:38:00,2.75,30406.42,2.8,31055.78,2.79,30844.18
2026-04-20 22:39:00,2.79,30822.54,2.76,30460.44,2.75,30398.72
2026-04-20 22:40:00,2.81,31065.31,2.82,31294.86,2.76,30484.13
2026-04-20 22:41:00,2.75,30384.82,2.83,31349.3,2.8,31038.59
2026-04-20 22:42:00,2.81,31105.32,2.79,30897.73,2.79,30896.39
2026-04-20 22:43:00,2.75,30426.62,2.82,31194.03,2.74,30228.38
2026-04-20 22:44:00,2.8,31050.62,2.82,31254.35,2.78,30805.84
2026-04-20 22:45:00,2.81,31092.96,2.75,30402.81,2.76,30488.58
2026-04-20 22:46:00,2.77,30630.92,2.76,30492.72,2.79,30908.89
2026-04-20 22:47:00,2.77,30610.53,2.82,31214.77,2.8,30993.21
2026-04-20 22:48:00,2.81,31111.35,2.77,30684.41,2.8,31006.7
2026-04-20 22:49:00,2.76,30560.77,2.77,30607.72,2.81,31094.97
2026-04-20 22:50:00,2.76,30545.87,2.78,30705.03,2.75,30388.81
2026-04-20 22:51:00,2.78,30718.96,2.77,30592.91,2.81,31090.26
2026-04-20 22:52:00,2.78,30763.97,2.76,30456.84,2.79,30847.19
2026-04-20 22:53:00,2.76,30531.49,2.82,31253.62,2.74,30290.11
2026-04-20 22:54:00,2.81,31064.28,2.83,31315.47,2.8,31012.39
2026-04-20 22:55:00,2.79,30907.56,2.79,30819.52,2.76,30454.92
2026-04-20 22:56:00,2.8,31037.09,2.76,30465.68,2.81,31107.28
2026-04-20 22:57:00,2.81,31126.44,2.81,31155.09,2.8,31016.32
2026-04-20 22:58:00,2.76,30470.95,2.78,30731.06,2.76,30563.0
2026-04-20 22:59:00,2.79,30823.08,2.83,31330.56,2.77,30613.39
2026-04-20 23:00:00,2.8,30998.22,2.79,30871.32,2.81,31081.29
2026-04-20 23:01:00,2.82,31198.31,2.76,30515.15,2.75,30373.38
2026-04-20 23:02:00,2.81,31073.68,2.81,31088.56,2.79,30859.6
2026-04-20 23:03:00,2.82,31201.26,2.79,30869.01,2.8,31003.11
2026-04-20 23:04:00,2.78,30733.72,2.78,30762.45,2.75,30326.04
2026-04-20 23:05:00,2.8,31024.86,2.77,30576.95,2.8,31024.13
2026-04-20 23:06:00,2.77,30623.61,2.81,31135.39,2.79,30870.72
2026-04-20 23:07:00,2.75,30422.33,2.8,31036.86,2.77,30599.65
2026-04-20 23:08:00,2.78,30794.99,2.81,31077.49,2.76,30561.67
2026-04-20 23:09:00,2.78,30786.82,2.8,30995.76,2.78,30776.46
2026-04-20 23:10:00,2.82,31251.14,2.78,30690.51,2.77,30595.34
2026-04-20 23:11:00,2.78,30793.58,2.82,31291.48,2.8,30967.56
2026-04-20 23:12:00,2.8,31047.19,2.8,31015.93,2.77,30592.79
2026-04-20 23:13:00,2.78,30710.32,2.84,31446.36,2.78,30800.44
2026-04-20 23:14:00,2.79,30858.67,2.82,31255.38,2.78,30795.93
2026-04-20 23:15:00,2.78,30770.44,2.79,30887.82,2.79,30815.82
2026-04-20 23:16:00,2.77,30650.15,2.82,31203.47,2.77,30609.86
2026-04-20 23:17:00,2.8,31020.83,2.77,30652.29,2.77,30614.61
2026-04-20 23:18:00,2.79,30843.6,2.83,31363.94,2.8,31043.02
2026-04-20 23:19:00,2.82,31233.8,2.8,30969.45,2.78,30741.26
2026-04-20 23:20:00,2.81,31174.41,2.79,30822.74,2.79,30834.29
2026-04-20 23:21:00,2.79,30849.63,2.84,31499.04,2.8,31030.04
2026-04-20 23:22:00,2.81,31082.37,2.8,31009.56,2.78,30789.6
2026-04-20 23:23:00,2.76,30543.41,2.78,30783.5,2.8,31017.18
2026-04-20 23:24:00,2.8,31027.61,2.84,31449.76,2.81,31112.66
2026-04-20 23:25:00,2.78,30752.04,2.83,31373.87,2.74,30313.53
2026-04-20 23:26:00,2.81,31089.26,2.8,30958.23,2.8,30972.58
2026-04-20 23:27:00,2.79,30833.14,2.83,31326.13,2.79,30883.91
2026-04-20 23:28:00,2.78,30779.78,2.77,30674.76,2.75,30351.11
2026-04-20 23:29:00,2.79,30840.24,2.78,30745.47,2.78,30702.64
2026-04-20 23:30:00,2.83,31337.05,2.81,31083.83,2.78,30794.85
2026-04-20 23:31:00,2.8,30975.78,2.8,31020.6,2.79,30854.96
2026-04-20 23:32:00,2.76,30560.3,2.83,31342.33,2.76,30556.42
2026-04-20 23:33:00,2.79,30848.14,2.78,30757.34,2.76,30527.22
2026-04-20 23:34:00,2.77,30655.79,2.79,30930.36,2.8,31007.9
2026-04-20 23:35:00,2.82,31254.2,2.79,30846.63,2.75,30406.46
2026-04-20 23:36:00,2.79,30832.55,2.78,30783.68,2.81,31069.3
2026-04-20 23:37:00,2.81,31064.6,2.78,30709.44,2.78,30736.57
2026-04-20 23:38:00,2.78,30787.6,2.84,31453.14,2.75,30375.54
2026-04-20 23:39:00,2.8,30959.01,2.77,30663.13,2.8,30953.92
2026-04-20 23:40:00,2.8,30967.79,2.79,30870.5,2.82,31236.07
2026-04-20 23:41:00,2.8,30984.63,2.8,30970.83,2.78,30762.59
2026-04-20 23:42:00,2.81,31083.57,2.84,31459.93,2.8,30940.6
2026-04-20 23:43:00,2.77,30655.31,2.82,31214.25,2.81,31068.02
2026-04-20 23:44:00,2.82,31280.71,2.78,30793.18,2.75,30419.47
2026-04-20 23:45:00,2.79,30936.37,2.79,30866.99,2.82,31279.51
2026-04-20 23:46:00,2.79,30915.29,2.78,30770.84,2.8,31014.88
2026-04-20 23:47:00,2.77,30598.1,2.81,31121.7,2.81,31071.26
2026-04-20 23:48:00,2.78,30726.95,2.84,31504.62,2.82,31234.43
2026-04-20 23:49:00,2.76,30560.68,2.83,31339.1,2.79,30876.4
2026-04-20 23:50:00,2.76,30541.63,2.79,30865.29,2.79,30893.74
2026-04-20 23:51:00,2.78,30767.74,2.83,31392.58,2.78,30786.69
2026-04-20 23:52:00,2.83,31402.13,2.83,31344.5,2.79,30914.0
2026-04-20 23:53:00,2.76,30533.67,2.81,31072.72,2.79,30854.99
2026-04-20 23:54:00,2.8,31007.82,2.83,31431.36,2.79,30849.75
2026-04-20 23:55:00,2.8,31040.44,2.8,31007.71,2.78,30700.72
2026-04-20 23:56:00,2.82,31252.25,2.79,30911.47,2.78,30743.95
2026-04-20 23:57:00,2.83,31420.75,2.78,30787.53,2.77,30688.79
2026-04-20 23:58:00,2.77,30597.23,2.83,31312.2,2.81,31166.6
2026-04-20 23:59:00,2.78,30778.06,2.81,31107.41,2.76,30550.47
